,gene,subject,PID,alnLength,mismatchCount,gapOpenCount,queryStart,queryEnd,subjectStart,subjectEnd,eVal,bitScore,gene_length,COV,BBH
2,ZCP4_0002,b3352,44.127,630,341,5,1,621,1,628,0.0,531.0,621,1.0144927536231885,<=>
144,ZCP4_0005,b0786,43.498,223,122,2,24,242,12,234,1.26e-54,172.0,242,0.9214876033057852,<=>
149,ZCP4_0008,b0168,52.016,248,117,2,18,263,2,249,3.2399999999999997e-90,265.0,276,0.8985507246376812,<=>
153,ZCP4_0010,b1959,28.682,258,157,9,28,275,18,258,0.000159,39.7,318,0.8113207547169812,<=>
154,ZCP4_0011,b0932,47.405,867,441,6,9,862,5,869,0.0,780.0,867,1.0,<=>
155,ZCP4_0012,b3012,43.911,271,147,3,9,278,7,273,1.02e-78,237.0,281,0.9644128113879004,<=>
162,ZCP4_0014,b2475,46.732,306,142,5,1,304,1,287,1.42e-88,263.0,306,1.0,<=>
169,ZCP4_0017,b3439,40.435,230,130,4,1,228,1,225,2.7299999999999995e-54,171.0,235,0.9787234042553191,<=>
209,ZCP4_0019,b1004,55.051,198,86,3,1,197,1,196,5.899999999999999e-68,203.0,200,0.99,<=>
210,ZCP4_0020,b1056,35.326,184,112,3,14,197,8,184,6.8e-31,108.0,204,0.9019607843137255,<=>
228,ZCP4_0026,b3205,36.842,285,172,3,20,303,3,280,5.71e-56,180.0,323,0.8823529411764706,<=>
256,ZCP4_0029,b3912,42.035,226,128,2,5,230,4,226,6.700000000000001e-43,142.0,235,0.9617021276595744,<=>
285,ZCP4_0030,b2508,56.159,479,208,2,7,484,9,486,6.7e-180,510.0,485,0.9876288659793815,<=>
291,ZCP4_0033,b2986,43.379,219,123,1,13,231,7,224,5.2199999999999995e-61,188.0,240,0.9125,<=>
294,ZCP4_0034,b2984,40.611,229,133,2,8,235,5,231,3.74e-60,187.0,256,0.89453125,<=>
298,ZCP4_0037,b0051,35.115,262,160,6,16,272,7,263,4.3899999999999995e-40,137.0,278,0.9424460431654677,<=>
299,ZCP4_0038,b0052,36.308,325,203,3,4,326,7,329,1.34e-60,194.0,335,0.9701492537313433,<=>
307,ZCP4_0043,b4122,31.679,524,303,19,15,505,45,546,1.02e-61,208.0,507,1.0335305719921104,<=>
311,ZCP4_0048,b0630,30.964,197,131,2,11,207,12,203,1.8e-36,124.0,216,0.9120370370370371,<=>
316,ZCP4_0051,b2777,29.918,244,115,10,5,216,3,222,3.12e-16,71.6,217,1.1244239631336406,<=>
319,ZCP4_0055,b1195,40.476,84,47,2,1,81,1,84,2.33e-10,48.9,82,1.024390243902439,<=>
321,ZCP4_0056,b0845,25.691,362,252,7,12,360,21,378,3.5099999999999994e-23,96.7,373,0.9705093833780161,<=>
324,ZCP4_0060,b2151,34.304,309,194,6,29,333,1,304,4.46e-41,145.0,374,0.8262032085561497,<=>
337,ZCP4_0061,b1094,60.256,78,31,0,1,78,1,78,2.79e-29,96.7,78,1.0,<=>
338,ZCP4_0062,b1095,51.551,419,193,5,2,419,4,413,2.3e-132,384.0,420,0.9976190476190476,<=>
340,ZCP4_0063,b1097,33.784,296,177,4,39,317,37,330,1.3199999999999999e-48,163.0,323,0.9164086687306502,<=>
344,ZCP4_0067,b1746,48.472,458,226,4,6,457,18,471,4.55e-150,434.0,469,0.976545842217484,<=>
356,ZCP4_0069,b3617,34.218,377,237,5,34,402,25,398,1.0499999999999998e-68,219.0,403,0.9354838709677419,<=>
358,ZCP4_0072,b2507,55.513,526,228,3,6,526,1,525,0.0,595.0,526,1.0,<=>
364,ZCP4_0074,b4478,31.186,388,224,12,1,379,1,354,2.86e-44,154.0,393,0.9872773536895675,<=>
367,ZCP4_0075,b0933,54.783,230,103,1,8,236,14,243,4.86e-78,233.0,240,0.9583333333333334,<=>
459,ZCP4_0076,b0934,48.971,243,123,1,29,270,14,256,9.49e-75,226.0,277,0.8772563176895307,<=>
463,ZCP4_0077,b0936,26.042,288,196,7,56,336,29,306,3.6699999999999995e-23,95.1,352,0.8181818181818182,<=>
473,ZCP4_0079,b2199,45.249,221,119,1,3,223,7,225,7.26e-60,186.0,238,0.9285714285714286,<=>
475,ZCP4_0082,b2196,43.311,598,325,6,54,642,53,645,2.0799999999999998e-147,439.0,648,0.9228395061728395,<=>
477,ZCP4_0083,b2195,30.519,154,106,1,10,162,13,166,5.28e-22,85.1,176,0.875,<=>
480,ZCP4_0089,b4506,51.22,41,20,0,1,41,1,41,1.23e-10,47.0,41,1.0,<=>
481,ZCP4_0092,b0755,55.556,225,97,1,4,225,6,230,1.6000000000000001e-87,256.0,228,0.9868421052631579,<=>
484,ZCP4_0093,b1380,49.849,331,164,2,1,331,1,329,9.16e-121,348.0,331,1.0,<=>
489,ZCP4_0094,b1478,79.464,336,69,0,83,418,1,336,0.0,507.0,419,0.801909307875895,<=>
508,ZCP4_0096,b0420,50.958,626,291,7,6,628,7,619,0.0,620.0,649,0.9645608628659477,<=>
509,ZCP4_0097,b2049,49.057,477,230,5,2,470,6,477,4.55e-159,456.0,470,1.0148936170212766,<=>
519,ZCP4_0103,b2053,47.911,359,147,6,1,323,1,355,2.9e-113,330.0,327,1.0978593272171253,<=>
523,ZCP4_0105,b2892,36.219,566,334,15,32,583,22,574,7.77e-93,293.0,586,0.9658703071672355,<=>
525,ZCP4_0107,b1325,42.947,319,180,1,5,321,2,320,1.35e-83,253.0,331,0.9637462235649547,<=>
527,ZCP4_0109,b4202,60.563,71,27,1,1,71,1,70,1.82e-26,89.4,74,0.9594594594594594,<=>
529,ZCP4_0111,b1092,44.518,301,162,2,3,302,5,301,1.4199999999999999e-69,216.0,311,0.9678456591639871,<=>
530,ZCP4_0112,b1093,57.377,244,104,0,2,245,1,244,4.68e-93,271.0,245,0.9959183673469387,<=>
550,ZCP4_0116,b3839,36.22,254,154,5,13,262,4,253,2.7e-50,163.0,262,0.9694656488549618,<=>
561,ZCP4_0122,b4025,40.672,536,273,10,8,502,10,541,1.26e-124,372.0,507,1.057199211045365,<=>
562,ZCP4_0123,b3500,39.161,429,256,4,24,448,23,450,8.31e-100,303.0,448,0.9575892857142857,<=>
571,ZCP4_0125,b3747,46.538,621,330,2,27,646,3,622,0.0,578.0,652,0.9524539877300614,<=>
580,ZCP4_0131,b2532,32.906,234,149,5,8,235,7,238,1.61e-30,110.0,243,0.9629629629629629,<=>
583,ZCP4_0132,b0413,45.205,146,79,1,1,145,1,146,2.09e-41,132.0,156,0.9358974358974359,<=>
584,ZCP4_0133,b2551,53.957,417,183,3,12,426,7,416,6.59e-147,421.0,429,0.972027972027972,<=>
585,ZCP4_0134,b4090,38.298,141,87,0,11,151,2,142,8.87e-35,115.0,157,0.8980891719745223,<=>
589,ZCP4_0137,b1828,44.626,428,236,1,15,441,5,432,3.8500000000000005e-117,348.0,470,0.9106382978723404,<=>
603,ZCP4_0138,b3059,38.35,206,113,2,3,208,1,192,7.290000000000001e-32,112.0,212,0.9716981132075472,<=>
610,ZCP4_0141,b0826,40.984,244,142,2,3,246,4,245,2.66e-61,190.0,252,0.9682539682539683,<=>
613,ZCP4_0142,b3640,41.497,147,83,2,2,145,4,150,2.86e-29,101.0,146,1.0068493150684932,<=>
614,ZCP4_0143,b3639,42.506,407,220,7,5,405,3,401,3.6599999999999997e-92,281.0,417,0.9760191846522782,<=>
616,ZCP4_0145,b3833,44.898,245,129,3,2,241,7,250,5.82e-68,207.0,242,1.012396694214876,<=>
619,ZCP4_0147,b3635,42.491,273,150,5,1,270,1,269,4.71e-68,209.0,270,1.011111111111111,<=>
626,ZCP4_0152,b1208,34.686,271,156,9,10,274,9,264,5.13e-30,111.0,282,0.9609929078014184,<=>
627,ZCP4_0154,b4167,32.017,481,278,14,33,474,25,495,1.51e-46,166.0,484,0.993801652892562,<=>
628,ZCP4_0155,b2785,29.459,370,228,11,45,397,79,432,4.3699999999999995e-34,128.0,397,0.9319899244332494,<=>
687,ZCP4_0161,b1745,42.623,427,237,3,5,423,5,431,4.09e-114,338.0,424,1.0070754716981132,<=>
688,ZCP4_0162,b1107,30.0,340,214,11,1,330,1,326,5.14e-37,133.0,344,0.9883720930232558,<=>
690,ZCP4_0166,b2699,67.29,321,105,0,17,337,6,326,2.92e-167,468.0,354,0.9067796610169492,<=>
692,ZCP4_0168,b0399,49.115,226,115,0,3,228,2,227,2.94e-76,227.0,231,0.9783549783549783,<=>
721,ZCP4_0169,b3724,33.645,214,138,3,9,220,9,220,5.81e-37,127.0,237,0.9029535864978903,<=>
746,ZCP4_0175,b0169,56.17,235,102,1,3,236,1,235,1.1899999999999999e-94,275.0,250,0.94,<=>
747,ZCP4_0176,b0170,45.395,304,139,8,1,303,1,278,2.78e-65,204.0,307,0.990228013029316,<=>
748,ZCP4_0177,b0171,45.957,235,127,0,4,238,6,240,8.32e-72,216.0,242,0.9710743801652892,<=>
750,ZCP4_0178,b0172,48.876,178,91,0,6,183,6,183,2.1e-53,165.0,185,0.9621621621621622,<=>
751,ZCP4_0179,b0174,48.347,242,123,1,8,247,4,245,1.05e-76,229.0,248,0.9758064516129032,<=>
754,ZCP4_0181,b0173,51.169,385,175,4,5,376,2,386,1.99e-127,369.0,388,0.9922680412371134,<=>
760,ZCP4_0185,b0180,49.624,133,67,0,14,146,8,140,9.16e-43,136.0,158,0.8417721518987342,<=>
762,ZCP4_0186,b3936,42.647,68,35,2,1,68,1,64,3.03e-13,55.8,75,0.9066666666666666,<=>
764,ZCP4_0189,b0888,54.984,311,129,6,9,311,7,314,4.44e-117,337.0,319,0.9749216300940439,<=>
770,ZCP4_0191,b0078,41.509,159,90,3,9,166,2,158,3.5999999999999997e-34,115.0,170,0.9352941176470588,<=>
772,ZCP4_0192,b0077,48.947,570,279,6,5,567,4,568,0.0,560.0,595,0.957983193277311,<=>
778,ZCP4_0193,b4171,37.895,285,169,4,13,291,13,295,3.78e-56,181.0,312,0.9134615384615384,<=>
782,ZCP4_0195,b3518,44.105,458,244,6,9,462,8,457,1.2300000000000001e-132,389.0,481,0.9521829521829522,<=>
783,ZCP4_0196,b4235,36.404,456,272,5,10,457,5,450,3.19e-92,284.0,457,0.9978118161925602,<=>
785,ZCP4_0198,b0339,34.928,209,126,4,4,209,1,202,4.03e-34,118.0,209,1.0,<=>
787,ZCP4_0199,b0628,49.495,297,145,2,1,296,19,311,1.9e-101,298.0,323,0.9195046439628483,<=>
789,ZCP4_0200,b2619,32.394,142,96,0,1,142,14,155,1.8e-28,99.8,147,0.9659863945578231,<=>
794,ZCP4_0204,b3260,39.117,317,193,0,16,332,1,317,1.24e-80,245.0,341,0.9296187683284457,<=>
819,ZCP4_0207,b3868,39.056,466,265,5,5,454,6,468,3.54e-100,305.0,475,0.9810526315789474,<=>
857,ZCP4_0212,b3212,45.01,1493,768,19,24,1494,2,1463,0.0,1193.0,1531,0.9751796211626388,<=>
864,ZCP4_0214,b3057,40.304,263,148,5,1,256,4,264,3.75e-60,189.0,267,0.9850187265917603,<=>
865,ZCP4_0217,b1109,47.356,435,220,4,9,441,7,434,1.07e-138,402.0,441,0.9863945578231292,<=>
868,ZCP4_0218,b1254,30.435,161,110,2,21,180,2,161,1.8000000000000001e-22,86.7,200,0.805,<=>
872,ZCP4_0221,b0889,41.958,143,83,0,7,149,12,154,1.06e-37,124.0,160,0.89375,<=>
901,ZCP4_0229,b3781,57.692,104,44,0,3,106,5,108,3.92e-44,136.0,106,0.9811320754716981,<=>
905,ZCP4_0230,b4179,32.84,743,458,13,7,732,12,730,5.17e-112,356.0,762,0.9750656167979003,<=>
907,ZCP4_0231,b2781,46.97,264,127,6,13,267,1,260,8.350000000000001e-75,226.0,273,0.967032967032967,<=>
908,ZCP4_0232,b4092,22.581,248,169,9,11,249,13,246,6.26e-08,49.3,254,0.9763779527559056,<=>
909,ZCP4_0233,b1100,41.634,257,142,4,1,253,2,254,7.45e-63,195.0,258,0.9961240310077519,<=>
919,ZCP4_0236,b1098,34.694,196,120,4,12,203,5,196,5.850000000000001e-27,99.8,216,0.9074074074074074,<=>
920,ZCP4_0237,b0839,34.555,382,231,8,16,389,13,383,5.3299999999999996e-61,199.0,400,0.955,<=>
925,ZCP4_0239,b2701,28.267,329,174,11,58,359,62,355,1.01e-22,94.7,361,0.9113573407202216,<=>
929,ZCP4_0242,b3532,31.034,696,436,15,67,740,86,759,4.2899999999999996e-98,318.0,771,0.9027237354085603,<=>
932,ZCP4_0247,b2606,60.345,116,41,1,2,117,3,113,7.9e-42,131.0,124,0.9354838709677419,<=>
933,ZCP4_0248,b2607,41.564,243,140,2,9,249,5,247,8.229999999999999e-61,189.0,249,0.9759036144578314,<=>
936,ZCP4_0251,b2610,54.741,464,197,4,1,463,1,452,1.1300000000000001e-169,482.0,474,0.9789029535864979,<=>
938,ZCP4_0252,b3809,39.033,269,153,5,4,261,2,270,2.95e-60,189.0,269,1.0,<=>
947,ZCP4_0261,b1306,28.704,108,68,2,7,114,9,107,2.5e-09,48.5,127,0.8503937007874016,<=>
949,ZCP4_0263,b1304,39.171,217,131,1,1,216,1,217,2.26e-49,158.0,222,0.9774774774774775,<=>
950,ZCP4_0265,b1303,49.271,343,152,4,3,345,5,325,1.07e-114,333.0,358,0.9581005586592178,<=>
963,ZCP4_0266,b1656,51.777,197,87,5,1,195,1,191,2.14e-65,197.0,208,0.9471153846153846,<=>
965,ZCP4_0267,b2303,29.915,117,80,2,20,136,3,117,6.88e-10,50.4,140,0.8357142857142857,<=>
967,ZCP4_0268,b3156,30.435,161,99,7,10,167,9,159,1.22e-09,51.6,177,0.9096045197740112,<=>
999,ZCP4_0271,b3019,41.141,666,377,7,24,686,18,671,5.5e-171,507.0,748,0.8903743315508021,<=>
1001,ZCP4_0272,b2476,43.697,238,130,1,1,238,1,234,6.11e-69,209.0,259,0.918918918918919,<=>
1002,ZCP4_0273,b3725,57.519,266,94,1,25,290,11,257,5.2300000000000006e-117,334.0,290,0.9172413793103448,<=>
1095,ZCP4_0274,b3726,47.08,274,144,1,6,278,22,295,1.7000000000000002e-79,239.0,278,0.9856115107913669,<=>
1098,ZCP4_0275,b3727,51.0,300,146,1,17,315,10,309,9.420000000000001e-99,291.0,319,0.9404388714733543,<=>
1103,ZCP4_0276,b3728,54.829,321,142,2,23,342,28,346,4.89e-127,365.0,346,0.9277456647398844,<=>
1104,ZCP4_0278,b3291,39.873,158,66,4,1,154,1,133,1.0400000000000002e-27,97.4,154,1.025974025974026,<=>
1111,ZCP4_0284,b2675,24.926,674,345,18,31,612,108,712,3.1699999999999997e-46,171.0,613,1.099510603588907,<=>
1113,ZCP4_0286,b3172,27.316,421,257,15,6,397,12,412,9.27e-34,128.0,408,1.0318627450980393,<=>
1114,ZCP4_0288,b1661,39.831,354,197,6,34,385,33,372,3.44e-71,226.0,415,0.8530120481927711,<=>
1117,ZCP4_0289,b2517,48.352,364,176,6,24,384,14,368,2.6600000000000002e-107,318.0,391,0.9309462915601023,<=>
1214,ZCP4_0294,b4238,23.613,703,439,26,12,658,5,665,5.5699999999999996e-30,122.0,672,1.0461309523809523,<=>
1215,ZCP4_0295,b0444,44.934,227,103,5,27,249,5,213,4.5300000000000005e-64,197.0,254,0.8937007874015748,<=>
1315,ZCP4_0304,b0884,65.714,70,24,0,1,70,1,70,3.13e-31,101.0,72,0.9722222222222222,<=>
1316,ZCP4_0305,b3248,41.622,185,105,3,3,186,2,184,3.45e-36,122.0,202,0.9158415841584159,<=>
1321,ZCP4_0311,b2979,28.139,462,285,11,31,476,43,473,5.1899999999999996e-40,147.0,481,0.9604989604989606,<=>
1329,ZCP4_0315,b0183,43.548,186,100,2,25,209,11,192,8.81e-45,145.0,215,0.8651162790697674,<=>
1330,ZCP4_0316,b2103,36.704,267,158,5,17,279,7,266,1.1499999999999999e-48,159.0,283,0.9434628975265018,<=>
1332,ZCP4_0317,b3176,51.467,443,211,3,2,442,3,443,7.1999999999999995e-149,428.0,445,0.9955056179775281,<=>
1335,ZCP4_0318,b4130,36.18,445,270,7,16,458,6,438,7.25e-84,265.0,496,0.8971774193548387,<=>
1340,ZCP4_0319,b3829,55.364,755,331,3,1,753,1,751,0.0,848.0,759,0.994729907773386,<=>
1344,ZCP4_0322,b1850,54.945,182,78,2,22,199,26,207,4.76e-62,189.0,208,0.875,<=>
1351,ZCP4_0326,b3687,50.355,141,62,4,1,138,1,136,5.53e-44,139.0,162,0.8703703703703703,<=>
1353,ZCP4_0329,b0145,39.716,141,84,1,16,156,8,147,1.34e-29,103.0,161,0.8757763975155279,<=>
1354,ZCP4_0330,b0893,52.336,428,193,3,1,419,1,426,2.73e-155,443.0,425,1.0070588235294118,<=>
1355,ZCP4_0331,b2744,37.19,242,141,5,1,241,1,232,1.12e-41,140.0,255,0.9490196078431372,<=>
1380,ZCP4_0334,b3542,33.333,234,149,2,45,272,66,298,4.25e-26,101.0,272,0.8602941176470589,<=>
1386,ZCP4_0335,b2180,35.273,550,301,12,2,521,4,528,9.98e-105,321.0,530,1.0377358490566038,<=>
1543,ZCP4_0336,b3701,36.828,372,226,5,1,369,1,366,1.5400000000000002e-85,261.0,369,1.008130081300813,<=>
1544,ZCP4_0337,b3966,27.581,649,380,25,77,695,18,606,2.47e-49,179.0,703,0.9231863442389758,<=>
1551,ZCP4_0339,b1771,35.669,314,185,8,13,312,3,313,4.78e-56,182.0,340,0.9235294117647059,<=>
1560,ZCP4_0342,b1733,23.759,282,173,10,2,277,3,248,2.11e-13,65.5,281,1.00355871886121,<=>
1562,ZCP4_0345,b1623,28.165,316,216,3,11,318,6,318,3.86e-34,125.0,337,0.9376854599406528,<=>
1563,ZCP4_0347,b3714,44.165,437,238,2,9,445,12,442,4.52e-116,344.0,448,0.9754464285714286,<=>
1568,ZCP4_0349,b2164,40.049,407,234,2,1,397,7,413,2.74e-91,278.0,398,1.0226130653266332,<=>
1570,ZCP4_0350,b2686,42.745,510,273,4,25,525,2,501,3.03e-132,391.0,533,0.9568480300187617,<=>
1582,ZCP4_0351,b2368,41.061,358,181,5,40,396,11,339,1.11e-83,258.0,401,0.8927680798004988,<=>
1592,ZCP4_0352,b4080,24.795,488,343,5,2,476,5,481,7.56e-35,133.0,477,1.0230607966457024,<=>
1600,ZCP4_0354,b0677,36.387,382,232,5,4,380,3,378,2.7600000000000002e-77,240.0,381,1.0026246719160106,<=>
1603,ZCP4_0356,b3208,44.444,207,101,4,6,201,14,217,2.18e-51,164.0,248,0.8346774193548387,<=>
1607,ZCP4_0362,b3606,38.514,148,88,2,1,145,2,149,8.560000000000001e-33,110.0,152,0.9736842105263158,<=>
1610,ZCP4_0363,b2436,39.852,271,146,4,22,285,15,275,4.88e-61,192.0,285,0.9508771929824561,<=>
1611,ZCP4_0365,b0438,69.031,423,128,3,1,420,1,423,0.0,591.0,422,1.0023696682464456,<=>
1618,ZCP4_0366,b0437,65.104,192,67,0,11,202,15,206,4.18e-96,275.0,210,0.9142857142857143,<=>
1620,ZCP4_0368,b0436,32.414,435,281,7,3,435,4,427,1.18e-62,207.0,492,0.8841463414634146,<=>
1622,ZCP4_0374,b3788,25.284,352,211,11,3,326,4,331,9.719999999999999e-24,97.1,333,1.057057057057057,<=>
1628,ZCP4_0376,b2883,48.019,429,216,5,3,425,9,436,7.58e-142,409.0,433,0.9907621247113164,<=>
1630,ZCP4_0378,b0928,41.667,396,223,2,20,407,1,396,4.83e-109,323.0,407,0.972972972972973,<=>
1633,ZCP4_0380,b2302,25.359,209,133,8,6,207,6,198,8.51e-12,59.3,210,0.9952380952380953,<=>
1651,ZCP4_0390,b0098,50.375,933,414,8,1,919,1,898,0.0,904.0,925,1.0086486486486486,<=>
1671,ZCP4_0400,b0484,42.51,741,395,14,9,731,103,830,7.03e-168,501.0,740,1.0013513513513514,<=>
1676,ZCP4_0401,b0529,52.797,286,125,1,4,289,3,278,7.36e-93,274.0,297,0.9629629629629629,<=>
1677,ZCP4_0402,b3770,31.875,320,191,13,52,366,10,307,2.72e-33,123.0,366,0.8743169398907104,<=>
1741,ZCP4_0410,b1424,36.229,541,306,16,8,520,3,532,1.85e-99,308.0,523,1.034416826003824,<=>
1743,ZCP4_0412,b0074,25.709,529,351,12,32,555,6,497,9.02e-34,131.0,566,0.9346289752650176,<=>
1752,ZCP4_0422,b0799,22.517,755,436,32,195,882,16,688,1.63e-15,77.8,906,0.8333333333333334,<=>
1753,ZCP4_0424,b0756,36.994,346,204,7,45,388,10,343,1.21e-70,223.0,392,0.8826530612244898,<=>
1758,ZCP4_0428,b3231,52.482,141,66,1,8,148,3,142,9.02e-52,159.0,159,0.8867924528301887,<=>
1786,ZCP4_0436,b0029,53.722,309,140,1,2,307,1,309,1.16e-115,335.0,340,0.9088235294117647,<=>
1799,ZCP4_0445,b0752,37.857,280,170,3,40,316,16,294,1.91e-46,156.0,322,0.8695652173913043,<=>
1800,ZCP4_0446,b4052,36.458,480,256,9,23,498,28,462,4.1e-88,275.0,511,0.9393346379647749,<=>
1802,ZCP4_0448,b2065,31.447,159,91,6,42,184,34,190,1.62e-15,68.2,184,0.8641304347826086,<=>
1803,ZCP4_0449,b0471,40.206,97,57,1,14,110,14,109,2.13e-19,73.9,110,0.8818181818181818,<=>
1811,ZCP4_0455,b0422,41.892,74,41,2,5,78,4,75,2.68e-12,53.9,81,0.9135802469135802,<=>
1812,ZCP4_0456,b0421,44.702,302,150,7,4,297,6,298,1.66e-63,199.0,298,1.0134228187919463,<=>
1814,ZCP4_0457,b3634,44.304,158,83,1,9,166,2,154,4.2899999999999994e-48,150.0,178,0.8876404494382022,<=>
1817,ZCP4_0459,b0405,45.087,346,180,6,1,339,1,343,1.94e-91,274.0,342,1.0116959064327486,<=>
1818,ZCP4_0460,b1638,41.799,189,110,0,4,192,30,218,5.12e-53,166.0,192,0.984375,<=>
1820,ZCP4_0461,b4004,41.304,368,160,5,3,366,126,441,1.08e-82,256.0,372,0.989247311827957,<=>
1832,ZCP4_0464,b3350,31.625,566,355,9,12,567,11,554,8.62e-70,233.0,592,0.956081081081081,<=>
1835,ZCP4_0465,b2697,51.345,892,397,13,43,924,4,868,0.0,863.0,930,0.9591397849462365,<=>
1836,ZCP4_0467,b1876,26.712,584,332,23,44,574,37,577,4.03e-28,115.0,574,1.0174216027874565,<=>
1841,ZCP4_0472,b0094,30.607,428,281,5,1,420,1,420,6.89e-60,197.0,420,1.019047619047619,<=>
1843,ZCP4_0474,b0092,36.593,317,177,6,1,305,1,305,1.9e-53,174.0,321,0.9875389408099688,<=>
1845,ZCP4_0475,b3972,26.364,330,192,10,23,302,2,330,1.06e-15,73.6,310,1.064516129032258,<=>
1846,ZCP4_0476,b0091,45.336,461,239,6,11,464,22,476,6.23e-116,347.0,476,0.9684873949579832,<=>
1849,ZCP4_0477,b0090,33.243,367,225,10,1,362,1,352,6.200000000000001e-47,160.0,387,0.9483204134366925,<=>
1852,ZCP4_0479,b0088,34.273,461,249,16,7,440,4,437,3.63e-62,204.0,441,1.0453514739229024,<=>
1857,ZCP4_0480,b0087,53.295,349,152,4,15,356,16,360,8.53e-117,340.0,356,0.9803370786516854,<=>
1858,ZCP4_0481,b0086,31.532,444,286,11,20,458,20,450,1.59e-47,167.0,463,0.958963282937365,<=>
1860,ZCP4_0482,b0085,37.298,496,265,13,17,482,10,489,3.34e-66,218.0,486,1.0205761316872428,<=>
1863,ZCP4_0483,b0084,29.846,583,359,15,1,550,1,566,2.94e-59,204.0,571,1.021015761821366,<=>
1865,ZCP4_0485,b0082,44.373,311,156,9,10,309,7,311,4.94e-71,220.0,332,0.9367469879518072,<=>
1870,ZCP4_0489,b3787,31.006,358,207,10,3,338,6,345,1.84e-40,146.0,437,0.8192219679633868,<=>
1871,ZCP4_0490,b2765,54.386,114,52,0,5,118,8,121,2.2600000000000002e-43,135.0,118,0.9661016949152542,<=>
1872,ZCP4_0492,b3832,29.49,451,272,11,5,428,1,432,2.32e-50,174.0,448,1.0066964285714286,<=>
1873,ZCP4_0493,b3287,45.087,173,88,2,1,173,1,166,1.85e-43,139.0,177,0.9774011299435028,<=>
1874,ZCP4_0494,b0472,40.704,199,116,2,1,197,1,199,1.5699999999999998e-52,164.0,198,1.005050505050505,<=>
1875,ZCP4_0495,b3288,48.254,315,151,5,4,307,1,314,1.8199999999999998e-92,274.0,308,1.0227272727272727,<=>
1879,ZCP4_0496,b2318,38.174,241,146,3,6,245,14,252,2.9e-49,160.0,245,0.9836734693877551,<=>
1881,ZCP4_0498,b0835,62.415,439,163,2,2,439,1,438,0.0,564.0,443,0.9909706546275395,<=>
1890,ZCP4_0503,b3487,33.528,343,194,5,27,341,10,346,2.1499999999999997e-54,179.0,348,0.985632183908046,<=>
1895,ZCP4_0504,b3486,52.418,910,417,2,14,921,15,910,0.0,931.0,922,0.9869848156182213,<=>
2051,ZCP4_0505,b3485,45.777,367,199,0,3,369,2,368,5.98e-105,311.0,375,0.9786666666666667,<=>
2080,ZCP4_0513,b4245,32.797,311,185,11,6,305,4,301,3.9300000000000005e-37,132.0,319,0.9749216300940439,<=>
2086,ZCP4_0523,b0900,39.456,294,173,3,1,294,1,289,1.02e-71,221.0,315,0.9333333333333333,<=>
2141,ZCP4_0527,b0927,48.585,212,108,1,12,222,1,212,2.39e-74,221.0,227,0.933920704845815,<=>
2167,ZCP4_0531,b0525,37.226,137,75,3,8,134,1,136,4.74e-25,91.7,155,0.8838709677419355,<=>
2168,ZCP4_0533,b1133,37.701,374,200,9,11,362,3,365,1.6099999999999998e-69,219.0,370,1.0108108108108107,<=>
2169,ZCP4_0536,b0167,32.356,853,524,18,80,917,69,883,7.17e-119,380.0,926,0.9211663066954644,<=>
2170,ZCP4_0537,b1719,47.248,654,325,6,7,659,4,638,0.0,629.0,659,0.992412746585736,<=>
2174,ZCP4_0540,b1651,34.375,128,76,4,1,120,1,128,8.11e-20,76.6,137,0.9343065693430657,<=>
2175,ZCP4_0541,b0212,39.844,256,132,7,3,241,1,251,2.08e-52,167.0,241,1.062240663900415,<=>
2180,ZCP4_0546,b3610,65.854,82,28,0,1,82,1,82,3.84e-37,117.0,84,0.9761904761904762,<=>
2183,ZCP4_0549,b2594,43.548,310,163,5,7,311,10,312,2.51e-77,236.0,317,0.9779179810725552,<=>
2187,ZCP4_0550,b3461,42.143,280,152,4,13,288,9,282,2.73e-63,198.0,302,0.9271523178807947,<=>
2190,ZCP4_0551,b2414,48.845,303,143,6,11,303,12,312,8.560000000000001e-72,222.0,307,0.9869706840390879,<=>
2193,ZCP4_0557,b4375,47.683,518,269,2,10,527,13,528,0.0,521.0,529,0.9792060491493384,<=>
2203,ZCP4_0562,b3255,44.937,158,77,3,11,160,1,156,4.32e-37,122.0,160,0.9875,<=>
2204,ZCP4_0563,b3256,63.205,443,162,1,3,444,2,444,0.0,558.0,452,0.9800884955752213,<=>
2208,ZCP4_0564,b4214,42.0,250,133,5,12,258,1,241,1.75e-50,163.0,272,0.9191176470588235,<=>
2210,ZCP4_0566,b3988,60.655,1375,515,11,1,1354,1,1370,0.0,1675.0,1391,0.9884974838245866,<=>
2211,ZCP4_0567,b3987,59.428,1363,520,7,25,1384,8,1340,0.0,1622.0,1401,0.9728765167737331,<=>
2212,ZCP4_0568,b3986,59.322,118,45,1,6,123,7,121,1.0800000000000001e-27,95.9,123,0.959349593495935,<=>
2213,ZCP4_0569,b3985,40.667,150,77,3,24,171,26,165,1.51e-20,80.5,171,0.8771929824561403,<=>
2214,ZCP4_0570,b3984,58.19,232,97,0,1,232,1,232,5.5e-86,252.0,233,0.9957081545064378,<=>
2215,ZCP4_0571,b3983,64.286,140,50,0,1,140,1,140,6.490000000000001e-64,189.0,143,0.9790209790209791,<=>
2216,ZCP4_0572,b3982,49.153,177,86,2,3,178,8,181,2.2e-58,177.0,179,0.9888268156424581,<=>
2219,ZCP4_0576,b2620,46.622,148,77,2,12,158,11,157,3.7899999999999993e-42,135.0,160,0.925,<=>
2220,ZCP4_0577,b2478,42.123,292,168,1,1,291,1,292,6.7700000000000005e-77,233.0,291,1.0034364261168385,<=>
2227,ZCP4_0579,b3406,43.506,154,86,1,9,162,6,158,9.259999999999999e-38,124.0,165,0.9333333333333333,<=>
2229,ZCP4_0581,b1866,41.047,592,335,7,5,589,2,586,1.26e-146,433.0,596,0.9932885906040269,<=>
2238,ZCP4_0582,b1804,31.536,371,234,10,4,363,3,364,4.3699999999999995e-42,148.0,390,0.9512820512820512,<=>
2239,ZCP4_0583,b2502,23.628,419,264,11,18,394,1,405,8.61e-11,60.8,508,0.8248031496062992,<=>
2241,ZCP4_0584,b2501,34.949,681,408,15,13,673,7,672,9.520000000000001e-124,381.0,712,0.9564606741573034,<=>
2243,ZCP4_0587,b2499,51.176,340,159,4,1,339,1,334,3.12e-116,338.0,366,0.9289617486338798,<=>
2244,ZCP4_0588,b2500,47.895,190,99,0,12,201,5,194,3.31e-57,177.0,208,0.9134615384615384,<=>
2248,ZCP4_0589,b0031,40.37,270,140,4,4,254,3,270,5.13e-57,180.0,254,1.062992125984252,<=>
2249,ZCP4_0590,b1633,59.184,196,80,0,8,203,8,203,2.28e-83,244.0,215,0.9116279069767442,<=>
2251,ZCP4_0592,b1805,25.093,538,301,19,85,576,70,551,2.6599999999999998e-30,122.0,589,0.9134125636672326,<=>
2263,ZCP4_0596,b4148,50.476,105,52,0,1,105,1,105,1.27e-35,114.0,107,0.9813084112149533,<=>
2269,ZCP4_0602,b2231,46.711,897,421,7,41,925,7,858,0.0,800.0,925,0.9697297297297297,<=>
2272,ZCP4_0604,b1315,27.701,361,211,17,87,421,13,349,8.62e-20,87.0,433,0.8337182448036952,<=>
2285,ZCP4_0615,b0073,52.422,351,158,5,2,344,6,355,6.24e-121,350.0,349,1.005730659025788,<=>
2288,ZCP4_0616,b3939,33.586,396,240,5,11,398,1,381,1.7300000000000001e-65,211.0,402,0.9850746268656716,<=>
2316,ZCP4_0620,b1913,39.837,615,344,10,58,661,11,610,1.04e-149,444.0,664,0.9262048192771084,<=>
2319,ZCP4_0624,b3738,26.697,221,131,5,57,266,71,271,1.12e-10,57.4,266,0.8308270676691729,<=>
2321,ZCP4_0627,b1382,35.185,54,32,1,14,64,8,61,1.86e-08,43.1,66,0.8181818181818182,<=>
2322,ZCP4_0629,b3638,29.612,206,145,0,16,221,11,216,1.39e-26,99.4,227,0.9074889867841409,<=>
2329,ZCP4_0631,b0015,52.394,376,170,5,1,372,1,371,6.23e-134,385.0,375,1.0026666666666666,<=>
2331,ZCP4_0632,b0014,65.934,637,212,2,1,632,1,637,0.0,838.0,635,1.0031496062992127,<=>
2339,ZCP4_0635,b1747,37.764,331,202,2,5,335,4,330,3.2299999999999998e-74,230.0,342,0.9678362573099415,<=>
2349,ZCP4_0639,b1688,23.851,348,251,7,6,347,12,351,1.97e-20,88.2,352,0.9886363636363636,<=>
2350,ZCP4_0640,b1925,21.739,115,89,1,13,126,10,124,2.49e-05,38.5,129,0.8914728682170543,<=>
2352,ZCP4_0642,b1880,35.45,378,224,6,7,371,4,374,3.14e-58,191.0,380,0.9947368421052631,<=>
2353,ZCP4_0643,b1950,36.752,234,142,2,6,239,10,237,2.36e-34,122.0,265,0.8830188679245283,<=>
2357,ZCP4_0648,b1945,25.155,322,222,6,17,326,6,320,5.67e-26,102.0,332,0.9698795180722891,<=>
2359,ZCP4_0652,b1941,48.028,431,208,3,24,441,26,453,3.26e-119,353.0,443,0.9729119638826185,<=>
2363,ZCP4_0654,b1939,39.466,337,192,5,11,344,4,331,2.65e-69,217.0,344,0.9796511627906976,<=>
2364,ZCP4_0655,b1938,31.779,579,322,15,54,610,23,550,4.1e-63,215.0,619,0.9353796445880452,<=>
2381,ZCP4_0661,b1922,36.486,222,135,3,27,242,15,236,3.2e-38,130.0,247,0.8987854251012146,<=>
2387,ZCP4_0663,b1879,43.333,690,377,6,4,690,12,690,0.0,543.0,707,0.9759547383309759,<=>
2388,ZCP4_0669,b1073,36.8,125,60,2,10,115,11,135,8.1e-20,75.9,117,1.0683760683760684,<=>
2390,ZCP4_0670,b1074,43.077,130,71,2,5,132,4,132,1.25e-27,96.7,134,0.9701492537313433,<=>
2397,ZCP4_0673,b1077,36.364,242,139,6,1,233,1,236,6.9800000000000005e-43,143.0,249,0.9718875502008032,<=>
2400,ZCP4_0674,b1078,53.696,257,119,0,4,260,3,259,8.9e-92,269.0,263,0.9771863117870723,<=>
2404,ZCP4_0675,b1079,41.361,191,104,2,45,227,41,231,2.27e-37,127.0,228,0.8377192982456141,<=>
2405,ZCP4_0676,b1080,39.56,364,215,4,28,388,4,365,2.16e-82,253.0,388,0.9381443298969072,<=>
2410,ZCP4_0680,b1890,38.112,286,173,2,1,286,1,282,1.42e-68,212.0,287,0.9965156794425087,<=>
2411,ZCP4_0681,b1889,36.162,271,156,6,15,283,9,264,1.25e-48,162.0,326,0.8312883435582822,<=>
2448,ZCP4_0684,b0185,47.619,315,161,1,2,312,3,317,9.38e-108,313.0,313,1.0063897763578276,<=>
2449,ZCP4_0685,b2894,39.073,302,161,6,12,298,3,296,5.62e-56,180.0,307,0.9837133550488599,<=>
2453,ZCP4_0688,b3390,37.952,166,101,2,11,174,5,170,3.04e-28,100.0,176,0.9431818181818182,<=>
2456,ZCP4_0689,b3389,47.076,342,175,4,13,354,6,341,3.31e-91,275.0,379,0.9023746701846965,<=>
2459,ZCP4_0693,b4389,46.911,437,216,9,1,428,1,430,1.4299999999999999e-134,392.0,455,0.9604395604395605,<=>
2461,ZCP4_0695,b1281,40.948,232,129,3,9,235,15,243,1.18e-46,152.0,236,0.9830508474576272,<=>
2463,ZCP4_0697,b1261,56.693,381,163,2,21,400,8,387,8.48e-155,440.0,408,0.9338235294117647,<=>
2465,ZCP4_0698,b1260,35.472,265,170,1,1,264,1,265,2.97e-50,163.0,274,0.9671532846715328,<=>
2466,ZCP4_0699,b2316,52.878,278,131,0,1,278,1,278,5.0000000000000004e-105,305.0,284,0.9788732394366197,<=>
2467,ZCP4_0700,b2315,32.782,363,219,10,16,375,17,357,1.15e-46,163.0,443,0.8194130925507901,<=>
2469,ZCP4_0702,b4077,38.863,422,242,5,5,417,8,422,5.46e-85,263.0,422,1.0,<=>
2477,ZCP4_0704,b3465,33.696,184,117,2,1,182,12,192,1.23e-27,100.0,183,1.005464480874317,<=>
2478,ZCP4_0705,b3813,40.104,768,384,10,20,768,7,717,4.35e-177,522.0,768,1.0,<=>
2483,ZCP4_0706,b1064,48.372,215,109,2,3,215,1,215,9.48e-70,209.0,215,1.0,<=>
2580,ZCP4_0713,b0729,60.41,293,112,1,1,293,1,289,8.64e-122,347.0,294,0.9965986394557823,<=>
2583,ZCP4_0714,b1596,39.952,413,245,3,3,413,6,417,3.16e-100,301.0,417,0.9904076738609112,<=>
2584,ZCP4_0715,b0148,36.506,830,499,11,8,832,1,807,2.48e-148,453.0,837,0.991636798088411,<=>
2586,ZCP4_0716,b3187,43.827,324,175,2,15,335,2,321,2.43e-91,273.0,337,0.9614243323442137,<=>
2591,ZCP4_0720,b0837,35.635,362,200,7,62,415,33,369,2.99e-64,207.0,418,0.8660287081339713,<=>
2593,ZCP4_0722,b3169,42.33,515,267,6,11,520,4,493,3.1900000000000002e-124,370.0,538,0.9572490706319703,<=>
2603,ZCP4_0725,b3167,32.558,129,79,5,13,135,7,133,3.39e-12,57.0,141,0.9148936170212766,<=>
2604,ZCP4_0726,b1238,57.592,191,81,0,1,191,1,191,5.99e-86,249.0,193,0.9896373056994818,<=>
2605,ZCP4_0727,b3166,34.601,263,158,2,11,264,11,268,1.5399999999999998e-48,161.0,303,0.8679867986798679,<=>
2606,ZCP4_0728,b3165,55.056,89,40,0,1,89,1,89,1.01e-30,101.0,89,1.0,<=>
2607,ZCP4_0729,b3164,54.532,684,309,2,7,688,7,690,0.0,728.0,748,0.9144385026737968,<=>
2612,ZCP4_0734,b1206,26.494,502,316,10,16,468,30,527,1.8700000000000002e-37,141.0,480,1.0458333333333334,<=>
2614,ZCP4_0736,b1136,53.571,420,178,3,3,420,12,416,6.42e-162,459.0,420,1.0,<=>
2617,ZCP4_0737,b1276,28.137,789,438,27,57,724,79,859,4.0799999999999996e-52,192.0,756,1.0436507936507937,<=>
2622,ZCP4_0739,b3294,56.452,124,54,0,1,124,1,124,2.1e-43,136.0,140,0.8857142857142857,<=>
2623,ZCP4_0740,b3295,47.181,337,157,4,10,342,7,326,1.06e-101,300.0,353,0.9546742209631728,<=>
2624,ZCP4_0741,b3297,64.341,129,46,0,1,129,1,129,9.939999999999999e-60,177.0,129,1.0,<=>
2625,ZCP4_0742,b3298,59.829,117,46,1,1,117,1,116,3.2200000000000003e-47,145.0,122,0.9590163934426229,<=>
2626,ZCP4_0743,b0474,46.33,218,107,4,1,213,1,213,1.88e-57,178.0,223,0.9775784753363229,<=>
2627,ZCP4_0744,b3300,50.446,448,213,4,5,452,2,440,2.79e-140,407.0,462,0.9696969696969697,<=>
2628,ZCP4_0745,b3301,43.333,150,77,3,3,151,1,143,2.08e-28,99.8,163,0.9202453987730062,<=>
2629,ZCP4_0746,b3302,50.0,56,28,0,3,58,4,59,3.34e-14,57.0,58,0.9655172413793104,<=>
2632,ZCP4_0749,b3305,44.633,177,98,0,1,177,1,177,7.6e-53,163.0,177,1.0,<=>
2633,ZCP4_0750,b3306,46.154,130,69,1,1,130,1,129,7.42e-39,124.0,131,0.9923664122137404,<=>
2634,ZCP4_0751,b3307,46.535,101,54,0,1,101,1,101,4.3200000000000004e-26,90.1,101,1.0,<=>
2635,ZCP4_0752,b3308,58.286,175,73,0,8,182,3,177,7.25e-75,220.0,192,0.9114583333333334,<=>
2636,ZCP4_0753,b3309,51.923,104,48,2,1,103,1,103,5.690000000000001e-27,92.8,105,0.9904761904761905,<=>
2637,ZCP4_0754,b3310,72.358,123,34,0,1,123,1,123,6.119999999999999e-61,180.0,123,1.0,<=>
2638,ZCP4_0755,b3311,55.844,77,31,1,4,77,6,82,7.13e-25,85.9,83,0.927710843373494,<=>
2640,ZCP4_0757,b3313,61.194,134,51,1,1,134,1,133,1.12e-56,170.0,143,0.9370629370629371,<=>
2641,ZCP4_0758,b3314,60.096,208,83,0,1,208,1,208,1.23e-94,274.0,231,0.9004329004329005,<=>
2642,ZCP4_0759,b3315,46.789,109,58,0,14,122,2,110,1.1099999999999999e-23,85.5,126,0.8650793650793651,<=>
2643,ZCP4_0760,b3316,63.855,83,30,0,1,83,1,83,1.92e-37,118.0,91,0.9120879120879121,<=>
2644,ZCP4_0761,b3317,56.618,272,117,1,1,272,1,271,1.39e-104,302.0,278,0.9784172661870504,<=>
2645,ZCP4_0762,b3318,51.613,93,44,1,11,102,6,98,5.35e-24,85.1,103,0.9029126213592233,<=>
2646,ZCP4_0763,b3319,34.536,194,124,3,13,205,9,200,8.51e-27,99.0,207,0.9371980676328503,<=>
2647,ZCP4_0764,b3320,52.427,206,98,0,4,209,3,208,5.029999999999999e-68,206.0,242,0.8512396694214877,<=>
2648,ZCP4_0765,b3321,66.019,103,35,0,21,123,1,103,7.139999999999999e-48,146.0,123,0.8373983739837398,<=>
2649,ZCP4_0766,b3980,75.758,396,93,2,1,396,1,393,0.0,582.0,397,0.9974811083123426,<=>
2658,ZCP4_0767,b3340,61.007,695,258,5,1,682,1,695,0.0,852.0,690,1.0072463768115942,<=>
2668,ZCP4_0768,b3341,61.538,156,60,0,1,156,1,156,1.6e-68,202.0,156,1.0,<=>
2669,ZCP4_0769,b3342,78.049,123,27,0,1,123,1,123,1.91e-67,196.0,123,1.0,<=>
2671,ZCP4_0771,b0116,36.947,452,275,6,7,456,9,452,2.18e-96,295.0,466,0.9699570815450643,<=>
2678,ZCP4_0772,b1253,43.089,123,67,2,16,135,8,130,3.59e-29,100.0,149,0.825503355704698,<=>
2679,ZCP4_0773,b0727,28.082,438,276,5,2,438,3,402,2.26e-56,188.0,440,0.9954545454545455,<=>
2687,ZCP4_0776,b1832,44.079,152,84,1,10,161,2,152,8.260000000000001e-47,147.0,161,0.9440993788819876,<=>
2688,ZCP4_0777,b0191,45.385,130,71,0,5,134,3,132,3.03e-34,113.0,139,0.935251798561151,<=>
2704,ZCP4_0784,b3730,43.197,463,234,8,4,446,3,456,1.3800000000000001e-118,351.0,450,1.028888888888889,<=>
2706,ZCP4_0785,b3385,34.348,230,130,4,9,217,10,239,6.01e-28,103.0,233,0.9871244635193133,<=>
2709,ZCP4_0786,b4220,23.105,554,379,16,147,687,55,574,4.16e-16,78.6,690,0.8028985507246377,<=>
2712,ZCP4_0788,b2182,29.306,389,266,5,24,408,11,394,1.58e-41,148.0,416,0.9350961538461539,<=>
2731,ZCP4_0789,b3870,61.752,468,178,1,4,470,2,469,0.0,600.0,470,0.9957446808510638,<=>
2733,ZCP4_0790,b2553,65.179,112,39,0,1,112,1,112,2.36e-50,152.0,112,1.0,<=>
2737,ZCP4_0792,b1845,38.643,678,406,7,11,684,3,674,5.17e-158,469.0,688,0.9854651162790697,<=>
2738,ZCP4_0796,b0616,29.181,281,170,8,10,264,18,295,1.5500000000000001e-21,88.6,270,1.0407407407407407,<=>
2739,ZCP4_0798,b1695,30.189,371,239,6,23,386,20,377,5.01e-50,170.0,392,0.9464285714285714,<=>
2745,ZCP4_0801,b3925,42.236,322,169,6,13,321,5,322,1.54e-77,238.0,332,0.9698795180722891,<=>
2795,ZCP4_0807,b0414,35.18,361,180,9,6,315,2,359,6.89e-57,185.0,323,1.1176470588235294,<=>
2797,ZCP4_0808,b1662,33.854,192,117,4,1,189,1,185,4.160000000000001e-27,99.8,206,0.9320388349514563,<=>
2800,ZCP4_0810,b0415,40.141,142,80,2,2,138,13,154,7.300000000000001e-27,95.5,139,1.0215827338129497,<=>
2801,ZCP4_0812,b0208,35.473,296,184,3,8,300,6,297,2.13e-53,174.0,319,0.9278996865203761,<=>
2835,ZCP4_0815,b0441,23.674,528,359,20,7,510,6,513,3.01e-22,98.2,642,0.822429906542056,<=>
2836,ZCP4_0816,b3919,38.934,244,144,3,6,244,5,248,1.87e-53,170.0,249,0.9799196787148594,<=>
2837,ZCP4_0817,b3175,33.636,110,69,2,2,108,1,109,3.61e-13,58.2,119,0.9243697478991597,<=>
2838,ZCP4_0818,b2780,57.249,538,224,4,2,537,3,536,0.0,600.0,544,0.9889705882352942,<=>
2843,ZCP4_0820,b1116,30.918,414,256,11,10,416,9,399,1.61e-42,151.0,416,0.9951923076923077,<=>
2844,ZCP4_0821,b0495,45.74,223,121,0,9,231,5,227,2.54e-69,209.0,232,0.9612068965517241,<=>
2937,ZCP4_0822,b0447,46.667,150,79,1,5,153,2,151,3.68e-50,155.0,164,0.9146341463414634,<=>
2940,ZCP4_0825,b2511,42.217,469,249,6,1,453,2,464,9.35e-115,343.0,454,1.0330396475770924,<=>
2952,ZCP4_0834,b2676,24.688,320,196,14,19,314,20,318,8.13e-11,59.3,345,0.927536231884058,<=>
2953,ZCP4_0835,b2690,30.939,181,125,0,24,204,8,188,3.3300000000000003e-26,97.1,211,0.8578199052132701,<=>
2959,ZCP4_0838,b1086,28.99,307,206,6,4,305,7,306,2.35e-33,123.0,374,0.820855614973262,<=>
2965,ZCP4_0843,b3648,49.479,192,94,2,11,200,3,193,4.52e-62,189.0,216,0.8888888888888888,<=>
2967,ZCP4_0845,b0166,64.26,277,88,5,1,272,1,271,4.85e-112,321.0,276,1.0036231884057971,<=>
2970,ZCP4_0847,b2528,39.815,108,60,3,8,113,3,107,9.139999999999999e-23,82.4,113,0.9557522123893806,<=>
2973,ZCP4_0849,b1680,46.056,393,206,2,16,402,9,401,1.0400000000000001e-132,384.0,407,0.9656019656019657,<=>
2976,ZCP4_0850,b1681,27.072,362,226,10,16,345,41,396,1.57e-25,103.0,371,0.9757412398921833,<=>
2978,ZCP4_0851,b1682,54.472,246,111,1,4,249,1,245,1.05e-97,283.0,250,0.984,<=>
3057,ZCP4_0852,b1683,62.68,485,158,3,19,490,21,495,0.0,647.0,490,0.9897959183673469,<=>
3068,ZCP4_0859,b3463,44.059,202,113,0,4,205,1,202,9.310000000000001e-58,179.0,233,0.8669527896995708,<=>
3163,ZCP4_0862,b1242,32.487,197,131,1,10,206,16,210,3.88e-26,97.4,208,0.9471153846153846,<=>
3166,ZCP4_0863,b3030,42.925,636,338,14,17,647,5,620,9.05e-156,460.0,660,0.9636363636363636,<=>
3169,ZCP4_0864,b3401,32.534,292,173,8,11,302,5,272,3.89e-46,154.0,307,0.9511400651465798,<=>
3170,ZCP4_0865,b4254,35.65,331,180,8,8,310,7,332,1.13e-59,191.0,313,1.0575079872204474,<=>
3174,ZCP4_0866,b1748,41.645,389,223,2,6,391,14,401,3.8e-107,318.0,396,0.9823232323232324,<=>
3181,ZCP4_0868,b0128,33.333,255,163,5,22,273,6,256,6.05e-38,131.0,273,0.9340659340659341,<=>
3182,ZCP4_0869,b0882,59.005,744,296,4,8,747,6,744,0.0,900.0,773,0.96248382923674,<=>
3190,ZCP4_0872,b3179,42.365,203,115,2,11,211,2,204,6.209999999999999e-48,154.0,221,0.918552036199095,<=>
3220,ZCP4_0895,b0439,59.428,769,303,2,5,772,11,771,0.0,937.0,808,0.9517326732673267,<=>
3228,ZCP4_0902,b2840,44.348,230,127,1,1,229,1,230,2.09e-70,212.0,229,1.0043668122270741,<=>
3229,ZCP4_0903,b2388,34.727,311,192,5,7,314,9,311,4.8e-50,166.0,324,0.9598765432098766,<=>
3230,ZCP4_0904,b1851,58.557,596,242,5,10,601,7,601,0.0,701.0,607,0.9818780889621087,<=>
3234,ZCP4_0905,b1852,45.455,484,260,3,2,483,6,487,2.9599999999999998e-152,440.0,485,0.9979381443298969,<=>
3235,ZCP4_0906,b4031,41.909,482,269,2,1,472,1,481,1.0699999999999999e-134,395.0,473,1.0190274841437632,<=>
3243,ZCP4_0907,b2411,46.418,698,329,10,34,721,7,669,0.0,585.0,731,0.9548563611491108,<=>
3245,ZCP4_0908,b0406,56.831,366,155,1,24,389,2,364,7.24e-152,431.0,395,0.9265822784810127,<=>
3246,ZCP4_0909,b0779,59.549,665,257,2,32,684,2,666,0.0,803.0,740,0.8986486486486487,<=>
3251,ZCP4_0912,b0635,32.02,609,378,14,17,602,17,612,3.15e-96,306.0,643,0.9471228615863142,<=>
3254,ZCP4_0915,b3251,59.172,338,131,5,3,337,1,334,8.51e-135,385.0,348,0.9712643678160919,<=>
3260,ZCP4_0916,b4170,32.733,611,376,15,1,589,1,598,1.99e-80,263.0,613,0.9967373572593801,<=>
3273,ZCP4_0921,b2948,30.939,181,120,1,13,188,7,187,5.41e-33,114.0,188,0.9627659574468085,<=>
3274,ZCP4_0922,b4173,42.716,405,215,7,37,438,27,417,8.15e-91,279.0,460,0.8804347826086957,<=>
3281,ZCP4_0924,b0451,50.827,423,200,3,24,445,12,427,1.79e-137,399.0,449,0.9420935412026726,<=>
3282,ZCP4_0925,b0790,27.652,264,149,10,3,235,1,253,1.72e-13,65.1,239,1.104602510460251,<=>
3283,ZCP4_0926,b3244,55.088,452,191,3,36,478,33,481,3.72e-167,477.0,480,0.9416666666666667,<=>
3311,ZCP4_0930,b2048,33.933,445,271,9,8,436,5,442,2.0999999999999998e-67,219.0,459,0.9694989106753813,<=>
3315,ZCP4_0933,b3993,28.5,200,123,9,24,216,8,194,1.09e-12,62.0,238,0.8403361344537815,<=>
3316,ZCP4_0934,b0926,41.053,190,97,5,7,196,8,182,3.5e-38,127.0,198,0.9595959595959596,<=>
3317,ZCP4_0935,b2533,42.339,248,138,2,6,253,4,246,5.99e-63,196.0,271,0.915129151291513,<=>
3319,ZCP4_0936,b4147,34.637,179,117,0,7,185,8,186,2.2e-33,114.0,187,0.9572192513368984,<=>
3326,ZCP4_0940,b0027,30.769,143,94,3,23,163,17,156,1.19e-19,78.2,174,0.8218390804597702,<=>
3327,ZCP4_0941,b0026,41.06,962,497,17,14,940,3,929,0.0,701.0,941,1.022316684378321,<=>
3331,ZCP4_0942,b0025,35.417,288,186,0,16,303,17,304,4.29e-59,189.0,314,0.9171974522292994,<=>
3351,ZCP4_0948,b1249,31.211,487,316,9,2,472,3,486,9.4e-74,237.0,472,1.0317796610169492,<=>
3356,ZCP4_0951,b0386,32.463,268,174,3,4,268,5,268,3.91e-40,137.0,271,0.988929889298893,<=>
3357,ZCP4_0952,b3003,55.986,284,125,0,50,333,6,289,6.61e-112,324.0,338,0.8402366863905325,<=>
3376,ZCP4_0956,b0475,42.812,313,175,2,13,322,5,316,4.42e-83,251.0,334,0.937125748502994,<=>
3378,ZCP4_0960,b4005,51.3,423,196,6,1,416,1,420,1.4e-136,395.0,417,1.014388489208633,<=>
3379,ZCP4_0962,b4218,26.279,430,307,7,13,436,3,428,1.3299999999999997e-54,185.0,441,0.9750566893424036,<=>
3384,ZCP4_0963,b2559,40.132,152,86,2,11,160,6,154,5.320000000000001e-31,107.0,160,0.95,<=>
3385,ZCP4_0964,b3637,45.57,79,40,2,1,77,1,78,2.8e-15,62.0,95,0.8315789473684211,<=>
3387,ZCP4_0965,b2943,33.258,442,283,6,34,470,20,454,1.55e-64,213.0,480,0.9208333333333333,<=>
3400,ZCP4_0966,b2828,37.374,297,148,8,10,282,3,285,8.71e-59,186.0,285,1.0421052631578946,<=>
3401,ZCP4_0967,b4336,30.198,404,235,13,37,414,33,415,4.19e-35,131.0,418,0.9665071770334929,<=>
3406,ZCP4_0969,b2922,26.953,256,153,8,13,257,1,233,4.3e-14,67.0,257,0.9961089494163424,<=>
3407,ZCP4_0970,b0572,33.547,468,280,10,32,493,15,457,2.7100000000000002e-70,229.0,512,0.9140625,<=>
3409,ZCP4_0971,b0462,57.771,1023,425,4,1,1020,1,1019,0.0,1194.0,1047,0.9770773638968482,<=>
3416,ZCP4_0972,b0463,49.337,377,185,3,3,375,5,379,1.86e-117,344.0,389,0.9691516709511568,<=>
3443,ZCP4_0978,b3201,56.723,238,102,1,24,260,4,241,1.64e-87,257.0,260,0.9153846153846154,<=>
3535,ZCP4_0979,b3202,35.07,499,281,11,6,489,5,475,4.8699999999999997e-91,283.0,499,1.0,<=>
3536,ZCP4_0980,b2942,53.47,389,169,4,3,389,2,380,5.24e-138,396.0,391,0.9948849104859335,<=>
3539,ZCP4_0991,b2200,36.548,197,116,6,9,198,24,218,6.47e-18,75.5,201,0.9800995024875622,<=>
3540,ZCP4_0992,b2201,36.979,192,110,2,14,194,4,195,2.5e-27,100.0,221,0.8687782805429864,<=>
3637,ZCP4_0994,b3025,46.33,218,117,0,1,218,1,218,9.3e-63,192.0,225,0.9688888888888889,<=>
3670,ZCP4_0995,b2133,59.858,563,223,2,14,574,7,568,0.0,696.0,574,0.980836236933798,<=>
3789,ZCP4_1002,b3636,63.636,55,20,0,1,55,1,55,2.6e-19,69.7,55,1.0,<=>
3790,ZCP4_1003,b3931,52.715,442,191,6,5,430,4,443,2.32e-154,441.0,430,1.027906976744186,<=>
3795,ZCP4_1004,b3932,62.644,174,64,1,11,183,2,175,1.51e-72,214.0,184,0.9456521739130435,<=>
3797,ZCP4_1005,b4000,43.678,87,49,0,1,87,1,87,2.17e-19,72.4,91,0.9560439560439561,<=>
3801,ZCP4_1008,b3732,66.809,470,142,3,11,479,4,460,0.0,623.0,484,0.9710743801652892,<=>
3805,ZCP4_1009,b3733,33.445,299,186,6,1,298,1,287,2.2899999999999998e-52,170.0,298,1.0033557046979866,<=>
3806,ZCP4_1010,b3734,57.087,515,202,3,1,504,1,507,0.0,587.0,509,1.0117878192534382,<=>
3813,ZCP4_1013,b0161,33.954,483,247,11,48,504,38,474,2.5800000000000003e-73,238.0,524,0.9217557251908397,<=>
3819,ZCP4_1018,b0151,36.406,217,137,1,25,240,31,247,1.31e-41,140.0,261,0.8314176245210728,<=>
3909,ZCP4_1019,b4288,39.432,317,176,9,16,327,5,310,2.5200000000000003e-35,128.0,341,0.9296187683284457,<=>
3916,ZCP4_1021,b3863,42.948,943,484,14,10,921,9,928,0.0,690.0,921,1.023887079261672,<=>
3918,ZCP4_1022,b1539,53.878,245,110,3,6,248,4,247,1.2e-94,275.0,249,0.9839357429718876,<=>
3941,ZCP4_1032,b2912,32.584,178,110,4,39,209,1,175,2.73e-19,79.0,216,0.8240740740740741,<=>
3942,ZCP4_1033,b4044,32.071,449,267,5,16,460,24,438,1.25e-47,167.0,484,0.9276859504132231,<=>
3943,ZCP4_1035,b3186,38.614,101,58,2,23,119,1,101,2.99e-19,73.9,124,0.8145161290322581,<=>
3944,ZCP4_1036,b3185,66.667,84,27,1,1,83,1,84,7.73e-36,114.0,89,0.9438202247191011,<=>
3946,ZCP4_1038,b3183,49.284,349,171,3,1,343,1,349,6.43e-94,282.0,347,1.005763688760807,<=>
3953,ZCP4_1039,b0242,40.608,362,209,6,37,395,7,365,4.5600000000000005e-79,245.0,397,0.9118387909319899,<=>
3954,ZCP4_1040,b2304,27.82,266,135,11,1,229,1,246,7.62e-09,52.8,307,0.8664495114006515,<=>
3959,ZCP4_1042,b3292,33.813,139,88,3,6,141,2,139,4.39e-20,77.8,143,0.972027972027972,<=>
3969,ZCP4_1044,b3360,56.989,186,79,1,16,201,1,185,6.08e-74,219.0,209,0.8899521531100478,<=>
3975,ZCP4_1046,b4043,30.876,217,124,5,2,215,4,197,1.16e-24,93.6,217,1.0,<=>
3977,ZCP4_1047,b2891,51.705,352,169,1,9,360,11,361,9e-128,369.0,375,0.9386666666666666,<=>
3980,ZCP4_1048,b3396,31.039,828,466,20,34,777,3,809,1.71e-115,369.0,859,0.9639115250291036,<=>
3995,ZCP4_1056,b1853,19.788,283,205,9,22,298,12,278,3.26e-07,47.8,305,0.9278688524590164,<=>
3996,ZCP4_1057,b2797,53.422,453,201,4,4,452,3,449,2.4800000000000003e-156,447.0,453,1.0,<=>
3999,ZCP4_1058,b1102,27.497,731,426,24,101,780,44,721,4.4700000000000004e-64,225.0,788,0.9276649746192893,<=>
4005,ZCP4_1061,b0526,32.031,512,282,12,10,511,4,459,6.91e-61,204.0,516,0.9922480620155039,<=>
4006,ZCP4_1063,b4391,56.835,556,237,2,4,559,3,555,0.0,648.0,560,0.9928571428571429,<=>
4153,ZCP4_1065,b2515,56.056,355,155,1,9,363,7,360,4.84e-143,408.0,377,0.9416445623342176,<=>
4154,ZCP4_1066,b2097,32.77,296,185,5,19,300,47,342,2.07e-44,151.0,304,0.9736842105263158,<=>
4156,ZCP4_1067,b2926,46.907,388,189,7,11,396,10,382,4.16e-105,312.0,397,0.9773299748110831,<=>
4157,ZCP4_1068,b1779,49.107,336,165,5,1,335,1,331,1.66e-106,311.0,337,0.9970326409495549,<=>
4159,ZCP4_1069,b2935,50.377,663,304,12,6,652,5,658,0.0,633.0,663,1.0,<=>
4162,ZCP4_1074,b3994,68.309,609,160,8,21,604,30,630,0.0,851.0,604,1.0082781456953642,<=>
4163,ZCP4_1075,b1451,23.118,757,430,36,61,778,37,680,4.1e-07,50.4,796,0.9510050251256281,<=>
4164,ZCP4_1076,b2239,30.352,369,219,9,10,365,5,348,1.01e-37,136.0,375,0.984,<=>
4170,ZCP4_1078,b0740,28.385,384,261,8,81,457,54,430,8.18e-40,145.0,458,0.8384279475982532,<=>
4172,ZCP4_1081,b3006,38.496,226,137,2,8,233,2,225,4.6299999999999994e-42,140.0,236,0.9576271186440678,<=>
4175,ZCP4_1083,b1860,60.828,314,123,0,17,330,20,333,9.28e-140,397.0,347,0.9048991354466859,<=>
4177,ZCP4_1084,b3553,32.911,316,190,8,4,302,2,312,3.4e-43,148.0,309,1.022653721682848,<=>
4182,ZCP4_1086,b1861,33.649,211,126,4,1,208,1,200,1.7300000000000003e-27,100.0,213,0.9906103286384976,<=>
4183,ZCP4_1087,b1863,46.104,154,76,4,4,154,3,152,8.11e-30,104.0,169,0.9112426035502958,<=>
4184,ZCP4_1088,b1864,50.403,248,119,3,1,246,1,246,2.55e-76,228.0,249,0.9959839357429718,<=>
4186,ZCP4_1090,b1676,37.1,469,286,5,10,472,2,467,7.61e-94,289.0,475,0.9873684210526316,<=>
4189,ZCP4_1092,b2960,32.444,225,148,4,9,231,16,238,1.1e-32,115.0,231,0.974025974025974,<=>
4191,ZCP4_1095,b2574,57.034,526,222,3,7,530,10,533,0.0,597.0,530,0.9924528301886792,<=>
4194,ZCP4_1096,b0127,41.234,308,166,6,5,309,4,299,1.93e-76,233.0,319,0.9655172413793104,<=>
4287,ZCP4_1097,b2951,36.444,225,129,4,20,232,8,230,7.01e-35,121.0,232,0.9698275862068966,<=>
4289,ZCP4_1098,b0982,31.343,134,83,5,6,139,8,132,1.17e-12,58.9,159,0.8427672955974843,<=>
4391,ZCP4_1114,b0481,40.645,155,89,2,5,156,2,156,1.3000000000000001e-32,110.0,157,0.9872611464968153,<=>
4394,ZCP4_1117,b0892,45.161,434,221,5,11,433,6,433,3.8400000000000005e-123,363.0,449,0.9665924276169265,<=>
4412,ZCP4_1119,b3521,38.591,298,183,0,1,298,1,298,4.14e-80,242.0,304,0.9802631578947368,<=>
4444,ZCP4_1120,b0945,23.765,324,193,14,43,349,45,331,0.000555,38.1,355,0.9126760563380282,<=>
4445,ZCP4_1121,b0019,41.192,386,220,4,5,385,4,387,6.55e-78,242.0,388,0.9948453608247423,<=>
4446,ZCP4_1122,b0873,45.471,552,289,7,1,542,1,550,3.5500000000000003e-163,472.0,545,1.0128440366972478,<=>
4449,ZCP4_1124,b1096,29.876,241,161,4,19,253,14,252,3.5199999999999996e-24,95.5,278,0.8669064748201439,<=>
4456,ZCP4_1126,b1812,39.597,447,246,5,37,479,25,451,1.18e-98,301.0,487,0.917864476386037,<=>
4460,ZCP4_1128,b0949,37.948,614,331,8,20,589,18,625,2.37e-120,367.0,598,1.0267558528428093,<=>
4616,ZCP4_1133,b0071,44.324,185,91,4,9,182,10,193,7.25e-49,155.0,192,0.9635416666666666,<=>
4618,ZCP4_1134,b0072,61.229,472,174,3,6,476,3,466,0.0,582.0,484,0.9752066115702479,<=>
4624,ZCP4_1138,b2835,23.5,400,207,14,18,381,21,357,1.32e-11,62.8,422,0.9478672985781991,<=>
4625,ZCP4_1139,b1912,35.227,176,106,3,2,175,3,172,2.5e-25,93.6,183,0.9617486338797814,<=>
4626,ZCP4_1141,b0775,51.447,311,150,1,25,335,4,313,1.6900000000000002e-117,340.0,335,0.9283582089552239,<=>
4643,ZCP4_1146,b3650,37.679,698,419,9,11,699,11,701,3.88e-166,491.0,705,0.9900709219858156,<=>
4657,ZCP4_1150,b1884,38.29,269,144,8,25,285,27,281,3.87e-51,167.0,290,0.9275862068965517,<=>
4658,ZCP4_1151,b1883,47.278,349,167,4,3,348,4,338,4.05e-106,312.0,352,0.9914772727272727,<=>
4713,ZCP4_1154,b1887,30.0,150,104,1,16,165,2,150,7.13e-30,104.0,177,0.847457627118644,<=>
4714,ZCP4_1155,b0661,45.89,438,230,5,7,437,3,440,3.57e-140,407.0,445,0.9842696629213483,<=>
4716,ZCP4_1156,b0660,47.573,309,159,2,21,327,14,321,2.42e-90,272.0,363,0.8512396694214877,<=>
4719,ZCP4_1158,b0658,32.997,297,182,7,1,291,1,286,1.28e-36,129.0,294,1.010204081632653,<=>
4746,ZCP4_1165,b0980,29.343,426,273,15,11,419,11,425,3.7000000000000004e-35,132.0,433,0.9838337182448037,<=>
4748,ZCP4_1167,b3124,50.135,371,183,1,1,371,1,369,2.88e-114,335.0,382,0.9712041884816754,<=>
4750,ZCP4_1169,b3729,50.571,613,293,6,1,607,1,609,0.0,594.0,607,1.0098846787479407,<=>
4759,ZCP4_1172,b0349,23.358,274,181,9,10,265,25,287,4.94e-09,52.8,268,1.0223880597014925,<=>
4760,ZCP4_1173,b0341,37.736,371,225,4,15,380,6,375,2.97e-64,207.0,383,0.9686684073107049,<=>
4766,ZCP4_1174,b2157,31.879,298,192,4,1,294,3,293,6.07e-41,141.0,303,0.9834983498349835,<=>
4802,ZCP4_1175,b2578,30.645,186,122,5,7,189,6,187,6.19e-18,75.1,201,0.9253731343283582,<=>
4826,ZCP4_1178,b1087,33.854,192,116,5,3,192,4,186,2.82e-27,99.8,198,0.9696969696969697,<=>
4828,ZCP4_1179,b3281,35.955,267,157,7,13,277,3,257,1.76e-36,128.0,293,0.9112627986348123,<=>
4830,ZCP4_1180,b0103,27.273,187,133,2,3,187,4,189,5.56e-16,70.1,197,0.949238578680203,<=>
4831,ZCP4_1181,b0215,40.329,243,126,6,2,232,7,242,4.11e-59,184.0,234,1.0384615384615385,<=>
4833,ZCP4_1183,b3204,39.735,151,88,2,3,151,9,158,6.96e-35,116.0,153,0.9869281045751634,<=>
4841,ZCP4_1186,b1181,48.201,139,72,0,5,143,11,149,1.66e-44,140.0,144,0.9652777777777778,<=>
4865,ZCP4_1190,b4351,37.261,314,176,9,1,304,1,303,2.11e-57,184.0,307,1.022801302931596,<=>
4866,ZCP4_1191,b4006,53.789,541,220,10,6,534,7,529,0.0,542.0,534,1.0131086142322097,<=>
4879,ZCP4_1193,b4210,30.556,324,187,11,9,306,1,312,6.1e-30,112.0,309,1.0485436893203883,<=>
4883,ZCP4_1195,b0306,32.794,247,150,4,1,242,1,236,1.98e-36,126.0,247,1.0,<=>
4886,ZCP4_1196,b0307,38.182,440,251,6,55,479,38,471,9.63e-106,320.0,480,0.9166666666666666,<=>
4888,ZCP4_1199,b3386,62.312,199,74,1,6,203,5,203,1.87e-85,249.0,220,0.9045454545454545,<=>
4891,ZCP4_1200,b3289,32.353,442,251,14,48,461,7,428,5.849999999999999e-48,167.0,468,0.9444444444444444,<=>
4894,ZCP4_1203,b3643,62.201,209,79,0,1,209,1,209,1.91e-94,273.0,237,0.8818565400843882,<=>
4896,ZCP4_1204,b2954,42.051,195,104,4,17,206,3,193,4.0399999999999996e-38,127.0,209,0.9330143540669856,<=>
4897,ZCP4_1205,b2955,38.701,385,204,9,18,388,6,372,6.4999999999999994e-74,232.0,393,0.9796437659033079,<=>
4901,ZCP4_1208,b2764,66.164,597,194,3,10,606,11,599,0.0,819.0,606,0.9851485148514851,<=>
4904,ZCP4_1209,b2763,72.105,570,159,0,1,570,1,570,0.0,903.0,570,1.0,<=>
4905,ZCP4_1210,b2762,75.82,244,59,0,1,244,1,244,2.38e-140,390.0,244,1.0,<=>
4907,ZCP4_1211,b3368,51.86,457,218,2,1,456,1,456,2.14e-164,469.0,471,0.970276008492569,<=>
4908,ZCP4_1212,b2752,90.066,302,30,0,1,302,1,302,0.0,575.0,302,1.0,<=>
4910,ZCP4_1213,b2751,78.903,474,100,0,3,476,2,475,0.0,781.0,476,0.9957983193277311,<=>
4919,ZCP4_1214,b2750,77.778,189,42,0,14,202,5,193,1.4200000000000002e-110,312.0,210,0.9,<=>
4920,ZCP4_1215,b2021,26.254,339,216,13,42,365,32,351,2.54e-21,90.9,371,0.9137466307277629,<=>
4929,ZCP4_1217,b3997,38.824,340,195,6,13,343,10,345,6.06e-77,237.0,345,0.9855072463768116,<=>
4930,ZCP4_1219,b3783,66.106,416,141,0,1,416,1,416,0.0,590.0,418,0.9952153110047847,<=>
4933,ZCP4_1220,b4051,39.385,325,188,4,11,332,9,327,8.63e-70,218.0,332,0.9789156626506024,<=>
4940,ZCP4_1221,b3830,30.364,247,145,11,2,231,28,264,2.1099999999999998e-23,92.4,233,1.0600858369098713,<=>
4943,ZCP4_1223,b3706,36.645,453,246,11,12,434,13,454,1.1799999999999998e-69,224.0,434,1.043778801843318,<=>
4952,ZCP4_1226,b0419,36.111,324,183,5,1,312,1,312,8.89e-56,181.0,328,0.9878048780487805,<=>
4961,ZCP4_1228,b3741,47.48,615,316,4,11,618,7,621,0.0,552.0,621,0.9903381642512077,<=>
4962,ZCP4_1229,b3740,26.316,209,123,4,1,197,1,190,4.61e-13,62.8,221,0.9457013574660633,<=>
4963,ZCP4_1230,b1175,26.07,257,150,10,4,242,5,239,2.48e-09,53.5,266,0.9661654135338346,<=>
4966,ZCP4_1232,b3754,36.203,453,280,5,29,479,21,466,2.17e-92,286.0,481,0.9417879417879418,<=>
4984,ZCP4_1235,b2916,37.193,285,173,3,3,284,5,286,2.84e-53,173.0,302,0.9437086092715232,<=>
4994,ZCP4_1236,b2923,35.323,201,130,0,8,208,5,205,6.12e-35,120.0,213,0.9436619718309859,<=>
4995,ZCP4_1237,b0133,44.718,284,149,4,1,280,1,280,4.35e-74,225.0,287,0.9895470383275261,<=>
4996,ZCP4_1238,b0134,39.453,256,151,4,17,270,11,264,8.41e-58,182.0,273,0.9377289377289377,<=>
5012,ZCP4_1243,b2400,44.85,466,252,3,11,476,3,463,7.14e-140,407.0,481,0.9688149688149689,<=>
5015,ZCP4_1244,b0720,60.848,401,152,3,26,423,23,421,0.0,536.0,429,0.9347319347319347,<=>
5040,ZCP4_1251,b2616,35.097,567,341,10,1,556,1,551,7.629999999999999e-104,320.0,558,1.0161290322580645,<=>
5041,ZCP4_1252,b1479,58.303,542,226,0,18,559,20,561,0.0,648.0,561,0.966131907308378,<=>
5043,ZCP4_1253,b4143,67.985,531,169,1,1,531,1,530,0.0,706.0,549,0.9672131147540983,<=>
5044,ZCP4_1254,b4142,52.632,95,44,1,1,94,1,95,4.55e-29,97.4,95,1.0,<=>
5045,ZCP4_1255,b1766,35.902,571,334,9,3,558,11,564,1.83e-109,340.0,637,0.8963893249607535,<=>
5050,ZCP4_1257,b3159,33.84,263,157,5,10,260,4,261,7.83e-44,149.0,317,0.8296529968454258,<=>
5053,ZCP4_1260,b3935,34.897,725,438,14,17,718,16,729,1.6500000000000001e-130,400.0,722,1.0041551246537397,<=>
5056,ZCP4_1263,b0774,48.786,412,202,3,44,448,12,421,2.52e-138,401.0,452,0.911504424778761,<=>
5063,ZCP4_1264,b0776,35.211,355,218,4,5,356,35,380,4.5399999999999997e-60,195.0,369,0.962059620596206,<=>
5074,ZCP4_1268,b2947,41.009,317,180,5,3,315,2,315,6.22e-81,245.0,316,1.0031645569620253,<=>
5076,ZCP4_1269,b1203,57.88,368,148,4,1,366,1,363,2.18e-146,416.0,366,1.005464480874317,<=>
5080,ZCP4_1270,b1204,44.586,157,82,3,1,153,3,158,8.7e-32,110.0,189,0.8306878306878307,<=>
5082,ZCP4_1274,b2733,40.438,868,483,12,1,862,13,852,0.0,562.0,869,0.998849252013809,<=>
5083,ZCP4_1275,b1718,52.439,164,77,1,17,179,14,177,1.59e-56,173.0,179,0.9162011173184358,<=>
5084,ZCP4_1277,b3608,41.159,328,185,6,18,337,10,337,1.63e-72,225.0,340,0.9647058823529412,<=>
5085,ZCP4_1278,b3064,43.114,334,182,2,11,341,3,331,1.82e-96,287.0,355,0.9408450704225352,<=>
5087,ZCP4_1279,b3805,40.728,302,168,7,5,298,6,304,1.8600000000000002e-56,182.0,308,0.9805194805194806,<=>
5088,ZCP4_1282,b1089,47.368,57,28,2,1,56,1,56,3.6e-09,44.3,59,0.9661016949152542,<=>
5089,ZCP4_1283,b1090,41.86,344,180,5,9,341,6,340,3.7700000000000003e-79,243.0,351,0.98005698005698,<=>
5090,ZCP4_1284,b1091,51.572,318,147,4,8,323,5,317,1.31e-108,316.0,323,0.9845201238390093,<=>
5092,ZCP4_1287,b0408,36.346,509,285,8,44,527,121,615,2.61e-97,304.0,527,0.9658444022770398,<=>
5095,ZCP4_1288,b0409,36.806,288,174,3,15,298,19,302,7.13e-68,211.0,305,0.9442622950819672,<=>
5105,ZCP4_1291,b0004,34.588,425,239,10,15,437,15,402,4.1700000000000005e-64,210.0,465,0.9139784946236559,<=>
5110,ZCP4_1295,b1867,49.733,187,91,2,1,186,1,185,1.46e-58,179.0,188,0.9946808510638298,<=>
5113,ZCP4_1296,b0715,43.768,345,191,2,20,362,4,347,2.3600000000000002e-86,262.0,369,0.9349593495934959,<=>
5114,ZCP4_1297,b1650,42.35,366,192,6,4,356,6,365,8.2e-84,256.0,358,1.0223463687150838,<=>
5116,ZCP4_1299,b1033,33.225,307,196,4,14,313,8,312,9.379999999999999e-54,175.0,313,0.9808306709265175,<=>
5120,ZCP4_1303,b0369,44.481,308,160,4,1,305,20,319,3.08e-75,231.0,309,0.9967637540453075,<=>
5121,ZCP4_1304,b4258,46.822,944,429,12,3,876,1,941,0.0,833.0,884,1.0678733031674208,<=>
5127,ZCP4_1309,b1654,52.778,108,49,2,1,108,1,106,9.94e-38,120.0,110,0.9818181818181818,<=>
5129,ZCP4_1311,b0750,43.887,319,169,5,13,321,29,347,5.63e-87,262.0,332,0.9608433734939759,<=>
5130,ZCP4_1312,b0109,40.357,280,159,6,46,321,21,296,3.15e-50,166.0,327,0.8562691131498471,<=>
5132,ZCP4_1327,b1439,29.747,474,295,14,20,472,4,460,4.34e-44,158.0,481,0.9854469854469855,<=>
5144,ZCP4_1329,b0684,44.099,161,84,3,39,194,5,164,1.85e-39,130.0,195,0.8256410256410256,<=>
5155,ZCP4_1334,b0588,37.445,227,137,3,15,238,19,243,2.2499999999999997e-42,142.0,250,0.908,<=>
5249,ZCP4_1336,b1624,50.301,332,162,2,8,336,5,336,4.62e-112,327.0,358,0.9273743016759777,<=>
5262,ZCP4_1344,b2530,36.842,380,228,9,1,373,1,375,1.22e-79,247.0,385,0.987012987012987,<=>
5293,ZCP4_1364,b1627,56.316,190,83,0,1,190,1,190,4.0700000000000005e-73,216.0,193,0.9844559585492227,<=>
5295,ZCP4_1365,b1628,42.857,182,98,3,1,177,4,184,3.4200000000000002e-49,156.0,220,0.8272727272727273,<=>
5297,ZCP4_1367,b1630,44.16,351,179,4,8,347,7,351,1.73e-90,272.0,358,0.9804469273743017,<=>
5299,ZCP4_1369,b1632,47.393,211,111,0,4,214,2,212,5.09e-58,180.0,224,0.9419642857142857,<=>
5301,ZCP4_1370,b2618,45.882,85,46,0,1,85,5,89,9.97e-25,86.3,88,0.9659090909090909,<=>
5304,ZCP4_1372,b0342,47.283,184,97,0,8,191,7,190,3.38e-56,174.0,197,0.934010152284264,<=>
5312,ZCP4_1373,b3715,26.5,200,123,5,5,192,7,194,3.35e-08,49.3,217,0.9216589861751152,<=>
5320,ZCP4_1374,b3370,25.862,406,261,10,26,417,3,382,5.79e-17,79.7,477,0.8511530398322851,<=>
5333,ZCP4_1375,b0912,47.826,92,48,0,1,92,1,92,1.78e-28,95.9,94,0.9787234042553191,<=>
5337,ZCP4_1376,b1464,31.973,294,148,12,1,262,1,274,4.630000000000001e-27,103.0,279,1.053763440860215,<=>
5338,ZCP4_1377,b0911,46.763,556,292,3,10,564,3,555,0.0,522.0,568,0.9788732394366197,<=>
5345,ZCP4_1378,b0910,36.073,219,124,2,2,205,7,224,3.1899999999999994e-42,139.0,210,1.042857142857143,<=>
5346,ZCP4_1379,b0908,28.018,439,273,14,18,441,12,422,2.09e-30,119.0,453,0.9690949227373068,<=>
5347,ZCP4_1382,b1595,33.673,294,185,5,1,292,3,288,6.78e-47,156.0,304,0.9671052631578947,<=>
5383,ZCP4_1383,b3771,68.78,615,191,1,1,615,1,614,0.0,882.0,618,0.9951456310679612,<=>
5486,ZCP4_1397,b1781,55.914,279,115,5,2,273,4,281,1.95e-103,300.0,276,1.0108695652173914,<=>
5508,ZCP4_1399,b3011,61.917,386,145,1,1,384,1,386,1.12e-176,494.0,385,1.0025974025974025,<=>
5513,ZCP4_1400,b3960,45.119,461,243,5,11,466,2,457,2.94e-132,387.0,468,0.9850427350427351,<=>
5516,ZCP4_1402,b2838,32.644,435,241,15,2,408,1,411,1.1399999999999999e-54,184.0,421,1.0332541567695963,<=>
5518,ZCP4_1403,b1236,43.537,294,151,6,4,286,8,297,4.7600000000000005e-73,223.0,288,1.0208333333333333,<=>
5523,ZCP4_1404,b1342,27.632,304,207,6,27,321,28,327,8.26e-36,129.0,323,0.9411764705882353,<=>
5526,ZCP4_1408,b3146,44.014,284,149,6,10,286,3,283,1.02e-67,209.0,295,0.9627118644067797,<=>
5528,ZCP4_1411,b3437,45.732,164,83,3,2,159,10,173,2.07e-43,139.0,165,0.9939393939393939,<=>
5532,ZCP4_1412,b3415,41.379,435,246,4,8,441,3,429,1.0300000000000001e-110,330.0,451,0.9645232815964523,<=>
5539,ZCP4_1413,b2827,50.0,292,116,3,5,296,3,264,2.22e-102,297.0,296,0.9864864864864865,<=>
5540,ZCP4_1414,b1525,43.142,452,249,5,5,451,11,459,1.17e-114,342.0,458,0.9868995633187773,<=>
5551,ZCP4_1415,b3924,32.422,256,152,8,24,273,8,248,3.49e-32,116.0,275,0.9309090909090909,<=>
5556,ZCP4_1421,b3941,48.754,281,138,3,19,299,20,294,3.87e-98,288.0,301,0.9335548172757475,<=>
5560,ZCP4_1425,b2569,59.432,599,242,1,4,602,1,598,0.0,719.0,602,0.9950166112956811,<=>
5572,ZCP4_1428,b2125,32.558,258,141,7,3,257,2,229,1.13e-35,124.0,266,0.9699248120300752,<=>
5602,ZCP4_1431,b3961,38.754,289,176,1,7,295,2,289,2.17e-62,197.0,313,0.9233226837060703,<=>
5632,ZCP4_1432,b0605,37.952,166,96,2,20,178,14,179,9.29e-36,120.0,180,0.9222222222222223,<=>
5640,ZCP4_1436,b2379,55.385,390,174,0,5,394,10,399,9.42e-166,468.0,403,0.967741935483871,<=>
5648,ZCP4_1437,b0881,54.902,102,42,1,6,107,9,106,9.31e-35,112.0,107,0.9532710280373832,<=>
5649,ZCP4_1438,b3189,49.415,427,206,4,1,426,1,418,9.34e-139,400.0,426,1.0023474178403755,<=>
5650,ZCP4_1440,b2593,35.345,232,139,5,21,252,22,242,2e-33,118.0,252,0.9206349206349206,<=>
5651,ZCP4_1441,b0356,65.312,369,128,0,1,369,1,369,5.6000000000000005e-173,483.0,369,1.0,<=>
5668,ZCP4_1444,b0394,25.733,307,192,14,11,294,5,298,1.39e-10,57.8,301,1.0199335548172757,<=>
5682,ZCP4_1453,b2568,34.343,297,129,16,8,267,44,311,9.310000000000001e-27,103.0,292,1.0171232876712328,<=>
5683,ZCP4_1454,b2563,36.923,130,76,4,2,131,3,126,2.49e-20,77.4,134,0.9701492537313433,<=>
5684,ZCP4_1455,b2564,57.806,237,99,1,7,242,6,242,6.98e-92,268.0,256,0.92578125,<=>
5686,ZCP4_1457,b0492,25.175,286,197,6,19,303,15,284,2.15e-17,77.8,304,0.9407894736842105,<=>
5690,ZCP4_1459,b2907,34.358,358,226,3,6,358,2,355,2.13e-53,179.0,405,0.8839506172839506,<=>
5695,ZCP4_1461,b0891,25.701,214,124,12,16,217,5,195,0.000632,36.6,222,0.963963963963964,<=>
5703,ZCP4_1469,b2329,56.267,359,146,4,1,356,1,351,2.7e-135,387.0,358,1.0027932960893855,<=>
5704,ZCP4_1470,b1288,48.263,259,133,1,3,260,2,260,1.9099999999999999e-91,268.0,268,0.9664179104477612,<=>
5715,ZCP4_1472,b1000,34.969,326,165,11,1,303,3,304,3.3e-49,163.0,304,1.0723684210526316,<=>
5718,ZCP4_1473,b0512,32.723,437,265,12,1,416,1,429,1.94e-60,201.0,446,0.9798206278026906,<=>
5721,ZCP4_1475,b4177,50.0,428,210,4,3,427,4,430,3.3300000000000005e-144,415.0,429,0.9976689976689976,<=>
5727,ZCP4_1478,b0907,23.454,388,231,18,16,376,6,354,0.000263,39.7,386,1.005181347150259,<=>
5728,ZCP4_1479,b2957,44.479,317,171,3,40,353,23,337,1.84e-83,254.0,366,0.8661202185792349,<=>
5732,ZCP4_1481,b0847,29.663,563,366,10,10,558,8,554,9.77e-69,229.0,561,1.0035650623885919,<=>
5735,ZCP4_1484,b2599,30.556,324,195,9,26,330,63,375,2.74e-34,126.0,337,0.9614243323442137,<=>
5736,ZCP4_1485,b2961,38.079,302,166,7,9,298,5,297,8.77e-71,222.0,373,0.8096514745308311,<=>
5748,ZCP4_1496,b0636,31.25,160,86,6,1,141,1,155,7.3e-18,72.4,142,1.1267605633802817,<=>
5751,ZCP4_1499,b0243,41.827,416,238,1,14,425,1,416,3.02e-106,318.0,428,0.9719626168224299,<=>
5752,ZCP4_1501,b3178,57.699,617,255,4,35,649,10,622,0.0,716.0,662,0.93202416918429,<=>
5760,ZCP4_1506,b2232,34.413,247,140,5,24,262,8,240,1.67e-44,147.0,263,0.9391634980988594,<=>
5768,ZCP4_1509,b2829,31.503,765,479,16,15,759,1,740,1.1100000000000001e-100,324.0,762,1.0039370078740157,<=>
5776,ZCP4_1513,b0142,31.169,154,77,5,5,155,6,133,4.39e-13,60.8,183,0.8415300546448088,<=>
5777,ZCP4_1515,b1114,39.142,1142,654,18,38,1166,35,1148,0.0,763.0,1167,0.9785775492716366,<=>
5781,ZCP4_1516,b3652,40.429,653,345,14,15,639,13,649,1.78e-131,401.0,692,0.9436416184971098,<=>
5786,ZCP4_1517,b1637,45.939,394,192,5,6,382,4,393,1.4999999999999998e-119,351.0,409,0.9633251833740831,<=>
5787,ZCP4_1518,b1640,32.249,369,229,6,4,362,7,364,3.38e-45,156.0,365,1.010958904109589,<=>
5788,ZCP4_1520,b3384,37.838,370,185,3,8,377,6,330,6.61e-86,261.0,381,0.9711286089238845,<=>
5789,ZCP4_1521,b1069,37.137,517,309,8,30,543,2,505,4.23e-90,283.0,554,0.9332129963898917,<=>
5791,ZCP4_1525,b2813,26.884,398,229,14,21,410,10,353,5.3e-31,119.0,444,0.8963963963963963,<=>
5794,ZCP4_1528,b2472,39.211,380,208,8,8,375,6,374,4.23e-87,265.0,376,1.0106382978723405,<=>
5797,ZCP4_1529,b0150,34.156,729,423,18,53,751,38,739,9.010000000000001e-121,377.0,763,0.9554390563564875,<=>
5806,ZCP4_1533,b3865,42.021,188,100,3,20,204,9,190,2.79e-44,144.0,212,0.8867924528301887,<=>
5811,ZCP4_1535,b4557,52.941,68,32,0,3,70,9,76,6.34e-21,75.5,70,0.9714285714285714,<=>
5812,ZCP4_1537,b3765,45.0,500,262,5,2,498,3,492,1.9999999999999998e-134,395.0,504,0.9920634920634921,<=>
5817,ZCP4_1539,b3066,36.979,576,322,14,7,570,5,551,1.3e-108,336.0,628,0.9171974522292994,<=>
5818,ZCP4_1542,b0032,51.715,379,176,4,14,389,4,378,1.66e-134,387.0,390,0.9717948717948718,<=>
5821,ZCP4_1543,b0033,60.557,1113,389,11,1,1106,1,1070,0.0,1311.0,1110,1.0027027027027027,<=>
5825,ZCP4_1544,b3181,49.677,155,75,3,7,158,4,158,1.68e-41,133.0,158,0.9810126582278481,<=>
5830,ZCP4_1550,b2779,62.645,431,154,3,1,426,1,429,0.0,518.0,429,1.0046620046620047,<=>
5833,ZCP4_1557,b0214,62.143,140,53,0,9,148,3,142,1.13e-60,182.0,156,0.8974358974358975,<=>
5835,ZCP4_1561,b3589,63.446,383,140,0,1,383,1,383,0.0,504.0,383,1.0,<=>
5840,ZCP4_1563,b4053,31.034,348,220,9,11,341,8,352,2.1000000000000002e-32,121.0,349,0.997134670487106,<=>
5842,ZCP4_1564,b3194,32.71,214,143,1,48,260,46,259,6.19e-39,133.0,260,0.823076923076923,<=>
5939,ZCP4_1567,b2327,35.918,245,152,3,11,254,18,258,8.92e-39,133.0,255,0.9607843137254902,<=>
5940,ZCP4_1568,b4058,61.058,945,360,5,2,943,1,940,0.0,1167.0,946,0.9989429175475687,<=>
5998,ZCP4_1571,b3700,25.984,381,247,11,1,372,1,355,2.2400000000000002e-22,94.0,376,1.0132978723404256,<=>
5999,ZCP4_1572,b3699,56.638,821,321,10,8,812,3,804,0.0,874.0,812,1.0110837438423645,<=>
6021,ZCP4_1583,b3662,38.01,392,241,1,9,400,7,396,9.68e-87,266.0,406,0.9655172413793104,<=>
6043,ZCP4_1585,b1328,41.892,296,172,0,3,298,1,296,1.89e-92,273.0,304,0.9736842105263158,<=>
6080,ZCP4_1586,b2431,36.364,275,168,6,32,305,28,296,7.01e-49,162.0,309,0.889967637540453,<=>
6082,ZCP4_1588,b0734,27.838,370,221,8,8,337,7,370,5.47e-39,139.0,340,1.088235294117647,<=>
6086,ZCP4_1590,b0903,65.55,746,246,4,31,766,12,756,0.0,1016.0,771,0.9675745784695201,<=>
6091,ZCP4_1591,b0902,45.148,237,128,1,25,259,5,241,1.75e-77,232.0,263,0.9011406844106464,<=>
6099,ZCP4_1594,b1582,42.424,99,56,1,3,101,5,102,5.72e-18,70.1,107,0.9252336448598131,<=>
6101,ZCP4_1597,b1722,21.245,273,180,9,52,319,5,247,7.51e-07,46.6,327,0.8348623853211009,<=>
6102,ZCP4_1598,b2830,35.256,156,98,2,1,155,2,155,1.31e-28,100.0,155,1.0064516129032257,<=>
6113,ZCP4_1600,b2312,41.77,486,242,17,37,492,2,476,4.67e-104,318.0,508,0.9566929133858267,<=>
6115,ZCP4_1602,b2946,28.926,242,162,5,12,246,3,241,1.39e-22,90.1,256,0.9453125,<=>
6116,ZCP4_1603,b0417,30.565,301,199,7,24,320,27,321,1.15e-30,115.0,321,0.9376947040498442,<=>
6118,ZCP4_1604,b0416,30.597,134,83,3,19,152,12,135,2.87e-12,57.8,157,0.8535031847133758,<=>
6119,ZCP4_1605,b2020,39.206,403,236,4,30,429,32,428,2.4699999999999997e-89,275.0,430,0.9372093023255814,<=>
6129,ZCP4_1614,b3409,31.793,736,353,20,1,615,8,715,2.6499999999999997e-91,296.0,620,1.1870967741935483,<=>
6132,ZCP4_1616,b0184,42.326,1075,563,16,6,1053,6,1050,0.0,790.0,1174,0.9156729131175468,<=>
6134,ZCP4_1621,b3197,39.815,324,187,4,17,336,8,327,5.28e-76,234.0,336,0.9642857142857143,<=>
6138,ZCP4_1622,b2074,39.167,360,215,2,61,416,30,389,1.68e-83,259.0,440,0.8181818181818182,<=>
6146,ZCP4_1623,b2075,55.739,1028,448,4,3,1024,12,1038,0.0,1085.0,1032,0.9961240310077519,<=>
6177,ZCP4_1630,b1207,55.128,312,138,2,1,311,4,314,5.46e-121,347.0,311,1.0032154340836013,<=>
6180,ZCP4_1632,b1717,40.625,64,38,0,1,64,1,64,2.46e-06,37.7,67,0.9552238805970149,<=>
6181,ZCP4_1633,b1716,57.627,118,50,0,1,118,1,118,7.540000000000001e-37,119.0,125,0.944,<=>
6182,ZCP4_1634,b1714,52.571,350,142,5,5,354,1,326,8.82e-129,369.0,370,0.9459459459459459,<=>
6183,ZCP4_1635,b1713,31.762,806,509,17,1,783,1,788,4.66e-136,419.0,789,1.0215462610899873,<=>
6184,ZCP4_1636,b0914,35.343,481,303,5,114,591,104,579,2.62e-91,290.0,595,0.8084033613445378,<=>
6276,ZCP4_1638,b1212,37.247,247,142,7,27,267,7,246,2.05e-39,136.0,295,0.8372881355932204,<=>
6279,ZCP4_1639,b1211,57.102,352,145,4,8,356,8,356,6.36e-130,373.0,358,0.9832402234636871,<=>
6281,ZCP4_1640,b2514,41.889,413,232,3,4,408,3,415,9.750000000000001e-116,342.0,419,0.9856801909307876,<=>
6282,ZCP4_1641,b4226,52.299,174,83,0,13,186,1,174,2.75e-66,198.0,189,0.9206349206349206,<=>
6284,ZCP4_1645,b2023,36.916,214,104,9,24,226,2,195,8.03e-30,107.0,229,0.9344978165938864,<=>
6286,ZCP4_1646,b2024,33.878,245,148,6,6,241,1,240,2.02e-36,126.0,250,0.98,<=>
6289,ZCP4_1647,b2025,43.922,255,137,2,3,251,2,256,6.31e-65,200.0,255,1.0,<=>
6292,ZCP4_1649,b1103,39.286,112,68,0,11,122,3,114,1.75e-19,74.7,125,0.896,<=>
6293,ZCP4_1650,b1296,24.597,496,302,16,7,484,5,446,7.87e-19,85.9,498,0.9959839357429718,<=>
6309,ZCP4_1651,b3956,33.407,904,541,21,12,885,11,883,3.5300000000000004e-125,396.0,885,1.0214689265536723,<=>
6312,ZCP4_1657,b0918,38.017,242,127,8,1,236,1,225,2.95e-40,137.0,266,0.9097744360902256,<=>
6313,ZCP4_1658,b1215,46.816,267,134,2,27,291,21,281,6.61e-86,256.0,292,0.9143835616438356,<=>
6328,ZCP4_1661,b0160,28.571,497,270,15,9,436,13,493,1.7699999999999998e-41,151.0,446,1.1143497757847534,<=>
6336,ZCP4_1664,b0728,51.015,394,184,1,1,394,1,385,9.05e-133,383.0,398,0.9899497487437185,<=>
6337,ZCP4_1665,b0041,26.953,256,173,6,1,244,1,254,1.34e-15,71.2,249,1.0281124497991967,<=>
6341,ZCP4_1666,b1698,30.677,251,160,8,68,310,66,310,1.2800000000000001e-21,90.1,310,0.8096774193548387,<=>
6349,ZCP4_1671,b3871,55.39,603,267,2,3,604,5,606,0.0,665.0,605,0.996694214876033,<=>
6361,ZCP4_1673,b1009,23.207,237,158,7,45,259,15,249,2.84e-06,44.3,269,0.8810408921933085,<=>
6363,ZCP4_1674,b3110,66.821,431,139,2,15,441,12,442,0.0,587.0,442,0.9751131221719457,<=>
6368,ZCP4_1677,b3667,24.409,381,235,14,24,372,36,395,1.05e-09,57.0,424,0.8985849056603774,<=>
6371,ZCP4_1678,b3823,30.22,182,106,6,19,198,16,178,2.98e-11,57.8,218,0.8348623853211009,<=>
6373,ZCP4_1679,b1158,49.162,179,87,2,1,179,1,175,5.45e-52,162.0,198,0.9040404040404041,<=>
6376,ZCP4_1680,b1657,38.298,329,202,1,26,354,7,334,4.1300000000000005e-73,231.0,409,0.80440097799511,<=>
6392,ZCP4_1682,b0708,34.292,487,271,13,8,467,5,469,3.91e-83,261.0,469,1.0383795309168444,<=>
6394,ZCP4_1683,b1542,38.462,468,270,11,20,480,4,460,1.1e-99,306.0,503,0.9304174950298211,<=>
6399,ZCP4_1687,b3560,66.667,285,92,1,3,284,5,289,8.720000000000001e-144,403.0,290,0.9827586206896551,<=>
6400,ZCP4_1688,b3559,36.744,694,403,13,4,671,6,689,5.7e-123,379.0,682,1.0175953079178885,<=>
6409,ZCP4_1697,b0642,43.468,865,457,12,6,845,1,858,0.0,727.0,846,1.0224586288416075,<=>
6413,ZCP4_1700,b1645,23.731,670,443,18,4,648,17,643,6.09e-23,100.0,676,0.9911242603550295,<=>
6425,ZCP4_1704,b2086,24.638,276,191,8,28,296,27,292,2.47e-06,45.1,297,0.9292929292929293,<=>
6426,ZCP4_1707,b2592,57.643,857,358,3,1,855,1,854,0.0,1001.0,864,0.9918981481481481,<=>
6437,ZCP4_1710,b0522,35.447,347,191,9,10,354,3,318,1.16e-45,157.0,362,0.9585635359116023,<=>
6439,ZCP4_1711,b0523,58.71,155,64,0,17,171,10,164,1.4899999999999999e-52,162.0,179,0.8659217877094972,<=>
6440,ZCP4_1712,b4040,33.798,287,168,4,32,307,9,284,1.9e-35,127.0,318,0.9025157232704403,<=>
6442,ZCP4_1714,b0797,49.867,375,186,2,6,379,1,374,3.33e-121,358.0,458,0.8187772925764192,<=>
6454,ZCP4_1719,b0683,42.063,126,72,1,8,132,6,131,8.45e-30,102.0,143,0.8811188811188811,<=>
6455,ZCP4_1720,b3336,53.947,152,69,1,1,152,1,151,1.4e-55,169.0,163,0.9325153374233128,<=>
6456,ZCP4_1721,b3337,40.385,52,30,1,1,51,1,52,3.7e-06,37.0,57,0.9122807017543859,<=>
6459,ZCP4_1724,b2319,39.706,340,195,6,2,338,4,336,4.0900000000000003e-72,224.0,341,0.9970674486803519,<=>
6469,ZCP4_1729,b0156,39.423,104,62,1,13,115,11,114,9.27e-24,85.1,115,0.9043478260869565,<=>
6472,ZCP4_1730,b1749,35.878,262,158,5,3,254,2,263,2.11e-50,163.0,261,1.003831417624521,<=>
6473,ZCP4_1731,b2981,39.894,376,207,7,16,385,28,390,6.779999999999999e-83,255.0,385,0.9766233766233766,<=>
6474,ZCP4_1736,b4262,22.636,349,255,7,23,361,15,358,2.82e-18,82.0,364,0.9587912087912088,<=>
6475,ZCP4_1737,b4261,23.256,344,249,5,7,349,3,332,1.65e-14,71.2,403,0.8535980148883374,<=>
6477,ZCP4_1742,b3447,37.243,486,275,13,29,501,46,514,4.42e-78,254.0,563,0.8632326820603907,<=>
6510,ZCP4_1746,b2566,38.851,296,178,3,8,301,2,296,3.19e-61,194.0,306,0.9673202614379085,<=>
6549,ZCP4_1753,b2567,36.019,211,128,3,26,231,2,210,9.890000000000001e-37,126.0,246,0.8577235772357723,<=>
6566,ZCP4_1759,b3296,41.429,210,113,6,1,204,1,206,2.6e-41,136.0,204,1.0294117647058822,<=>
6582,ZCP4_1761,b3867,38.889,450,252,8,17,453,18,457,6.67e-105,317.0,453,0.9933774834437086,<=>
6589,ZCP4_1766,b0023,41.379,87,51,0,1,87,1,87,6.17e-15,60.8,87,1.0,<=>
6593,ZCP4_1788,b0226,43.023,86,48,1,1,85,1,86,1.96e-14,59.7,85,1.011764705882353,<=>
6595,ZCP4_1789,b0225,50.602,83,40,1,7,88,9,91,4.18e-25,87.0,89,0.9325842696629213,<=>
6598,ZCP4_1823,b1919,47.706,327,165,5,2,328,5,325,2.49e-90,270.0,336,0.9732142857142857,<=>
6599,ZCP4_1824,b3945,31.921,354,231,4,4,352,5,353,1.57e-51,172.0,359,0.9860724233983287,<=>
6601,ZCP4_1825,b3883,60.678,295,116,0,1,295,1,295,3.87e-120,343.0,298,0.9899328859060402,<=>
6608,ZCP4_1826,b3137,38.112,286,177,0,1,286,1,286,1.24e-70,217.0,287,0.9965156794425087,<=>
6638,ZCP4_1832,b3093,25.594,379,260,5,21,378,11,388,2.3800000000000002e-27,109.0,418,0.9066985645933014,<=>
6644,ZCP4_1833,b2661,46.154,481,254,3,3,483,7,482,2.07e-160,460.0,483,0.9958592132505176,<=>
6660,ZCP4_1846,b1635,25.0,200,120,6,31,228,27,198,9.55e-05,38.9,235,0.851063829787234,<=>
6997,ZCP4_1894,b3387,29.921,254,173,3,5,254,7,259,5.54e-33,119.0,266,0.9548872180451128,<=>
7006,ZCP4_1923,b3786,48.774,367,187,1,9,374,3,369,8.32e-120,349.0,380,0.9657894736842105,<=>
7007,ZCP4_1924,b0569,48.88,714,356,6,20,726,15,726,0.0,677.0,729,0.9794238683127572,<=>
7009,ZCP4_1926,b0567,30.345,290,181,9,4,275,1,287,8.87e-32,116.0,281,1.0320284697508897,<=>
