,imodulon,regulator,pvalue,qvalue,precision,recall,f1score,TP,regulon_size,imodulon_size,n_regs,fisher_p_value
0,nitrogen_fixation,ZMO0373,0.7916974010212574,0.7916974010212574,0.08333333333333333,0.004273504273504274,0.008130081300813009,1.0,234.0,12.0,1.0,1.0
1,SG_1,ZMO1697,0.08250652741514361,0.08250652741514361,1.0,0.006329113924050633,0.012578616352201257,1.0,158.0,1.0,1.0,0.08250652741514361
2,siderophore_receptor,ZMO0199,0.02451645101356968,0.13942887011287577,0.3333333333333333,0.02097902097902098,0.039473684210526314,3.0,143.0,9.0,1.0,0.02451645101356968
3,siderophore_receptor,ZMO0781,0.053626488504952226,0.13942887011287577,0.2222222222222222,0.024390243902439025,0.04395604395604396,2.0,82.0,9.0,1.0,0.053626488504952226
4,siderophore_receptor,ZMO1336,0.04048302880553662,0.13942887011287577,0.3333333333333333,0.017341040462427744,0.03296703296703296,3.0,173.0,9.0,1.0,0.04048302880553662
5,siderophore_receptor,ZMO1121,0.0391110510551865,0.13942887011287577,0.2222222222222222,0.028985507246376812,0.05128205128205128,2.0,69.0,9.0,1.0,0.0391110510551865
6,siderophore_receptor,ZMO0774,0.051277950473927206,0.13942887011287577,0.2222222222222222,0.025,0.04494382022471911,2.0,80.0,9.0,1.0,0.051277950473927206
7,siderophore_receptor,ZMO0373,0.3028419189525752,0.5143662728650849,0.2222222222222222,0.008547008547008548,0.01646090534979424,2.0,234.0,9.0,1.0,0.3028419189525752
8,siderophore_receptor,ZMO1412,0.321334732686322,0.5143662728650849,0.2222222222222222,0.00819672131147541,0.015810276679841896,2.0,244.0,9.0,1.0,0.321334732686322
9,siderophore_receptor,ZMO0023,0.25320890095614257,0.5143662728650849,0.1111111111111111,0.01639344262295082,0.028571428571428574,1.0,61.0,9.0,1.0,0.25320890095614257
10,siderophore_receptor,ZMO1857,0.39566636374237296,0.5143662728650849,0.1111111111111111,0.009615384615384616,0.01769911504424779,1.0,104.0,9.0,1.0,0.39566636374237296
11,siderophore_receptor,ZMO1787,0.3911710729462289,0.5143662728650849,0.2222222222222222,0.0070921985815602835,0.013745704467353952,2.0,282.0,9.0,1.0,0.6288234886229953
12,siderophore_receptor,ZMO1793,0.495779752948478,0.5859215262118376,0.1111111111111111,0.007142857142857143,0.013422818791946307,1.0,140.0,9.0,1.0,0.495779752948478
13,siderophore_receptor,ZMO0940,0.6123774785060008,0.6123774785060008,0.1111111111111111,0.005235602094240838,0.01,1.0,191.0,9.0,1.0,1.0
14,siderophore_receptor,ZMO1206,0.5720930760102184,0.6123774785060008,0.1111111111111111,0.005813953488372093,0.011049723756906077,1.0,172.0,9.0,1.0,0.5720930760102184
15,motility,ZMO1126,0.04065901003733666,0.5285671304853765,0.15789473684210525,0.0379746835443038,0.061224489795918366,3.0,79.0,19.0,1.0,0.04065901003733666
16,motility,ZMO0023,0.46099385125102216,0.952270533129762,0.05263157894736842,0.01639344262295082,0.025,1.0,61.0,19.0,1.0,0.46099385125102216
17,motility,ZMO0373,0.6950547794186226,0.952270533129762,0.10526315789473684,0.008547008547008548,0.0158102766798419,2.0,234.0,19.0,1.0,1.0
18,motility,ZMO0940,0.8655145434153904,0.952270533129762,0.05263157894736842,0.005235602094240838,0.009523809523809525,1.0,191.0,19.0,1.0,0.713420017112185
19,motility,ZMO1206,0.8341976638650246,0.952270533129762,0.05263157894736842,0.005813953488372093,0.010471204188481676,1.0,172.0,19.0,1.0,1.0
20,motility,ZMO1336,0.8360050329909939,0.952270533129762,0.05263157894736842,0.005780346820809248,0.010416666666666668,1.0,173.0,19.0,1.0,1.0
21,motility,ZMO1412,0.9259297856796299,0.952270533129762,0.05263157894736842,0.004098360655737705,0.007604562737642586,1.0,244.0,19.0,1.0,0.4977196177604448
22,motility,ZMO1793,0.7653164550665207,0.952270533129762,0.05263157894736842,0.007142857142857143,0.012578616352201257,1.0,140.0,19.0,1.0,1.0
23,motility,ZMO1857,0.6556485863493577,0.952270533129762,0.05263157894736842,0.009615384615384616,0.016260162601626018,1.0,104.0,19.0,1.0,1.0
24,motility,ZMO0199,0.7727765484183486,0.952270533129762,0.05263157894736842,0.006993006993006993,0.01234567901234568,1.0,143.0,19.0,1.0,1.0
25,motility,ZMO1061,0.29682139864834833,0.952270533129762,0.05263157894736842,0.02857142857142857,0.037037037037037035,1.0,35.0,19.0,1.0,0.29682139864834833
26,motility,ZMO1697,0.8068273355195563,0.952270533129762,0.05263157894736842,0.006329113924050633,0.011299435028248588,1.0,158.0,19.0,1.0,1.0
27,motility,ZMO1787,0.952270533129762,0.952270533129762,0.05263157894736842,0.0035460992907801418,0.0066445182724252485,1.0,282.0,19.0,1.0,0.3413022689905759
28,SG_2,ZMO0774,0.04177545691906005,0.0835509138381201,1.0,0.0125,0.02469135802469136,1.0,80.0,1.0,1.0,0.04177545691906005
29,SG_2,ZMO0373,0.12219321148825067,0.12219321148825067,1.0,0.004273504273504274,0.00851063829787234,1.0,234.0,1.0,1.0,0.12219321148825067
30,SG_3,ZMO0199,0.07467362924281985,0.12219321148825067,1.0,0.006993006993006993,0.013888888888888888,1.0,143.0,1.0,1.0,0.07467362924281985
31,SG_3,ZMO0373,0.12219321148825067,0.12219321148825067,1.0,0.004273504273504274,0.00851063829787234,1.0,234.0,1.0,1.0,0.12219321148825067
32,DNA_repair_maybe,ZMO0203,0.00014074469220334108,0.002674149151863481,0.21052631578947367,0.13793103448275862,0.16666666666666666,4.0,29.0,19.0,1.0,0.00014074469220334108
33,DNA_repair_maybe,ZMO1937,0.010305137178416699,0.09789880319495864,0.10526315789473684,0.125,0.11428571428571428,2.0,16.0,19.0,1.0,0.010305137178416699
34,DNA_repair_maybe,ZMO0050,0.029485920482970465,0.10621040810004471,0.05263157894736842,0.3333333333333333,0.09090909090909091,1.0,3.0,19.0,1.0,0.029485920482970465
35,DNA_repair_maybe,ZMO0244,0.019750034785597947,0.10621040810004471,0.05263157894736842,0.5,0.09523809523809525,1.0,2.0,19.0,1.0,0.019750034785597947
36,DNA_repair_maybe,ZMO0478,0.03913015035264805,0.10621040810004471,0.05263157894736842,0.25,0.08695652173913043,1.0,4.0,19.0,1.0,0.03913015035264805
37,DNA_repair_maybe,ZMO0925,0.03913015035264805,0.10621040810004471,0.05263157894736842,0.25,0.08695652173913043,1.0,4.0,19.0,1.0,0.03913015035264805
38,DNA_repair_maybe,ZMO1944,0.029485920482970465,0.10621040810004471,0.05263157894736842,0.3333333333333333,0.09090909090909091,1.0,3.0,19.0,1.0,0.029485920482970465
39,DNA_repair_maybe,ZMO1787,0.048825056520421954,0.11595950923600215,0.3157894736842105,0.02127659574468085,0.0398671096345515,6.0,282.0,19.0,1.0,0.048825056520421954
40,DNA_repair_maybe,ZMO0471,0.06752102447770934,0.1425443850084975,0.05263157894736842,0.14285714285714285,0.07692307692307693,1.0,7.0,19.0,1.0,0.06752102447770934
41,DNA_repair_maybe,ZMO1857,0.08005675226593975,0.15210782930528555,0.15789473684210525,0.028846153846153848,0.048780487804878044,3.0,104.0,19.0,1.0,0.08005675226593975
42,DNA_repair_maybe,ZMO0100,0.18982293792840393,0.30055298505330624,0.05263157894736842,0.047619047619047616,0.05,1.0,21.0,19.0,1.0,0.18982293792840393
43,DNA_repair_maybe,ZMO1126,0.18321503801345754,0.30055298505330624,0.10526315789473684,0.02531645569620253,0.04081632653061224,2.0,79.0,19.0,1.0,0.18321503801345754
44,DNA_repair_maybe,ZMO0373,0.4153716484524913,0.6070816400459488,0.15789473684210525,0.01282051282051282,0.023715415019762844,3.0,234.0,19.0,1.0,0.4983842367364707
45,DNA_repair_maybe,ZMO1697,0.4733573304762598,0.6424135199320669,0.10526315789473684,0.012658227848101266,0.022598870056497175,2.0,158.0,19.0,1.0,0.6665299949567035
46,DNA_repair_maybe,ZMO0781,0.5663556584665159,0.6725473444289877,0.05263157894736842,0.012195121951219513,0.019801980198019802,1.0,82.0,19.0,1.0,0.5663556584665159
47,DNA_repair_maybe,ZMO0774,0.55723160806502,0.6725473444289877,0.05263157894736842,0.0125,0.020202020202020204,1.0,80.0,19.0,1.0,0.55723160806502
48,DNA_repair_maybe,ZMO0940,0.8655145434153904,0.9135986847162454,0.05263157894736842,0.005235602094240838,0.009523809523809525,1.0,191.0,19.0,1.0,0.713420017112185
49,DNA_repair_maybe,ZMO1336,0.8360050329909939,0.9135986847162454,0.05263157894736842,0.005780346820809248,0.010416666666666668,1.0,173.0,19.0,1.0,1.0
50,DNA_repair_maybe,ZMO1412,0.9259297856796299,0.9259297856796299,0.05263157894736842,0.004098360655737705,0.007604562737642586,1.0,244.0,19.0,1.0,0.4977196177604448
51,tetR_family_KO_2,ZMO0281,0.0020887728459530026,0.010443864229765011,0.25,1.0,0.4,1.0,1.0,4.0,1.0,0.0020887728459530026
52,tetR_family_KO_2,ZMO1937,0.033029406427326526,0.08257351606831631,0.25,0.0625,0.1,1.0,16.0,4.0,1.0,0.033029406427326526
53,tetR_family_KO_2,ZMO1336,0.31548624050961754,0.3943578006370219,0.25,0.005780346820809248,0.011299435028248588,1.0,173.0,4.0,1.0,0.31548624050961754
54,tetR_family_KO_2,ZMO0199,0.2670576635074898,0.3943578006370219,0.25,0.006993006993006993,0.01360544217687075,1.0,143.0,4.0,1.0,0.2670576635074898
55,tetR_family_KO_2,ZMO0373,0.4065200135723466,0.4065200135723466,0.25,0.004273504273504274,0.008403361344537816,1.0,234.0,4.0,1.0,0.4065200135723466
56,ethanol_fermentation,ZMO1697,0.02009340435106735,0.22102744786174086,0.25,0.03164556962025317,0.05617977528089888,5.0,158.0,20.0,1.0,0.02009340435106735
57,ethanol_fermentation,ZMO0199,0.056476770379342955,0.31062223708638625,0.2,0.027972027972027972,0.049079754601226995,4.0,143.0,20.0,1.0,0.056476770379342955
58,ethanol_fermentation,ZMO1336,0.0993348056901461,0.36422762086386906,0.2,0.023121387283236993,0.04145077720207254,4.0,173.0,20.0,1.0,0.0993348056901461
59,ethanol_fermentation,ZMO1412,0.2448424347058063,0.5322831794263653,0.2,0.01639344262295082,0.030303030303030307,4.0,244.0,20.0,1.0,0.3093804062549895
60,ethanol_fermentation,ZMO1787,0.3387256596349597,0.5322831794263653,0.2,0.014184397163120567,0.026490066225165563,4.0,282.0,20.0,1.0,0.5213361831986236
61,ethanol_fermentation,ZMO0940,0.32142465796034214,0.5322831794263653,0.15,0.015706806282722512,0.028436018957345974,3.0,191.0,20.0,1.0,0.4423622652793081
62,ethanol_fermentation,ZMO1061,0.3098020162893334,0.5322831794263653,0.05,0.02857142857142857,0.03636363636363636,1.0,35.0,20.0,1.0,0.3098020162893334
63,ethanol_fermentation,ZMO1121,0.5217702969647151,0.6032576001154458,0.05,0.014492753623188406,0.02247191011235955,1.0,69.0,20.0,1.0,0.5217702969647151
64,ethanol_fermentation,ZMO0023,0.4783352938004355,0.6032576001154458,0.05,0.01639344262295082,0.02469135802469136,1.0,61.0,20.0,1.0,0.4783352938004355
65,ethanol_fermentation,ZMO1206,0.5484160001049507,0.6032576001154458,0.1,0.011627906976744186,0.020833333333333332,2.0,172.0,20.0,1.0,0.6991771960420277
66,ethanol_fermentation,ZMO0373,0.9272326362194231,0.9272326362194231,0.05,0.004273504273504274,0.007874015748031498,1.0,234.0,20.0,1.0,0.49911413019661366
67,heat_response,ZMO0023,0.1948294980189576,0.7642254660278432,0.0625,0.04918032786885246,0.055045871559633024,3.0,61.0,48.0,1.0,0.1948294980189576
68,heat_response,ZMO0373,0.22501006690875522,0.7642254660278432,0.16666666666666666,0.03418803418803419,0.05673758865248227,8.0,234.0,48.0,1.0,0.367936288401031
69,heat_response,ZMO1697,0.36261981919358016,0.7642254660278432,0.10416666666666667,0.03164556962025317,0.04854368932038835,5.0,158.0,48.0,1.0,0.5904365579894842
70,heat_response,ZMO1336,0.6435582871813417,0.7642254660278432,0.08333333333333333,0.023121387283236993,0.03619909502262443,4.0,173.0,48.0,1.0,1.0
71,heat_response,ZMO1793,0.4707250963663826,0.7642254660278432,0.08333333333333333,0.02857142857142857,0.0425531914893617,4.0,140.0,48.0,1.0,0.7758844394346649
72,heat_response,ZMO1412,0.261260153405261,0.7642254660278432,0.16666666666666666,0.03278688524590164,0.0547945205479452,8.0,244.0,48.0,1.0,0.3819419926627238
73,heat_response,ZMO0100,0.41486916417096986,0.7642254660278432,0.020833333333333332,0.047619047619047616,0.028985507246376812,1.0,21.0,48.0,1.0,0.41486916417096986
74,heat_response,ZMO1787,0.1572244509131149,0.7642254660278432,0.20833333333333334,0.03546099290780142,0.060606060606060615,10.0,282.0,48.0,1.0,0.2179894627681859
75,heat_response,ZMO0774,0.6045680581794144,0.7642254660278432,0.041666666666666664,0.025,0.03125,2.0,80.0,48.0,1.0,1.0
76,heat_response,ZMO1356,0.35168425350254234,0.7642254660278432,0.020833333333333332,0.058823529411764705,0.03076923076923077,1.0,17.0,48.0,1.0,0.35168425350254234
77,heat_response,ZMO1857,0.48932795319402084,0.7642254660278432,0.0625,0.028846153846153848,0.039473684210526314,3.0,104.0,48.0,1.0,0.7429750718919801
78,heat_response,ZMO1206,0.4350573254208372,0.7642254660278432,0.10416666666666667,0.029069767441860465,0.04545454545454545,5.0,172.0,48.0,1.0,0.6140814487220028
79,heat_response,ZMO1937,0.3348721757975837,0.7642254660278432,0.020833333333333332,0.0625,0.03125,1.0,16.0,48.0,1.0,0.3348721757975837
80,heat_response,ZMO1574,0.45826081653437306,0.7642254660278432,0.020833333333333332,0.041666666666666664,0.027777777777777776,1.0,24.0,48.0,1.0,0.45826081653437306
81,heat_response,ZMO1126,0.5975684536309842,0.7642254660278432,0.041666666666666664,0.02531645569620253,0.031496062992125984,2.0,79.0,48.0,1.0,1.0
82,heat_response,ZMO1061,0.5920265523158943,0.7642254660278432,0.020833333333333332,0.02857142857142857,0.024096385542168672,1.0,35.0,48.0,1.0,0.5920265523158943
83,heat_response,ZMO0940,0.7215473404675019,0.8064352628754433,0.08333333333333333,0.020942408376963352,0.03347280334728033,4.0,191.0,48.0,1.0,1.0
84,heat_response,ZMO0199,0.8856320675758315,0.8856320675758315,0.041666666666666664,0.013986013986013986,0.020942408376963352,2.0,143.0,48.0,1.0,0.577153690181348
85,heat_response,ZMO0781,0.8808604980487695,0.8856320675758315,0.020833333333333332,0.012195121951219513,0.015384615384615384,1.0,82.0,48.0,1.0,0.7203223613960212
86,zur_KO,ZMO0631,0.01455277694689764,0.04365833084069292,0.25,0.14285714285714285,0.18181818181818182,1.0,7.0,4.0,1.0,0.01455277694689764
87,zur_KO,ZMO0203,0.059257657957636635,0.07547277442080694,0.25,0.034482758620689655,0.0606060606060606,1.0,29.0,4.0,1.0,0.059257657957636635
88,zur_KO,ZMO0373,0.07547277442080694,0.07547277442080694,0.5,0.008547008547008548,0.016806722689075633,2.0,234.0,4.0,1.0,0.07547277442080694
89,unknown_1,ZMO0940,0.009900936073619967,0.0647061230837228,1.0,0.010471204188481676,0.020725388601036274,2.0,191.0,2.0,1.0,0.009900936073619967
90,unknown_1,ZMO1412,0.0161765307709307,0.0647061230837228,1.0,0.00819672131147541,0.016260162601626018,2.0,244.0,2.0,1.0,0.0161765307709307
91,unknown_1,ZMO0781,0.08382756165235683,0.16765512330471366,0.5,0.012195121951219513,0.023809523809523808,1.0,82.0,2.0,1.0,0.08382756165235683
92,unknown_1,ZMO1121,0.07078255318104062,0.16765512330471366,0.5,0.014492753623188406,0.028169014084507046,1.0,69.0,2.0,1.0,0.07078255318104062
93,unknown_1,ZMO0199,0.14380720866720687,0.17256057468536085,0.5,0.006993006993006993,0.013793103448275862,1.0,143.0,2.0,1.0,0.14380720866720687
94,unknown_1,ZMO1206,0.1716100411697783,0.17256057468536085,0.5,0.005813953488372093,0.011494252873563218,1.0,172.0,2.0,1.0,0.1716100411697783
95,unknown_1,ZMO1336,0.17256057468536085,0.17256057468536085,0.5,0.005780346820809248,0.011428571428571427,1.0,173.0,2.0,1.0,0.17256057468536085
96,unknown_1,ZMO1793,0.1409048620716938,0.17256057468536085,0.5,0.007142857142857143,0.014084507042253521,1.0,140.0,2.0,1.0,0.1409048620716938
97,noise_1,ZMO0023,0.38577603855203635,0.6266081378858372,0.06666666666666667,0.01639344262295082,0.02631578947368421,1.0,61.0,15.0,1.0,0.38577603855203635
98,noise_1,ZMO1206,0.14555740390476068,0.6266081378858372,0.2,0.01744186046511628,0.0320855614973262,3.0,172.0,15.0,1.0,0.14555740390476068
99,noise_1,ZMO1697,0.3547123621076834,0.6266081378858372,0.13333333333333333,0.012658227848101266,0.023121387283236993,2.0,158.0,15.0,1.0,0.3547123621076834
100,noise_1,ZMO0373,0.2744364806718414,0.6266081378858372,0.2,0.01282051282051282,0.024096385542168672,3.0,234.0,15.0,1.0,0.41492837025555357
101,noise_1,ZMO1336,0.39875063320007825,0.6266081378858372,0.13333333333333333,0.011560693641618497,0.02127659574468085,2.0,173.0,15.0,1.0,0.6390834821083051
102,noise_1,ZMO1574,0.17293909347227454,0.6266081378858372,0.06666666666666667,0.041666666666666664,0.05128205128205127,1.0,24.0,15.0,1.0,0.17293909347227454
103,noise_1,ZMO1857,0.19411378787665512,0.6266081378858372,0.13333333333333333,0.019230769230769232,0.03361344537815126,2.0,104.0,15.0,1.0,0.19411378787665512
104,noise_1,ZMO0199,0.6891919387150807,0.7581111325865888,0.06666666666666667,0.006993006993006993,0.012658227848101266,1.0,143.0,15.0,1.0,1.0
105,noise_1,ZMO1793,0.6811726240139261,0.7581111325865888,0.06666666666666667,0.007142857142857143,0.012903225806451613,1.0,140.0,15.0,1.0,1.0
106,noise_1,ZMO1412,0.5879374284576687,0.7581111325865888,0.13333333333333333,0.00819672131147541,0.015444015444015443,2.0,244.0,15.0,1.0,1.0
107,noise_1,ZMO1787,0.9091915489608882,0.9091915489608882,0.06666666666666667,0.0035460992907801418,0.006734006734006734,1.0,282.0,15.0,1.0,0.7119226377697185
108,motility_plasmid,ZMO1937,0.0006696090561664517,0.009374526786330325,0.13636363636363635,0.1875,0.15789473684210525,3.0,16.0,22.0,1.0,0.0006696090561664517
109,motility_plasmid,ZMO1854,0.022850454668227244,0.1599531826775907,0.045454545454545456,0.5,0.08333333333333334,1.0,2.0,22.0,1.0,0.022850454668227244
110,motility_plasmid,ZMO0373,0.04295699025558756,0.2004659545260753,0.2727272727272727,0.02564102564102564,0.04687499999999999,6.0,234.0,22.0,1.0,0.04295699025558756
111,motility_plasmid,ZMO1126,0.22921577674948188,0.6418041748985492,0.09090909090909091,0.02531645569620253,0.039603960396039604,2.0,79.0,22.0,1.0,0.22921577674948188
112,motility_plasmid,ZMO0199,0.22324153138480068,0.6418041748985492,0.13636363636363635,0.02097902097902098,0.03636363636363636,3.0,143.0,22.0,1.0,0.22324153138480068
113,motility_plasmid,ZMO1206,0.3161171262496742,0.7376066279159065,0.13636363636363635,0.01744186046511628,0.03092783505154639,3.0,172.0,22.0,1.0,0.4407460399174662
114,motility_plasmid,ZMO0774,0.6109738058555196,0.868347968529275,0.045454545454545456,0.0125,0.019607843137254905,1.0,80.0,22.0,1.0,0.6109738058555196
115,motility_plasmid,ZMO1793,0.486236323378656,0.868347968529275,0.09090909090909091,0.014285714285714285,0.024691358024691357,2.0,140.0,22.0,1.0,0.6726536772871866
116,motility_plasmid,ZMO1697,0.5533450557101699,0.868347968529275,0.09090909090909091,0.012658227848101266,0.022222222222222223,2.0,158.0,22.0,1.0,0.702115773915685
117,motility_plasmid,ZMO0781,0.6202485489494821,0.868347968529275,0.045454545454545456,0.012195121951219513,0.019230769230769232,1.0,82.0,22.0,1.0,0.6202485489494821
118,motility_plasmid,ZMO1857,0.7092893311017305,0.902731875947657,0.045454545454545456,0.009615384615384616,0.015873015873015876,1.0,104.0,22.0,1.0,1.0
119,motility_plasmid,ZMO1787,0.8572810933702599,0.9444013837366264,0.09090909090909091,0.0070921985815602835,0.013157894736842106,2.0,282.0,22.0,1.0,0.7603412764802309
120,motility_plasmid,ZMO1336,0.8769441420411531,0.9444013837366264,0.045454545454545456,0.005780346820809248,0.010256410256410256,1.0,173.0,22.0,1.0,0.7145863068574854
121,motility_plasmid,ZMO1412,0.9510156736602722,0.9510156736602722,0.045454545454545456,0.004098360655737705,0.007518796992481204,1.0,244.0,22.0,1.0,0.3466328662594307
122,unknown_2,ZMO1206,0.06690560663266866,0.3345280331633433,0.4,0.011627906976744186,0.02259887005649717,2.0,172.0,5.0,1.0,0.06690560663266866
123,unknown_2,ZMO0199,0.32190368868720154,0.5495000655330541,0.2,0.006993006993006993,0.013513513513513513,1.0,143.0,5.0,1.0,0.32190368868720154
124,unknown_2,ZMO1412,0.49451689204178506,0.5495000655330541,0.2,0.004098360655737705,0.008032128514056226,1.0,244.0,5.0,1.0,0.49451689204178506
125,unknown_2,ZMO1787,0.5495000655330541,0.5495000655330541,0.2,0.0035460992907801418,0.006968641114982578,1.0,282.0,5.0,1.0,0.5495000655330541
126,unknown_2,ZMO0940,0.4089955560091435,0.5495000655330541,0.2,0.005235602094240838,0.010204081632653062,1.0,191.0,5.0,1.0,0.4089955560091435
127,unknown_3,ZMO0373,0.006474760762337767,0.09166591638906396,0.45454545454545453,0.021367521367521368,0.04081632653061225,5.0,234.0,11.0,1.0,0.006474760762337767
128,unknown_3,ZMO1733,0.011458239548632995,0.09166591638906396,0.09090909090909091,0.5,0.15384615384615385,1.0,2.0,11.0,1.0,0.011458239548632995
129,unknown_3,ZMO0781,0.07753413807881261,0.16651242332124644,0.18181818181818182,0.024390243902439025,0.043010752688172046,2.0,82.0,11.0,1.0,0.07753413807881261
130,unknown_3,ZMO0774,0.07423925177072312,0.16651242332124644,0.18181818181818182,0.025,0.04395604395604396,2.0,80.0,11.0,1.0,0.07423925177072312
131,unknown_3,ZMO1336,0.069563544651487,0.16651242332124644,0.2727272727272727,0.017341040462427744,0.03260869565217391,3.0,173.0,11.0,1.0,0.069563544651487
132,unknown_3,ZMO1356,0.09366323811820113,0.16651242332124644,0.09090909090909091,0.058823529411764705,0.07142857142857142,1.0,17.0,11.0,1.0,0.09366323811820113
133,unknown_3,ZMO1787,0.06503989574757521,0.16651242332124644,0.36363636363636365,0.014184397163120567,0.0273037542662116,4.0,282.0,11.0,1.0,0.06503989574757521
134,unknown_3,ZMO1206,0.06857916232753575,0.16651242332124644,0.2727272727272727,0.01744186046511628,0.03278688524590164,3.0,172.0,11.0,1.0,0.06857916232753575
135,unknown_3,ZMO1937,0.08838267435723729,0.16651242332124644,0.09090909090909091,0.0625,0.07407407407407407,1.0,16.0,11.0,1.0,0.08838267435723729
136,unknown_3,ZMO0023,0.30025703019748895,0.4385843298581598,0.09090909090909091,0.01639344262295082,0.02777777777777778,1.0,61.0,11.0,1.0,0.30025703019748895
137,unknown_3,ZMO0940,0.3015267267774849,0.4385843298581598,0.18181818181818182,0.010471204188481676,0.019801980198019802,2.0,191.0,11.0,1.0,0.3015267267774849
138,unknown_3,ZMO1412,0.41833086699629524,0.5577744893283937,0.18181818181818182,0.00819672131147541,0.01568627450980392,2.0,244.0,11.0,1.0,0.6406904596129014
139,unknown_3,ZMO1857,0.45983381894507047,0.5659493156247021,0.09090909090909091,0.009615384615384616,0.01739130434782609,1.0,104.0,11.0,1.0,0.45983381894507047
140,unknown_3,ZMO0199,0.575151682977113,0.6131818476160241,0.09090909090909091,0.006993006993006993,0.012987012987012986,1.0,143.0,11.0,1.0,0.575151682977113
141,unknown_3,ZMO1697,0.6131818476160241,0.6131818476160241,0.09090909090909091,0.006329113924050633,0.011834319526627219,1.0,158.0,11.0,1.0,0.6131818476160241
142,unknown_3,ZMO1793,0.5671496096435007,0.6131818476160241,0.09090909090909091,0.007142857142857143,0.013245033112582781,1.0,140.0,11.0,1.0,0.5671496096435007
143,toxin_secretion,ZMO0781,0.01665207627203791,0.17787142274058698,0.4,0.024390243902439025,0.04597701149425288,2.0,82.0,5.0,1.0,0.01665207627203791
144,toxin_secretion,ZMO1336,0.06761417270880936,0.17787142274058698,0.4,0.011560693641618497,0.02247191011235955,2.0,173.0,5.0,1.0,0.06761417270880936
145,toxin_secretion,ZMO1206,0.06690560663266866,0.17787142274058698,0.4,0.011627906976744186,0.02259887005649717,2.0,172.0,5.0,1.0,0.06690560663266866
146,toxin_secretion,ZMO0940,0.0808506467002668,0.17787142274058698,0.4,0.010471204188481676,0.020408163265306124,2.0,191.0,5.0,1.0,0.0808506467002668
147,toxin_secretion,ZMO1793,0.04583624651887736,0.17787142274058698,0.4,0.014285714285714285,0.027586206896551724,2.0,140.0,5.0,1.0,0.04583624651887736
148,toxin_secretion,ZMO0023,0.14958674275761713,0.21155590148355385,0.2,0.01639344262295082,0.030303030303030307,1.0,61.0,5.0,1.0,0.14958674275761713
149,toxin_secretion,ZMO1126,0.19011798576227837,0.21155590148355385,0.2,0.012658227848101266,0.023809523809523808,1.0,79.0,5.0,1.0,0.19011798576227837
150,toxin_secretion,ZMO0774,0.19232354680323077,0.21155590148355385,0.2,0.0125,0.023529411764705885,1.0,80.0,5.0,1.0,0.19232354680323077
151,toxin_secretion,ZMO1121,0.16779621210590479,0.21155590148355385,0.2,0.014492753623188406,0.027027027027027025,1.0,69.0,5.0,1.0,0.16779621210590479
152,toxin_secretion,ZMO1412,0.12457724494579137,0.21155590148355385,0.4,0.00819672131147541,0.016064257028112452,2.0,244.0,5.0,1.0,0.12457724494579137
153,toxin_secretion,ZMO0373,0.4791910323185898,0.4791910323185898,0.2,0.004273504273504274,0.008368200836820083,1.0,234.0,5.0,1.0,0.4791910323185898
154,SG_5,ZMO1235,0.0020887728459530026,0.010443864229765011,1.0,0.25,0.4,1.0,4.0,1.0,1.0,0.0020887728459530026
155,SG_5,ZMO0203,0.01514360313315927,0.037859007832898174,1.0,0.034482758620689655,0.06666666666666667,1.0,29.0,1.0,1.0,0.01514360313315927
156,SG_5,ZMO1206,0.0898172323759791,0.11227154046997388,1.0,0.005813953488372093,0.011560693641618497,1.0,172.0,1.0,1.0,0.0898172323759791
157,SG_5,ZMO1793,0.0731070496083551,0.11227154046997388,1.0,0.007142857142857143,0.014184397163120567,1.0,140.0,1.0,1.0,0.0731070496083551
158,SG_5,ZMO1412,0.12741514360313316,0.12741514360313316,1.0,0.004098360655737705,0.00816326530612245,1.0,244.0,1.0,1.0,0.12741514360313316
159,regulatory_plasmid,ZMO1937,0.0056193353861236535,0.056193353861236535,0.14285714285714285,0.125,0.13333333333333333,2.0,16.0,14.0,1.0,0.0056193353861236535
160,regulatory_plasmid,ZMO0373,0.5251240378198966,0.6864212950932861,0.14285714285714285,0.008547008547008548,0.016129032258064516,2.0,234.0,14.0,1.0,0.6853370444777471
161,regulatory_plasmid,ZMO1206,0.3624734286256506,0.6864212950932861,0.14285714285714285,0.011627906976744186,0.02150537634408602,2.0,172.0,14.0,1.0,0.3624734286256506
162,regulatory_plasmid,ZMO1121,0.4028193134162518,0.6864212950932861,0.07142857142857142,0.014492753623188406,0.024096385542168672,1.0,69.0,14.0,1.0,0.4028193134162518
163,regulatory_plasmid,ZMO1412,0.5491370360746289,0.6864212950932861,0.14285714285714285,0.00819672131147541,0.015503875968992248,2.0,244.0,14.0,1.0,0.6964627739911179
164,regulatory_plasmid,ZMO1697,0.3234707863870168,0.6864212950932861,0.14285714285714285,0.012658227848101266,0.023255813953488372,2.0,158.0,14.0,1.0,0.3234707863870168
165,regulatory_plasmid,ZMO0774,0.4509170065435793,0.6864212950932861,0.07142857142857142,0.0125,0.02127659574468085,1.0,80.0,14.0,1.0,0.4509170065435793
166,regulatory_plasmid,ZMO1336,0.36524043558746205,0.6864212950932861,0.14285714285714285,0.011560693641618497,0.021390374331550804,2.0,173.0,14.0,1.0,0.36524043558746205
167,regulatory_plasmid,ZMO1787,0.6335238233140568,0.7039153592378409,0.14285714285714285,0.0070921985815602835,0.01351351351351351,2.0,282.0,14.0,1.0,1.0
168,regulatory_plasmid,ZMO0940,0.7715132838881874,0.7715132838881874,0.07142857142857142,0.005235602094240838,0.00975609756097561,1.0,191.0,14.0,1.0,1.0
169,low_pH_response,ZMO0199,0.14111070667477618,0.4233321200243286,0.2222222222222222,0.013986013986013986,0.026315789473684213,2.0,143.0,9.0,1.0,0.14111070667477618
170,low_pH_response,ZMO0373,0.08653361132799633,0.4233321200243286,0.3333333333333333,0.01282051282051282,0.024691358024691357,3.0,234.0,9.0,1.0,0.08653361132799633
171,low_pH_response,ZMO1206,0.5720930760102184,0.6865116912122621,0.1111111111111111,0.005813953488372093,0.011049723756906077,1.0,172.0,9.0,1.0,0.5720930760102184
172,low_pH_response,ZMO1697,0.5400714287469102,0.6865116912122621,0.1111111111111111,0.006329113924050633,0.011976047904191616,1.0,158.0,9.0,1.0,0.5400714287469102
173,low_pH_response,ZMO1857,0.39566636374237296,0.6865116912122621,0.1111111111111111,0.009615384615384616,0.01769911504424779,1.0,104.0,9.0,1.0,0.39566636374237296
174,low_pH_response,ZMO1787,0.7623475843232337,0.7623475843232337,0.1111111111111111,0.0035460992907801418,0.006872852233676976,1.0,282.0,9.0,1.0,1.0
175,membrane_cobalmin,ZMO1412,3.619136155818216e-07,1.0495494851872827e-05,0.45,0.07377049180327869,0.1267605633802817,18.0,244.0,40.0,1.0,3.619136155818216e-07
176,membrane_cobalmin,ZMO0781,0.00020169755329500958,0.002924614522777639,0.2,0.0975609756097561,0.13114754098360656,8.0,82.0,40.0,1.0,0.00020169755329500958
177,membrane_cobalmin,ZMO1336,0.0005372993977273713,0.005193894178031256,0.275,0.06358381502890173,0.10328638497652581,11.0,173.0,40.0,1.0,0.0005372993977273713
178,membrane_cobalmin,ZMO0774,0.0010412944414490031,0.007549384700505273,0.175,0.0875,0.11666666666666667,7.0,80.0,40.0,1.0,0.0010412944414490031
179,membrane_cobalmin,ZMO1121,0.002560442440783585,0.014850566156544792,0.15,0.08695652173913043,0.11009174311926605,6.0,69.0,40.0,1.0,0.002560442440783585
180,membrane_cobalmin,ZMO0199,0.007851094263560747,0.03794695560721028,0.2,0.055944055944055944,0.08743169398907104,8.0,143.0,40.0,1.0,0.007851094263560747
181,membrane_cobalmin,ZMO1857,0.018856375527506415,0.07679505993718558,0.15,0.057692307692307696,0.08333333333333334,6.0,104.0,40.0,1.0,0.018856375527506415
182,membrane_cobalmin,ZMO0203,0.021184844120602918,0.07679505993718558,0.075,0.10344827586206896,0.08695652173913043,3.0,29.0,40.0,1.0,0.021184844120602918
183,membrane_cobalmin,ZMO0054,0.04134984489715741,0.08565325014411176,0.025,0.5,0.047619047619047616,1.0,2.0,40.0,1.0,0.04134984489715741
184,membrane_cobalmin,ZMO0940,0.039645813892331454,0.08565325014411176,0.2,0.041884816753926704,0.06926406926406928,8.0,191.0,40.0,1.0,0.053929898950843214
185,membrane_cobalmin,ZMO1383,0.04134984489715741,0.08565325014411176,0.025,0.5,0.047619047619047616,1.0,2.0,40.0,1.0,0.04134984489715741
186,membrane_cobalmin,ZMO1268,0.04134984489715741,0.08565325014411176,0.025,0.5,0.047619047619047616,1.0,2.0,40.0,1.0,0.04134984489715741
187,membrane_cobalmin,ZMO1733,0.04134984489715741,0.08565325014411176,0.025,0.5,0.047619047619047616,1.0,2.0,40.0,1.0,0.04134984489715741
188,membrane_cobalmin,ZMO1124,0.04134984489715741,0.08565325014411176,0.025,0.5,0.047619047619047616,1.0,2.0,40.0,1.0,0.04134984489715741
189,membrane_cobalmin,ZMO1206,0.06134106744933797,0.11127808171977582,0.175,0.040697674418604654,0.0660377358490566,7.0,172.0,40.0,1.0,0.08359631607852636
190,membrane_cobalmin,ZMO1944,0.061394803707462524,0.11127808171977582,0.025,0.3333333333333333,0.046511627906976744,1.0,3.0,40.0,1.0,0.061394803707462524
191,membrane_cobalmin,ZMO1793,0.06683724378879702,0.1140164746985361,0.15,0.04285714285714286,0.06666666666666667,6.0,140.0,40.0,1.0,0.06683724378879702
192,membrane_cobalmin,ZMO1235,0.08103089568010975,0.12367873551174646,0.025,0.25,0.045454545454545456,1.0,4.0,40.0,1.0,0.08103089568010975
193,membrane_cobalmin,ZMO0925,0.08103089568010975,0.12367873551174646,0.025,0.25,0.045454545454545456,1.0,4.0,40.0,1.0,0.08103089568010975
194,membrane_cobalmin,ZMO0471,0.13756648872349664,0.19947140864907012,0.025,0.14285714285714285,0.0425531914893617,1.0,7.0,40.0,1.0,0.13756648872349664
195,membrane_cobalmin,ZMO1061,0.1646885557973521,0.2274270532439624,0.05,0.05714285714285714,0.05333333333333333,2.0,35.0,40.0,1.0,0.1646885557973521
196,membrane_cobalmin,ZMO1511,0.1733574619015244,0.22851665432473672,0.025,0.1111111111111111,0.04081632653061225,1.0,9.0,40.0,1.0,0.1733574619015244
197,membrane_cobalmin,ZMO0373,0.20878547905107453,0.2632512561948331,0.175,0.029914529914529916,0.051094890510948905,7.0,234.0,40.0,1.0,0.32425084716440733
198,membrane_cobalmin,ZMO1787,0.22649628196277127,0.27368300737168194,0.2,0.028368794326241134,0.04968944099378882,8.0,282.0,40.0,1.0,0.36398185330577704
199,membrane_cobalmin,ZMO1356,0.3025861492916215,0.35099993317828093,0.025,0.058823529411764705,0.03508771929824561,1.0,17.0,40.0,1.0,0.3025861492916215
200,membrane_cobalmin,ZMO0023,0.3664830373572485,0.39362992901334104,0.05,0.03278688524590164,0.03960396039603961,2.0,61.0,40.0,1.0,0.3664830373572485
201,membrane_cobalmin,ZMO0100,0.35958870766744855,0.39362992901334104,0.025,0.047619047619047616,0.03278688524590165,1.0,21.0,40.0,1.0,0.35958870766744855
202,membrane_cobalmin,ZMO1697,0.42303798400964493,0.4381464834385608,0.1,0.02531645569620253,0.04040404040404041,4.0,158.0,40.0,1.0,0.5669524888512434
203,membrane_cobalmin,ZMO1126,0.8178471767201901,0.8178471767201901,0.025,0.012658227848101266,0.01680672268907563,1.0,79.0,40.0,1.0,1.0
204,SG_6,ZMO0199,0.07467362924281985,0.12741514360313316,1.0,0.006993006993006993,0.013888888888888888,1.0,143.0,1.0,1.0,0.07467362924281985
205,SG_6,ZMO0940,0.09973890339425588,0.12741514360313316,1.0,0.005235602094240838,0.010416666666666668,1.0,191.0,1.0,1.0,0.09973890339425588
206,SG_6,ZMO1336,0.09033942558746737,0.12741514360313316,1.0,0.005780346820809248,0.011494252873563216,1.0,173.0,1.0,1.0,0.09033942558746737
207,SG_6,ZMO1412,0.12741514360313316,0.12741514360313316,1.0,0.004098360655737705,0.00816326530612245,1.0,244.0,1.0,1.0,0.12741514360313316
208,transport_1,ZMO1511,9.162109456857099e-05,0.0018324218913714197,0.14285714285714285,0.3333333333333333,0.2,3.0,9.0,21.0,1.0,9.162109456857099e-05
209,transport_1,ZMO1061,0.0004493849403223854,0.003123839683418931,0.19047619047619047,0.11428571428571428,0.14285714285714285,4.0,35.0,21.0,1.0,0.0004493849403223854
210,transport_1,ZMO1793,0.00046857595251283964,0.003123839683418931,0.3333333333333333,0.05,0.08695652173913045,7.0,140.0,21.0,1.0,0.00046857595251283964
211,transport_1,ZMO1574,0.001985212654821358,0.009926063274106788,0.14285714285714285,0.125,0.13333333333333333,3.0,24.0,21.0,1.0,0.001985212654821358
212,transport_1,ZMO1412,0.041567816804753556,0.1079531107619251,0.2857142857142857,0.02459016393442623,0.04528301886792452,6.0,244.0,21.0,1.0,0.041567816804753556
213,transport_1,ZMO1121,0.037405539054717114,0.1079531107619251,0.14285714285714285,0.043478260869565216,0.06666666666666667,3.0,69.0,21.0,1.0,0.037405539054717114
214,transport_1,ZMO1206,0.03424673976364186,0.1079531107619251,0.23809523809523808,0.029069767441860465,0.05181347150259068,5.0,172.0,21.0,1.0,0.03424673976364186
215,transport_1,ZMO1164,0.04318124430477004,0.1079531107619251,0.047619047619047616,0.25,0.08,1.0,4.0,21.0,1.0,0.04318124430477004
216,transport_1,ZMO0471,0.07439551739812907,0.16532337199584238,0.047619047619047616,0.14285714285714285,0.07142857142857142,1.0,7.0,21.0,1.0,0.07439551739812907
217,transport_1,ZMO0781,0.22605011977999748,0.45210023955999495,0.09523809523809523,0.024390243902439025,0.03883495145631068,2.0,82.0,21.0,1.0,0.22605011977999748
218,transport_1,ZMO1336,0.29364087919426296,0.5338925076259327,0.14285714285714285,0.017341040462427744,0.03092783505154639,3.0,173.0,21.0,1.0,0.4290666752279969
219,transport_1,ZMO0940,0.3500170915424408,0.5763793807645827,0.14285714285714285,0.015706806282722512,0.028301886792452834,3.0,191.0,21.0,1.0,0.4587652091527405
220,transport_1,ZMO1787,0.3746465974969788,0.5763793807645827,0.19047619047619047,0.014184397163120567,0.026402640264026403,4.0,282.0,21.0,1.0,0.5362036135306593
221,transport_1,ZMO1697,0.5276444147565928,0.6986084624750991,0.09523809523809523,0.012658227848101266,0.0223463687150838,2.0,158.0,21.0,1.0,0.6899553250568495
222,transport_1,ZMO0774,0.5938171931038342,0.6986084624750991,0.047619047619047616,0.0125,0.019801980198019806,1.0,80.0,21.0,1.0,0.5938171931038342
223,transport_1,ZMO0023,0.49512766692875904,0.6986084624750991,0.047619047619047616,0.01639344262295082,0.024390243902439025,1.0,61.0,21.0,1.0,0.49512766692875904
224,transport_1,ZMO1126,0.5891175573215643,0.6986084624750991,0.047619047619047616,0.012658227848101266,0.02,1.0,79.0,21.0,1.0,0.5891175573215643
225,transport_1,ZMO1857,0.6923988788305462,0.7693320875894958,0.047619047619047616,0.009615384615384616,0.016,1.0,104.0,21.0,1.0,1.0
226,transport_1,ZMO0373,0.7475222074631699,0.7868654815401789,0.09523809523809523,0.008547008547008548,0.015686274509803925,2.0,234.0,21.0,1.0,1.0
227,transport_1,ZMO0199,0.8057676238238378,0.8057676238238378,0.047619047619047616,0.006993006993006993,0.012195121951219513,1.0,143.0,21.0,1.0,1.0
228,NaAc_response,ZMO0373,0.22951128281100372,0.27289751753603386,0.5,0.004273504273504274,0.008474576271186442,1.0,234.0,2.0,1.0,0.22951128281100372
229,NaAc_response,ZMO1787,0.27289751753603386,0.27289751753603386,0.5,0.0035460992907801418,0.007042253521126761,1.0,282.0,2.0,1.0,0.27289751753603386
230,glycolysis_and_ATP_synthase,ZMO0199,0.887986432346991,0.9747004146927268,0.03571428571428571,0.006993006993006993,0.011695906432748539,1.0,143.0,28.0,1.0,0.717806412430201
231,glycolysis_and_ATP_synthase,ZMO0940,0.9483912794551271,0.9747004146927268,0.03571428571428571,0.005235602094240838,0.009132420091324202,1.0,191.0,28.0,1.0,0.3537305914886829
232,glycolysis_and_ATP_synthase,ZMO1126,0.6952216708120068,0.9747004146927268,0.03571428571428571,0.012658227848101266,0.01869158878504673,1.0,79.0,28.0,1.0,1.0
233,glycolysis_and_ATP_synthase,ZMO1787,0.8043284575489188,0.9747004146927268,0.10714285714285714,0.010638297872340425,0.01935483870967742,3.0,282.0,28.0,1.0,0.7880341195175752
234,glycolysis_and_ATP_synthase,ZMO1793,0.8825105792453133,0.9747004146927268,0.03571428571428571,0.007142857142857143,0.011904761904761902,1.0,140.0,28.0,1.0,0.7173153929277059
235,glycolysis_and_ATP_synthase,ZMO0373,0.9747004146927268,0.9747004146927268,0.03571428571428571,0.004273504273504274,0.0076335877862595426,1.0,234.0,28.0,1.0,0.24256555901830354
236,glycolysis_and_ATP_synthase,ZMO1697,0.6865213158378467,0.9747004146927268,0.07142857142857142,0.012658227848101266,0.021505376344086023,2.0,158.0,28.0,1.0,1.0
237,SG_7,ZMO1937,0.00835509138381201,0.01671018276762402,1.0,0.0625,0.11764705882352941,1.0,16.0,1.0,1.0,0.00835509138381201
238,SG_7,ZMO0373,0.12219321148825067,0.12219321148825067,1.0,0.004273504273504274,0.00851063829787234,1.0,234.0,1.0,1.0,0.12219321148825067
239,fructose_transport_maybe,ZMO1126,0.07336180048103119,0.26798167322406763,0.125,0.0379746835443038,0.05825242718446602,3.0,79.0,24.0,1.0,0.07336180048103119
240,fructose_transport_maybe,ZMO1061,0.06968131991692968,0.26798167322406763,0.08333333333333333,0.05714285714285714,0.06779661016949153,2.0,35.0,24.0,1.0,0.06968131991692968
241,fructose_transport_maybe,ZMO0925,0.04923385003008261,0.26798167322406763,0.041666666666666664,0.25,0.07142857142857142,1.0,4.0,24.0,1.0,0.04923385003008261
242,fructose_transport_maybe,ZMO0203,0.04975234066322616,0.26798167322406763,0.08333333333333333,0.06896551724137931,0.07547169811320754,2.0,29.0,24.0,1.0,0.04975234066322616
243,fructose_transport_maybe,ZMO1268,0.0249146729744551,0.26798167322406763,0.041666666666666664,0.5,0.07692307692307693,1.0,2.0,24.0,1.0,0.0249146729744551
244,fructose_transport_maybe,ZMO0631,0.0846257915444424,0.26798167322406763,0.041666666666666664,0.14285714285714285,0.06451612903225806,1.0,7.0,24.0,1.0,0.0846257915444424
245,fructose_transport_maybe,ZMO1787,0.12922075038992617,0.35074203677265675,0.25,0.02127659574468085,0.0392156862745098,6.0,282.0,24.0,1.0,0.15053704270036536
246,fructose_transport_maybe,ZMO0100,0.23375272498116226,0.5542276909981788,0.041666666666666664,0.047619047619047616,0.044444444444444446,1.0,21.0,24.0,1.0,0.23375272498116226
247,fructose_transport_maybe,ZMO1574,0.2625289062622952,0.5542276909981788,0.041666666666666664,0.041666666666666664,0.041666666666666664,1.0,24.0,24.0,1.0,0.2625289062622952
248,fructose_transport_maybe,ZMO1697,0.3173615596526096,0.5804520802189455,0.125,0.0189873417721519,0.03296703296703297,3.0,158.0,24.0,1.0,0.44232825513750784
249,fructose_transport_maybe,ZMO0373,0.33605120433728425,0.5804520802189455,0.16666666666666666,0.017094017094017096,0.0310077519379845,4.0,234.0,24.0,1.0,0.5244044506619748
250,fructose_transport_maybe,ZMO1206,0.36730910705362796,0.5815727528349109,0.125,0.01744186046511628,0.030612244897959183,3.0,172.0,24.0,1.0,0.4703136503097727
251,fructose_transport_maybe,ZMO0940,0.43450341440757145,0.6350434518264506,0.125,0.015706806282722512,0.027906976744186046,3.0,191.0,24.0,1.0,0.7265482382337953
252,fructose_transport_maybe,ZMO0199,0.5454227577844213,0.7402165998502861,0.08333333333333333,0.013986013986013986,0.023952095808383235,2.0,143.0,24.0,1.0,0.6988787694877694
253,fructose_transport_maybe,ZMO0781,0.6524440553454971,0.775492907498577,0.041666666666666664,0.012195121951219513,0.018867924528301883,1.0,82.0,24.0,1.0,1.0
254,fructose_transport_maybe,ZMO1336,0.6530466589461701,0.775492907498577,0.08333333333333333,0.011560693641618497,0.02030456852791878,2.0,173.0,24.0,1.0,1.0
255,fructose_transport_maybe,ZMO1857,0.7403627028737513,0.8274641973294867,0.041666666666666664,0.009615384615384616,0.015625,1.0,104.0,24.0,1.0,1.0
256,fructose_transport_maybe,ZMO1793,0.8401433855297256,0.8868180180591548,0.041666666666666664,0.007142857142857143,0.012195121951219511,1.0,140.0,24.0,1.0,1.0
257,fructose_transport_maybe,ZMO1412,0.9628325079900524,0.9628325079900524,0.041666666666666664,0.004098360655737705,0.00746268656716418,1.0,244.0,24.0,1.0,0.35097660350787035
258,SG_8,ZMO1787,0.1472584856396867,0.1472584856396867,1.0,0.0035460992907801418,0.007067137809187279,1.0,282.0,1.0,1.0,0.1472584856396867
259,SG_9,ZMO0050,0.0015665796344647522,0.0067885117493472575,1.0,0.3333333333333333,0.5,1.0,3.0,1.0,1.0,0.0015665796344647522
260,SG_9,ZMO0244,0.0010443864229765013,0.0067885117493472575,1.0,0.5,0.6666666666666666,1.0,2.0,1.0,1.0,0.0010443864229765013
261,SG_9,ZMO0478,0.0020887728459530026,0.0067885117493472575,1.0,0.25,0.4,1.0,4.0,1.0,1.0,0.0020887728459530026
262,SG_9,ZMO0925,0.0020887728459530026,0.0067885117493472575,1.0,0.25,0.4,1.0,4.0,1.0,1.0,0.0020887728459530026
263,SG_9,ZMO0471,0.003655352480417755,0.009503916449086162,1.0,0.14285714285714285,0.25,1.0,7.0,1.0,1.0,0.003655352480417755
264,SG_9,ZMO1937,0.00835509138381201,0.018102697998259355,1.0,0.0625,0.11764705882352941,1.0,16.0,1.0,1.0,0.00835509138381201
265,SG_9,ZMO0781,0.04281984334203656,0.06185088482738615,1.0,0.012195121951219513,0.024096385542168676,1.0,82.0,1.0,1.0,0.04281984334203656
266,SG_9,ZMO0774,0.04177545691906005,0.06185088482738615,1.0,0.0125,0.02469135802469136,1.0,80.0,1.0,1.0,0.04177545691906005
267,SG_9,ZMO1126,0.041253263707571805,0.06185088482738615,1.0,0.012658227848101266,0.024999999999999998,1.0,79.0,1.0,1.0,0.041253263707571805
268,SG_9,ZMO1336,0.09033942558746737,0.11744125326370757,1.0,0.005780346820809248,0.011494252873563216,1.0,173.0,1.0,1.0,0.09033942558746737
269,SG_9,ZMO0940,0.09973890339425588,0.11787324946593877,1.0,0.005235602094240838,0.010416666666666668,1.0,191.0,1.0,1.0,0.09973890339425588
270,SG_9,ZMO1412,0.12741514360313316,0.1380330722367276,1.0,0.004098360655737705,0.00816326530612245,1.0,244.0,1.0,1.0,0.12741514360313316
271,SG_9,ZMO1787,0.1472584856396867,0.1472584856396867,1.0,0.0035460992907801418,0.007067137809187279,1.0,282.0,1.0,1.0,0.1472584856396867
272,SG_10,ZMO0774,0.04177545691906005,0.0835509138381201,1.0,0.0125,0.02469135802469136,1.0,80.0,1.0,1.0,0.04177545691906005
273,SG_10,ZMO1787,0.1472584856396867,0.1472584856396867,1.0,0.0035460992907801418,0.007067137809187279,1.0,282.0,1.0,1.0,0.1472584856396867
274,SG_12,ZMO0471,0.003655352480417755,0.01462140992167102,1.0,0.14285714285714285,0.25,1.0,7.0,1.0,1.0,0.003655352480417755
275,SG_12,ZMO0199,0.07467362924281985,0.12045256744995649,1.0,0.006993006993006993,0.013888888888888888,1.0,143.0,1.0,1.0,0.07467362924281985
276,SG_12,ZMO1336,0.09033942558746737,0.12045256744995649,1.0,0.005780346820809248,0.011494252873563216,1.0,173.0,1.0,1.0,0.09033942558746737
277,SG_12,ZMO0373,0.12219321148825067,0.12219321148825067,1.0,0.004273504273504274,0.00851063829787234,1.0,234.0,1.0,1.0,0.12219321148825067
278,iron_ABC_transport,ZMO1857,0.06601348451984919,0.46209439163894434,0.25,0.019230769230769232,0.03571428571428572,2.0,104.0,8.0,1.0,0.06601348451984919
279,iron_ABC_transport,ZMO0940,0.185883010751192,0.5177389772778588,0.25,0.010471204188481676,0.020100502512562814,2.0,191.0,8.0,1.0,0.185883010751192
280,iron_ABC_transport,ZMO0781,0.29585084415877644,0.5177389772778588,0.125,0.012195121951219513,0.02222222222222222,1.0,82.0,8.0,1.0,0.29585084415877644
281,iron_ABC_transport,ZMO1412,0.2712028967314582,0.5177389772778588,0.25,0.00819672131147541,0.015873015873015872,2.0,244.0,8.0,1.0,0.2712028967314582
282,iron_ABC_transport,ZMO0373,0.6481925216836626,0.7211057497257887,0.125,0.004273504273504274,0.008264462809917356,1.0,234.0,8.0,1.0,1.0
283,iron_ABC_transport,ZMO1336,0.5318310361167448,0.7211057497257887,0.125,0.005780346820809248,0.011049723756906077,1.0,173.0,8.0,1.0,0.5318310361167448
284,iron_ABC_transport,ZMO1787,0.7211057497257887,0.7211057497257887,0.125,0.0035460992907801418,0.006896551724137931,1.0,282.0,8.0,1.0,1.0
285,oxidation_response,ZMO1206,0.24000677511935792,0.43758514619599265,0.15789473684210525,0.01744186046511628,0.031413612565445025,3.0,172.0,19.0,1.0,0.24000677511935792
286,oxidation_response,ZMO1336,0.24273847482955335,0.43758514619599265,0.15789473684210525,0.017341040462427744,0.03125,3.0,173.0,19.0,1.0,0.24273847482955335
287,oxidation_response,ZMO1412,0.08342039314304821,0.43758514619599265,0.2631578947368421,0.020491803278688523,0.03802281368821292,5.0,244.0,19.0,1.0,0.08342039314304821
288,oxidation_response,ZMO1787,0.3029435627510718,0.43758514619599265,0.21052631578947367,0.014184397163120567,0.026578073089700994,4.0,282.0,19.0,1.0,0.5090225550025702
289,oxidation_response,ZMO0781,0.04468495208618287,0.43758514619599265,0.15789473684210525,0.036585365853658534,0.059405940594059396,3.0,82.0,19.0,1.0,0.04468495208618287
290,oxidation_response,ZMO1356,0.1565262821697777,0.43758514619599265,0.05263157894736842,0.058823529411764705,0.05555555555555555,1.0,17.0,19.0,1.0,0.1565262821697777
291,oxidation_response,ZMO1126,0.18321503801345754,0.43758514619599265,0.10526315789473684,0.02531645569620253,0.04081632653061224,2.0,79.0,19.0,1.0,0.18321503801345754
292,oxidation_response,ZMO1793,0.15718729038771836,0.43758514619599265,0.15789473684210525,0.02142857142857143,0.03773584905660377,3.0,140.0,19.0,1.0,0.15718729038771836
293,oxidation_response,ZMO1857,0.27615143443989365,0.43758514619599265,0.10526315789473684,0.019230769230769232,0.032520325203252036,2.0,104.0,19.0,1.0,0.27615143443989365
294,oxidation_response,ZMO1121,0.5037090766530379,0.6548217996489492,0.05263157894736842,0.014492753623188406,0.022727272727272728,1.0,69.0,19.0,1.0,0.5037090766530379
295,oxidation_response,ZMO0774,0.55723160806502,0.6585464458950236,0.05263157894736842,0.0125,0.020202020202020204,1.0,80.0,19.0,1.0,0.55723160806502
296,oxidation_response,ZMO0373,0.6950547794186226,0.7529760110368411,0.10526315789473684,0.008547008547008548,0.0158102766798419,2.0,234.0,19.0,1.0,1.0
297,oxidation_response,ZMO0940,0.8655145434153904,0.8655145434153904,0.05263157894736842,0.005235602094240838,0.009523809523809525,1.0,191.0,19.0,1.0,0.713420017112185
298,SG_14,ZMO0373,0.12219321148825067,0.12219321148825067,1.0,0.004273504273504274,0.00851063829787234,1.0,234.0,1.0,1.0,0.12219321148825067
299,SG_14,ZMO0940,0.09973890339425588,0.12219321148825067,1.0,0.005235602094240838,0.010416666666666668,1.0,191.0,1.0,1.0,0.09973890339425588
300,SG_14,ZMO1336,0.09033942558746737,0.12219321148825067,1.0,0.005780346820809248,0.011494252873563216,1.0,173.0,1.0,1.0,0.09033942558746737
301,cell_cycle,ZMO1412,0.0002209252998241558,0.004639431296307272,0.35,0.05737704918032787,0.09859154929577466,14.0,244.0,40.0,1.0,0.0002209252998241558
302,cell_cycle,ZMO0940,0.001257638526344915,0.013205204526621609,0.275,0.05759162303664921,0.09523809523809525,11.0,191.0,40.0,1.0,0.001257638526344915
303,cell_cycle,ZMO0023,0.007751737908376208,0.054262165358633464,0.125,0.08196721311475409,0.09900990099009901,5.0,61.0,40.0,1.0,0.007751737908376208
304,cell_cycle,ZMO0781,0.025773934768831015,0.13531315753636283,0.125,0.06097560975609756,0.08196721311475409,5.0,82.0,40.0,1.0,0.025773934768831015
305,cell_cycle,ZMO1793,0.06683724378879702,0.1679483325066679,0.15,0.04285714285714286,0.06666666666666667,6.0,140.0,40.0,1.0,0.06683724378879702
306,cell_cycle,ZMO1336,0.06294066758944389,0.1679483325066679,0.175,0.04046242774566474,0.06572769953051644,7.0,173.0,40.0,1.0,0.08468518188405535
307,cell_cycle,ZMO0199,0.07263901347207201,0.1679483325066679,0.15,0.04195804195804196,0.06557377049180328,6.0,143.0,40.0,1.0,0.11602153548213504
308,cell_cycle,ZMO0373,0.04704910043990978,0.1679483325066679,0.225,0.038461538461538464,0.06569343065693431,9.0,234.0,40.0,1.0,0.052189124373340195
309,cell_cycle,ZMO0050,0.061394803707462524,0.1679483325066679,0.025,0.3333333333333333,0.046511627906976744,1.0,3.0,40.0,1.0,0.061394803707462524
310,cell_cycle,ZMO1164,0.08103089568010975,0.1679483325066679,0.025,0.25,0.045454545454545456,1.0,4.0,40.0,1.0,0.08103089568010975
311,cell_cycle,ZMO1574,0.08797293607492129,0.1679483325066679,0.05,0.08333333333333333,0.0625,2.0,24.0,40.0,1.0,0.08797293607492129
312,cell_cycle,ZMO0203,0.1213322954101333,0.21233151696773328,0.05,0.06896551724137931,0.057971014492753624,2.0,29.0,40.0,1.0,0.1213322954101333
313,cell_cycle,ZMO0471,0.13756648872349664,0.22222278947641763,0.025,0.14285714285714285,0.0425531914893617,1.0,7.0,40.0,1.0,0.13756648872349664
314,cell_cycle,ZMO1121,0.172406097880699,0.2413685370329786,0.075,0.043478260869565216,0.055045871559633024,3.0,69.0,40.0,1.0,0.172406097880699
315,cell_cycle,ZMO1857,0.16877322294441183,0.2413685370329786,0.1,0.038461538461538464,0.05555555555555555,4.0,104.0,40.0,1.0,0.27340954370373105
316,cell_cycle,ZMO0774,0.2321763698649564,0.27087243150911583,0.075,0.0375,0.05,3.0,80.0,40.0,1.0,0.2321763698649564
317,cell_cycle,ZMO1787,0.22649628196277127,0.27087243150911583,0.2,0.028368794326241134,0.04968944099378882,8.0,282.0,40.0,1.0,0.36398185330577704
318,cell_cycle,ZMO1697,0.23015981030356222,0.27087243150911583,0.125,0.03164556962025317,0.05050505050505051,5.0,158.0,40.0,1.0,0.37407431514516065
319,cell_cycle,ZMO1937,0.2875799341069335,0.3019589308122802,0.025,0.0625,0.03571428571428572,1.0,16.0,40.0,1.0,0.2875799341069335
320,cell_cycle,ZMO1206,0.2872036493878948,0.3019589308122802,0.125,0.029069767441860465,0.04716981132075472,5.0,172.0,40.0,1.0,0.39931577041662303
321,cell_cycle,ZMO1126,0.49753392042402983,0.49753392042402983,0.05,0.02531645569620253,0.03361344537815126,2.0,79.0,40.0,1.0,0.6796867437038396
322,translation_1,ZMO0199,0.9751264061277976,0.9984811017609404,0.02127659574468085,0.006993006993006993,0.010526315789473684,1.0,143.0,47.0,1.0,0.2549707406608127
323,translation_1,ZMO0774,0.8687514450389384,0.9984811017609404,0.02127659574468085,0.0125,0.015748031496062992,1.0,80.0,47.0,1.0,0.7199897487721124
324,translation_1,ZMO1336,0.988970341113384,0.9984811017609404,0.02127659574468085,0.005780346820809248,0.00909090909090909,1.0,173.0,47.0,1.0,0.11958471944051186
325,translation_1,ZMO1857,0.929867848175283,0.9984811017609404,0.02127659574468085,0.009615384615384616,0.013245033112582781,1.0,104.0,47.0,1.0,0.5138610586087423
326,translation_1,ZMO0373,0.9844041259089387,0.9984811017609404,0.0425531914893617,0.008547008547008548,0.014234875444839859,2.0,234.0,47.0,1.0,0.11263963491734277
327,translation_1,ZMO0940,0.8636595183497254,0.9984811017609404,0.06382978723404255,0.015706806282722512,0.025210084033613443,3.0,191.0,47.0,1.0,0.61974230368585
328,translation_1,ZMO1121,0.8255625407361056,0.9984811017609404,0.02127659574468085,0.014492753623188406,0.017241379310344827,1.0,69.0,47.0,1.0,1.0
329,translation_1,ZMO1206,0.9886646842928233,0.9984811017609404,0.02127659574468085,0.005813953488372093,0.0091324200913242,1.0,172.0,47.0,1.0,0.11944072878306547
330,translation_1,ZMO1412,0.9984811017609404,0.9984811017609404,0.02127659574468085,0.004098360655737705,0.006872852233676976,1.0,244.0,47.0,1.0,0.024159335840790296
331,translation_1,ZMO1787,0.9952552939059865,0.9984811017609404,0.0425531914893617,0.0070921985815602835,0.0121580547112462,2.0,282.0,47.0,1.0,0.03671695642209402
332,translation_1,ZMO1697,0.9834074091934073,0.9984811017609404,0.02127659574468085,0.006329113924050633,0.00975609756097561,1.0,158.0,47.0,1.0,0.1753359941894156
333,translation_2,ZMO0199,0.7899141821610575,0.9593695361136265,0.05,0.006993006993006993,0.012269938650306749,1.0,143.0,20.0,1.0,1.0
334,translation_2,ZMO0940,0.879062392681034,0.9593695361136265,0.05,0.005235602094240838,0.009478672985781991,1.0,191.0,20.0,1.0,0.7133192505921819
335,translation_2,ZMO1787,0.9593695361136265,0.9593695361136265,0.05,0.0035460992907801418,0.006622516556291391,1.0,282.0,20.0,1.0,0.3424256987791836
336,translation_2,ZMO1121,0.5217702969647151,0.9593695361136265,0.05,0.014492753623188406,0.02247191011235955,1.0,69.0,20.0,1.0,0.5217702969647151
337,translation_2,ZMO1206,0.8492388040629231,0.9593695361136265,0.05,0.005813953488372093,0.010416666666666666,1.0,172.0,20.0,1.0,1.0
338,translation_2,ZMO1412,0.9354620284508168,0.9593695361136265,0.05,0.004098360655737705,0.007575757575757577,1.0,244.0,20.0,1.0,0.5000252616787269
339,translation_2,ZMO1697,0.8229250575595932,0.9593695361136265,0.05,0.006329113924050633,0.011235955056179775,1.0,158.0,20.0,1.0,1.0
340,translation_2,ZMO1793,0.7826454088063346,0.9593695361136265,0.05,0.007142857142857143,0.012499999999999999,1.0,140.0,20.0,1.0,1.0
341,SG_15,ZMO1412,0.12741514360313316,0.12741514360313316,1.0,0.004098360655737705,0.00816326530612245,1.0,244.0,1.0,1.0,0.12741514360313316
342,sulfur_metabolism,ZMO0373,0.5990151322415939,0.5990151322415939,0.14285714285714285,0.004273504273504274,0.008298755186721992,1.0,234.0,7.0,1.0,0.5990151322415939
343,sulfur_metabolism,ZMO1126,0.25574477425291575,0.5990151322415939,0.14285714285714285,0.012658227848101266,0.023255813953488372,1.0,79.0,7.0,1.0,0.25574477425291575
344,sulfur_metabolism,ZMO1697,0.4532464714516519,0.5990151322415939,0.14285714285714285,0.006329113924050633,0.012121212121212121,1.0,158.0,7.0,1.0,0.4532464714516519
345,transport_2,ZMO0023,0.12154608941070615,0.4006244810995139,0.25,0.01639344262295082,0.030769230769230767,1.0,61.0,4.0,1.0,0.12154608941070615
346,transport_2,ZMO0774,0.15703457014799235,0.4006244810995139,0.25,0.0125,0.023809523809523808,1.0,80.0,4.0,1.0,0.15703457014799235
347,transport_2,ZMO1126,0.15519403427495307,0.4006244810995139,0.25,0.012658227848101266,0.024096385542168672,1.0,79.0,4.0,1.0,0.15519403427495307
348,transport_2,ZMO1857,0.20031224054975694,0.4006244810995139,0.25,0.009615384615384616,0.018518518518518517,1.0,104.0,4.0,1.0,0.20031224054975694
349,transport_2,ZMO0199,0.2670576635074898,0.41854898770041293,0.25,0.006993006993006993,0.01360544217687075,1.0,143.0,4.0,1.0,0.2670576635074898
350,transport_2,ZMO1206,0.3139117407753097,0.41854898770041293,0.25,0.005813953488372093,0.011363636363636362,1.0,172.0,4.0,1.0,0.3139117407753097
351,transport_2,ZMO1412,0.4205289626225865,0.4715129682220177,0.25,0.004098360655737705,0.008064516129032258,1.0,244.0,4.0,1.0,0.4205289626225865
352,transport_2,ZMO1787,0.4715129682220177,0.4715129682220177,0.25,0.0035460992907801418,0.006993006993006993,1.0,282.0,4.0,1.0,0.4715129682220177
353,unknown_4,ZMO1412,4.579289369618433e-09,6.86893405442765e-08,0.8,0.04918032786885246,0.09266409266409266,12.0,244.0,15.0,1.0,4.579289369618433e-09
354,unknown_4,ZMO1206,9.702752093143454e-07,7.2770640698575905e-06,0.6,0.05232558139534884,0.09625668449197862,9.0,172.0,15.0,1.0,9.702752093143454e-07
355,unknown_4,ZMO1121,6.819952853965546e-06,3.409976426982773e-05,0.4,0.08695652173913043,0.14285714285714285,6.0,69.0,15.0,1.0,6.819952853965546e-06
356,unknown_4,ZMO0940,2.957207564055361e-05,0.00011089528365207603,0.5333333333333333,0.041884816753926704,0.07766990291262135,8.0,191.0,15.0,1.0,2.957207564055361e-05
357,unknown_4,ZMO1793,3.77290928945844e-05,0.0001131872786837532,0.4666666666666667,0.05,0.09032258064516129,7.0,140.0,15.0,1.0,3.77290928945844e-05
358,unknown_4,ZMO0781,0.0002729422980998345,0.0006823557452495863,0.3333333333333333,0.06097560975609756,0.10309278350515465,5.0,82.0,15.0,1.0,0.0002729422980998345
359,unknown_4,ZMO1336,0.001250294847783454,0.0026792032452502587,0.4,0.03468208092485549,0.06382978723404255,6.0,173.0,15.0,1.0,0.001250294847783454
360,unknown_4,ZMO0774,0.002712836571103476,0.005086568570819018,0.26666666666666666,0.05,0.08421052631578949,4.0,80.0,15.0,1.0,0.002712836571103476
361,unknown_4,ZMO0199,0.09566412971628074,0.15944021619380125,0.2,0.02097902097902098,0.03797468354430379,3.0,143.0,15.0,1.0,0.09566412971628074
362,unknown_4,ZMO1697,0.12040054420268215,0.18060081630402322,0.2,0.0189873417721519,0.034682080924855495,3.0,158.0,15.0,1.0,0.12040054420268215
363,unknown_4,ZMO1574,0.17293909347227454,0.23582603655310166,0.06666666666666667,0.041666666666666664,0.05128205128205127,1.0,24.0,15.0,1.0,0.17293909347227454
364,unknown_4,ZMO0203,0.20525898536199616,0.2565737317024952,0.06666666666666667,0.034482758620689655,0.045454545454545456,1.0,29.0,15.0,1.0,0.20525898536199616
365,unknown_4,ZMO1061,0.24248632893569846,0.279791918002729,0.06666666666666667,0.02857142857142857,0.04,1.0,35.0,15.0,1.0,0.24248632893569846
366,unknown_4,ZMO0373,0.2744364806718414,0.2940390864341158,0.2,0.01282051282051282,0.024096385542168672,3.0,234.0,15.0,1.0,0.41492837025555357
367,unknown_4,ZMO1787,0.6719341382780942,0.6719341382780942,0.13333333333333333,0.0070921985815602835,0.013468013468013467,2.0,282.0,15.0,1.0,1.0
368,alternative_carbon_maybe,ZMO1574,0.003043368721878098,0.03347705594065908,0.2857142857142857,0.08333333333333333,0.12903225806451613,2.0,24.0,7.0,1.0,0.003043368721878098
369,alternative_carbon_maybe,ZMO1206,0.019005104365850643,0.10452807401217853,0.42857142857142855,0.01744186046511628,0.0335195530726257,3.0,172.0,7.0,1.0,0.019005104365850643
370,alternative_carbon_maybe,ZMO0781,0.033068134302405544,0.121249825775487,0.2857142857142857,0.024390243902439025,0.0449438202247191,2.0,82.0,7.0,1.0,0.033068134302405544
371,alternative_carbon_maybe,ZMO1412,0.048345240172738516,0.13294941047503092,0.42857142857142855,0.012295081967213115,0.02390438247011952,3.0,244.0,7.0,1.0,0.048345240172738516
372,alternative_carbon_maybe,ZMO1336,0.12599900697086872,0.2771978153359112,0.2857142857142857,0.011560693641618497,0.022222222222222223,2.0,173.0,7.0,1.0,0.12599900697086872
373,alternative_carbon_maybe,ZMO0199,0.41966423648508827,0.553967909552019,0.14285714285714285,0.006993006993006993,0.013333333333333332,1.0,143.0,7.0,1.0,0.41966423648508827
374,alternative_carbon_maybe,ZMO1793,0.4127398467790598,0.553967909552019,0.14285714285714285,0.007142857142857143,0.013605442176870748,1.0,140.0,7.0,1.0,0.4127398467790598
375,alternative_carbon_maybe,ZMO1697,0.4532464714516519,0.553967909552019,0.14285714285714285,0.006329113924050633,0.012121212121212121,1.0,158.0,7.0,1.0,0.4532464714516519
376,alternative_carbon_maybe,ZMO1857,0.3239581670955509,0.553967909552019,0.14285714285714285,0.009615384615384616,0.01801801801801802,1.0,104.0,7.0,1.0,0.3239581670955509
377,alternative_carbon_maybe,ZMO0940,0.5213142633322879,0.5734456896655167,0.14285714285714285,0.005235602094240838,0.0101010101010101,1.0,191.0,7.0,1.0,0.5213142633322879
378,alternative_carbon_maybe,ZMO1787,0.672736636209597,0.672736636209597,0.14285714285714285,0.0035460992907801418,0.006920415224913494,1.0,282.0,7.0,1.0,1.0
379,SG_16,ZMO0478,0.0020887728459530026,0.012532637075718016,1.0,0.25,0.4,1.0,4.0,1.0,1.0,0.0020887728459530026
380,SG_16,ZMO1511,0.004699738903394256,0.01409921671018277,1.0,0.1111111111111111,0.19999999999999998,1.0,9.0,1.0,1.0,0.004699738903394256
381,SG_16,ZMO0100,0.010966057441253266,0.021932114882506532,1.0,0.047619047619047616,0.0909090909090909,1.0,21.0,1.0,1.0,0.010966057441253266
382,SG_16,ZMO0774,0.04177545691906005,0.06266318537859009,1.0,0.0125,0.02469135802469136,1.0,80.0,1.0,1.0,0.04177545691906005
383,SG_16,ZMO1793,0.0731070496083551,0.08772845953002611,1.0,0.007142857142857143,0.014184397163120567,1.0,140.0,1.0,1.0,0.0731070496083551
384,SG_16,ZMO1336,0.09033942558746737,0.09033942558746737,1.0,0.005780346820809248,0.011494252873563216,1.0,173.0,1.0,1.0,0.09033942558746737
385,tetR_family_KO_1,ZMO1697,0.0006439447113550272,0.007083391824905299,0.5,0.03164556962025317,0.059523809523809534,5.0,158.0,10.0,1.0,0.0006439447113550272
386,tetR_family_KO_1,ZMO1787,0.17228209142064968,0.4882902689652073,0.3,0.010638297872340425,0.02054794520547945,3.0,282.0,10.0,1.0,0.17228209142064968
387,tetR_family_KO_1,ZMO0774,0.34803170965738545,0.4882902689652073,0.1,0.0125,0.022222222222222227,1.0,80.0,10.0,1.0,0.34803170965738545
388,tetR_family_KO_1,ZMO1206,0.22455901602271464,0.4882902689652073,0.2,0.011627906976744186,0.021978021978021976,2.0,172.0,10.0,1.0,0.22455901602271464
389,tetR_family_KO_1,ZMO1121,0.3077763436729708,0.4882902689652073,0.1,0.014492753623188406,0.02531645569620253,1.0,69.0,10.0,1.0,0.3077763436729708
390,tetR_family_KO_1,ZMO0781,0.35512019561105984,0.4882902689652073,0.1,0.012195121951219513,0.02173913043478261,1.0,82.0,10.0,1.0,0.35512019561105984
391,tetR_family_KO_1,ZMO1336,0.226552900474737,0.4882902689652073,0.2,0.011560693641618497,0.02185792349726776,2.0,173.0,10.0,1.0,0.226552900474737
392,tetR_family_KO_1,ZMO0940,0.2627850784807203,0.4882902689652073,0.2,0.010471204188481676,0.01990049751243781,2.0,191.0,10.0,1.0,0.2627850784807203
393,tetR_family_KO_1,ZMO1793,0.5328158676322203,0.6512193937727137,0.1,0.007142857142857143,0.013333333333333332,1.0,140.0,10.0,1.0,0.5328158676322203
394,tetR_family_KO_1,ZMO0373,0.7292529759841979,0.7449759037118394,0.1,0.004273504273504274,0.00819672131147541,1.0,234.0,10.0,1.0,1.0
395,tetR_family_KO_1,ZMO1412,0.7449759037118394,0.7449759037118394,0.1,0.004098360655737705,0.007874015748031496,1.0,244.0,10.0,1.0,1.0
396,SG_17,ZMO0023,0.03185378590078329,0.06370757180156658,1.0,0.01639344262295082,0.03225806451612903,1.0,61.0,1.0,1.0,0.03185378590078329
397,SG_17,ZMO1206,0.0898172323759791,0.0898172323759791,1.0,0.005813953488372093,0.011560693641618497,1.0,172.0,1.0,1.0,0.0898172323759791
398,noise_3,ZMO0781,0.0004744328833909195,0.008834489200609258,0.17777777777777778,0.0975609756097561,0.12598425196850394,8.0,82.0,45.0,1.0,0.0004744328833909195
399,noise_3,ZMO1121,0.0008834489200609259,0.008834489200609258,0.15555555555555556,0.10144927536231885,0.12280701754385964,7.0,69.0,45.0,1.0,0.0008834489200609259
400,noise_3,ZMO1937,0.005484247954705865,0.03656165303137243,0.06666666666666667,0.1875,0.09836065573770493,3.0,16.0,45.0,1.0,0.005484247954705865
401,noise_3,ZMO1412,0.008292725768222863,0.04146362884111431,0.26666666666666666,0.04918032786885246,0.08304498269896193,12.0,244.0,45.0,1.0,0.010301844857052694
402,noise_3,ZMO1206,0.015971400065176136,0.053238000217253785,0.2,0.05232558139534884,0.08294930875576038,9.0,172.0,45.0,1.0,0.015971400065176136
403,noise_3,ZMO1793,0.01418833025204226,0.053238000217253785,0.17777777777777778,0.05714285714285714,0.08648648648648649,8.0,140.0,45.0,1.0,0.01418833025204226
404,noise_3,ZMO1356,0.0587233226322633,0.1677809218064666,0.044444444444444446,0.11764705882352941,0.06451612903225806,2.0,17.0,45.0,1.0,0.0587233226322633
405,noise_3,ZMO1336,0.10503220479610656,0.21509598118881765,0.15555555555555556,0.04046242774566474,0.06422018348623852,7.0,173.0,45.0,1.0,0.1184260507265254
406,noise_3,ZMO1574,0.10754799059440882,0.21509598118881765,0.044444444444444446,0.08333333333333333,0.05797101449275363,2.0,24.0,45.0,1.0,0.10754799059440882
407,noise_3,ZMO0478,0.090801882079139,0.21509598118881765,0.022222222222222223,0.25,0.04081632653061225,1.0,4.0,45.0,1.0,0.090801882079139
408,noise_3,ZMO1061,0.19782179874176994,0.35967599771230896,0.044444444444444446,0.05714285714285714,0.05,2.0,35.0,45.0,1.0,0.19782179874176994
409,noise_3,ZMO0199,0.24207021467787465,0.40345035779645777,0.1111111111111111,0.03496503496503497,0.05319148936170213,5.0,143.0,45.0,1.0,0.37984266304353514
410,noise_3,ZMO0940,0.2888726472084673,0.43853015786266963,0.13333333333333333,0.031413612565445025,0.05084745762711864,6.0,191.0,45.0,1.0,0.44602572265954016
411,noise_3,ZMO0373,0.3069711105038687,0.43853015786266963,0.15555555555555556,0.029914529914529916,0.05017921146953405,7.0,234.0,45.0,1.0,0.48737748292573413
412,noise_3,ZMO1787,0.3399544356906419,0.4532725809208558,0.17777777777777778,0.028368794326241134,0.04892966360856269,8.0,282.0,45.0,1.0,0.5246531345008439
413,noise_3,ZMO1857,0.44614098918598044,0.5576762364824756,0.06666666666666667,0.028846153846153848,0.04026845637583893,3.0,104.0,45.0,1.0,0.7330563393847604
414,noise_3,ZMO0203,0.5008008828157089,0.5891775091949516,0.022222222222222223,0.034482758620689655,0.027027027027027025,1.0,29.0,45.0,1.0,0.5008008828157089
415,noise_3,ZMO0774,0.5688227752326684,0.632025305814076,0.044444444444444446,0.025,0.032,2.0,80.0,45.0,1.0,0.7120686312071239
416,noise_3,ZMO0023,0.7709990151075135,0.8115779106394879,0.022222222222222223,0.01639344262295082,0.01886792452830189,1.0,61.0,45.0,1.0,1.0
417,noise_3,ZMO1697,0.8980305076049448,0.8980305076049448,0.044444444444444446,0.012658227848101266,0.019704433497536946,2.0,158.0,45.0,1.0,0.5793442658162209
418,sulfate_transport_maybe,ZMO0373,0.07205690567925001,0.40852261893396935,0.2631578947368421,0.021367521367521368,0.03952569169960475,5.0,234.0,19.0,1.0,0.07205690567925001
419,sulfate_transport_maybe,ZMO1697,0.0650565347728342,0.40852261893396935,0.21052631578947367,0.02531645569620253,0.04519774011299435,4.0,158.0,19.0,1.0,0.0650565347728342
420,sulfate_transport_maybe,ZMO0478,0.03913015035264805,0.40852261893396935,0.05263157894736842,0.25,0.08695652173913043,1.0,4.0,19.0,1.0,0.03913015035264805
421,sulfate_transport_maybe,ZMO1511,0.08600476188083565,0.40852261893396935,0.05263157894736842,0.1111111111111111,0.07142857142857142,1.0,9.0,19.0,1.0,0.08600476188083565
422,sulfate_transport_maybe,ZMO0774,0.18683647557125543,0.5152336886628107,0.10526315789473684,0.025,0.04040404040404041,2.0,80.0,19.0,1.0,0.18683647557125543
423,sulfate_transport_maybe,ZMO0100,0.18982293792840393,0.5152336886628107,0.05263157894736842,0.047619047619047616,0.05,1.0,21.0,19.0,1.0,0.18982293792840393
424,sulfate_transport_maybe,ZMO1121,0.1477805205765239,0.5152336886628107,0.10526315789473684,0.028985507246376812,0.045454545454545456,2.0,69.0,19.0,1.0,0.1477805205765239
425,sulfate_transport_maybe,ZMO0940,0.2928573495395631,0.5639606574318619,0.15789473684210525,0.015706806282722512,0.02857142857142857,3.0,191.0,19.0,1.0,0.42734280612417275
426,sulfate_transport_maybe,ZMO1061,0.29682139864834833,0.5639606574318619,0.05263157894736842,0.02857142857142857,0.037037037037037035,1.0,35.0,19.0,1.0,0.29682139864834833
427,sulfate_transport_maybe,ZMO1206,0.24000677511935792,0.5639606574318619,0.15789473684210525,0.01744186046511628,0.031413612565445025,3.0,172.0,19.0,1.0,0.24000677511935792
428,sulfate_transport_maybe,ZMO0199,0.4208004264415257,0.6662673418657491,0.10526315789473684,0.013986013986013986,0.02469135802469136,2.0,143.0,19.0,1.0,0.6480238780231771
429,sulfate_transport_maybe,ZMO1793,0.41001865795607395,0.6662673418657491,0.10526315789473684,0.014285714285714285,0.025157232704402514,2.0,140.0,19.0,1.0,0.6447022028895533
430,sulfate_transport_maybe,ZMO0781,0.5663556584665159,0.6725473444289877,0.05263157894736842,0.012195121951219513,0.019801980198019802,1.0,82.0,19.0,1.0,0.5663556584665159
431,sulfate_transport_maybe,ZMO1787,0.5461079200695369,0.6725473444289877,0.15789473684210525,0.010638297872340425,0.01993355481727575,3.0,282.0,19.0,1.0,0.7521869123210353
432,sulfate_transport_maybe,ZMO0023,0.46099385125102216,0.6725473444289877,0.05263157894736842,0.01639344262295082,0.025,1.0,61.0,19.0,1.0,0.46099385125102216
433,sulfate_transport_maybe,ZMO1126,0.5526016689088475,0.6725473444289877,0.05263157894736842,0.012658227848101266,0.02040816326530612,1.0,79.0,19.0,1.0,0.5526016689088475
434,sulfate_transport_maybe,ZMO1857,0.6556485863493577,0.7327837141551645,0.05263157894736842,0.009615384615384616,0.016260162601626018,1.0,104.0,19.0,1.0,1.0
435,sulfate_transport_maybe,ZMO1412,0.7181926328730749,0.7580922235882458,0.10526315789473684,0.00819672131147541,0.015209125475285173,2.0,244.0,19.0,1.0,1.0
436,sulfate_transport_maybe,ZMO1336,0.8360050329909939,0.8360050329909939,0.05263157894736842,0.005780346820809248,0.010416666666666668,1.0,173.0,19.0,1.0,1.0
437,unknown_5,ZMO1787,0.03155670232683754,0.12622680930735017,0.4444444444444444,0.014184397163120567,0.027491408934707903,4.0,282.0,9.0,1.0,0.03155670232683754
438,unknown_5,ZMO0199,0.5034150398473631,0.6712200531298175,0.1111111111111111,0.006993006993006993,0.013157894736842106,1.0,143.0,9.0,1.0,0.5034150398473631
439,unknown_5,ZMO1857,0.39566636374237296,0.6712200531298175,0.1111111111111111,0.009615384615384616,0.01769911504424779,1.0,104.0,9.0,1.0,0.39566636374237296
440,unknown_5,ZMO1412,0.7075355430052743,0.7075355430052743,0.1111111111111111,0.004098360655737705,0.007905138339920948,1.0,244.0,9.0,1.0,1.0
441,noise_4,ZMO1412,0.009370672944948965,0.037932309202444996,0.2857142857142857,0.040983606557377046,0.07168458781362007,10.0,244.0,35.0,1.0,0.009370672944948965
442,noise_4,ZMO1336,0.01058116877459425,0.037932309202444996,0.22857142857142856,0.046242774566473986,0.07692307692307691,8.0,173.0,35.0,1.0,0.01058116877459425
443,noise_4,ZMO1206,0.002793058205893377,0.037932309202444996,0.2571428571428571,0.05232558139534884,0.08695652173913045,9.0,172.0,35.0,1.0,0.002793058205893377
444,noise_4,ZMO1121,0.007346609530871755,0.037932309202444996,0.14285714285714285,0.07246376811594203,0.09615384615384616,5.0,69.0,35.0,1.0,0.007346609530871755
445,noise_4,ZMO1793,0.011379692760733497,0.037932309202444996,0.2,0.05,0.08000000000000002,7.0,140.0,35.0,1.0,0.011379692760733497
446,noise_4,ZMO1697,0.006146777279805161,0.037932309202444996,0.22857142857142856,0.05063291139240506,0.08290155440414507,8.0,158.0,35.0,1.0,0.006146777279805161
447,noise_4,ZMO1061,0.024540389517823828,0.0701153986223538,0.08571428571428572,0.08571428571428572,0.08571428571428572,3.0,35.0,35.0,1.0,0.024540389517823828
448,noise_4,ZMO0054,0.03622885922336719,0.07581695725613138,0.02857142857142857,0.5,0.05405405405405405,1.0,2.0,35.0,1.0,0.03622885922336719
449,noise_4,ZMO1356,0.03717075234074046,0.07581695725613138,0.05714285714285714,0.11764705882352941,0.07692307692307693,2.0,17.0,35.0,1.0,0.03717075234074046
450,noise_4,ZMO1857,0.03790847862806569,0.07581695725613138,0.14285714285714285,0.04807692307692308,0.07194244604316546,5.0,104.0,35.0,1.0,0.03790847862806569
451,noise_4,ZMO0774,0.05529932219918664,0.08507588030644098,0.11428571428571428,0.05,0.06956521739130435,4.0,80.0,35.0,1.0,0.05529932219918664
452,noise_4,ZMO0940,0.05286632915755461,0.08507588030644098,0.2,0.03664921465968586,0.061946902654867256,7.0,191.0,35.0,1.0,0.07728686008203146
453,noise_4,ZMO0373,0.0549465475477809,0.08507588030644098,0.22857142857142856,0.03418803418803419,0.05947955390334572,8.0,234.0,35.0,1.0,0.06494503262081969
454,noise_4,ZMO1787,0.06078139464170613,0.0868305637738659,0.2571428571428571,0.031914893617021274,0.056782334384858045,9.0,282.0,35.0,1.0,0.08652537042882563
455,noise_4,ZMO1235,0.07118136482368069,0.09490848643157425,0.02857142857142857,0.25,0.05128205128205128,1.0,4.0,35.0,1.0,0.07118136482368069
456,noise_4,ZMO0781,0.18670463174361923,0.23338078967952403,0.08571428571428572,0.036585365853658534,0.05128205128205128,3.0,82.0,35.0,1.0,0.18670463174361923
457,noise_4,ZMO0199,0.26253038660142525,0.30885927835461796,0.11428571428571428,0.027972027972027972,0.0449438202247191,4.0,143.0,35.0,1.0,0.32699115014778957
458,noise_4,ZMO1574,0.3594357475290094,0.39937305281001045,0.02857142857142857,0.041666666666666664,0.03389830508474576,1.0,24.0,35.0,1.0,0.3594357475290094
459,noise_4,ZMO0203,0.4166200016993175,0.43854737020980794,0.02857142857142857,0.034482758620689655,0.03125,1.0,29.0,35.0,1.0,0.4166200016993175
460,noise_4,ZMO1126,0.7741822451665987,0.7741822451665987,0.02857142857142857,0.012658227848101266,0.017543859649122806,1.0,79.0,35.0,1.0,1.0
461,ETC_and_MEP,ZMO0023,0.023830819139341583,0.09055711272949803,0.15,0.04918032786885246,0.07407407407407407,3.0,61.0,20.0,1.0,0.023830819139341583
462,ETC_and_MEP,ZMO1268,0.020784053736246047,0.09055711272949803,0.05,0.5,0.09090909090909091,1.0,2.0,20.0,1.0,0.020784053736246047
463,ETC_and_MEP,ZMO1383,0.020784053736246047,0.09055711272949803,0.05,0.5,0.09090909090909091,1.0,2.0,20.0,1.0,0.020784053736246047
464,ETC_and_MEP,ZMO1733,0.020784053736246047,0.09055711272949803,0.05,0.5,0.09090909090909091,1.0,2.0,20.0,1.0,0.020784053736246047
465,ETC_and_MEP,ZMO1124,0.020784053736246047,0.09055711272949803,0.05,0.5,0.09090909090909091,1.0,2.0,20.0,1.0,0.020784053736246047
466,ETC_and_MEP,ZMO1944,0.031021544026510074,0.09823488941728191,0.05,0.3333333333333333,0.08695652173913045,1.0,3.0,20.0,1.0,0.031021544026510074
467,ETC_and_MEP,ZMO0925,0.04115730193418255,0.1117126766784955,0.05,0.25,0.08333333333333334,1.0,4.0,20.0,1.0,0.04115730193418255
468,ETC_and_MEP,ZMO0781,0.050989992082722174,0.12110123119646517,0.15,0.036585365853658534,0.058823529411764705,3.0,82.0,20.0,1.0,0.050989992082722174
469,ETC_and_MEP,ZMO1121,0.16054589073116676,0.3389302137657965,0.1,0.028985507246376812,0.0449438202247191,2.0,69.0,20.0,1.0,0.16054589073116676
470,ETC_and_MEP,ZMO0199,0.1835506986533511,0.34874632744136713,0.15,0.02097902097902098,0.03680981595092025,3.0,143.0,20.0,1.0,0.1835506986533511
471,ETC_and_MEP,ZMO1857,0.29676757718603,0.5089223751038751,0.1,0.019230769230769232,0.03225806451612903,2.0,104.0,20.0,1.0,0.29676757718603
472,ETC_and_MEP,ZMO0940,0.32142465796034214,0.5089223751038751,0.15,0.015706806282722512,0.028436018957345974,3.0,191.0,20.0,1.0,0.4423622652793081
473,ETC_and_MEP,ZMO1793,0.43606633401005684,0.6373277189377754,0.1,0.014285714285714285,0.024999999999999998,2.0,140.0,20.0,1.0,0.6534209252037222
474,ETC_and_MEP,ZMO1412,0.4785717714870324,0.6436683856005038,0.15,0.012295081967213115,0.022727272727272728,3.0,244.0,20.0,1.0,0.733754598459953
475,ETC_and_MEP,ZMO1336,0.5516951930339247,0.6436683856005038,0.1,0.011560693641618497,0.02072538860103627,2.0,173.0,20.0,1.0,0.7007264842557166
476,ETC_and_MEP,ZMO1206,0.5484160001049507,0.6436683856005038,0.1,0.011627906976744186,0.020833333333333332,2.0,172.0,20.0,1.0,0.6991771960420277
477,ETC_and_MEP,ZMO0774,0.5759138186951875,0.6436683856005038,0.05,0.0125,0.020000000000000004,1.0,80.0,20.0,1.0,0.5759138186951875
478,ETC_and_MEP,ZMO0373,0.7223281461513726,0.7624574876042267,0.1,0.008547008547008548,0.015748031496062995,2.0,234.0,20.0,1.0,1.0
479,ETC_and_MEP,ZMO1787,0.9593695361136265,0.9593695361136265,0.05,0.0035460992907801418,0.006622516556291391,1.0,282.0,20.0,1.0,0.3424256987791836
480,unknown_6,ZMO0199,0.04767356278864331,0.23836781394321654,0.4,0.013986013986013986,0.027027027027027025,2.0,143.0,5.0,1.0,0.04767356278864331
481,unknown_6,ZMO0373,0.4791910323185898,0.5495000655330541,0.2,0.004273504273504274,0.008368200836820083,1.0,234.0,5.0,1.0,0.4791910323185898
482,unknown_6,ZMO1412,0.49451689204178506,0.5495000655330541,0.2,0.004098360655737705,0.008032128514056226,1.0,244.0,5.0,1.0,0.49451689204178506
483,unknown_6,ZMO1793,0.31613759311409617,0.5495000655330541,0.2,0.007142857142857143,0.013793103448275862,1.0,140.0,5.0,1.0,0.31613759311409617
484,unknown_6,ZMO1787,0.5495000655330541,0.5495000655330541,0.2,0.0035460992907801418,0.006968641114982578,1.0,282.0,5.0,1.0,0.5495000655330541
485,unknown_7,ZMO0373,0.017325097401286172,0.20186948019039402,0.2647058823529412,0.038461538461538464,0.06716417910447761,9.0,234.0,34.0,1.0,0.02874413226612281
486,unknown_7,ZMO0199,0.036703541852798914,0.20186948019039402,0.17647058823529413,0.04195804195804196,0.06779661016949153,6.0,143.0,34.0,1.0,0.036703541852798914
487,unknown_7,ZMO1937,0.03142986720668964,0.20186948019039402,0.058823529411764705,0.125,0.07999999999999999,2.0,16.0,34.0,1.0,0.03142986720668964
488,unknown_7,ZMO1733,0.03520302511929414,0.20186948019039402,0.029411764705882353,0.5,0.05555555555555555,1.0,2.0,34.0,1.0,0.03520302511929414
489,unknown_7,ZMO0925,0.06920199639496186,0.3044887841378322,0.029411764705882353,0.25,0.05263157894736842,1.0,4.0,34.0,1.0,0.06920199639496186
490,unknown_7,ZMO1793,0.09731545543267824,0.3568233365864869,0.14705882352941177,0.03571428571428571,0.057471264367816084,5.0,140.0,34.0,1.0,0.09731545543267824
491,unknown_7,ZMO1061,0.1266074733449587,0.39790920194129875,0.058823529411764705,0.05714285714285714,0.05797101449275362,2.0,35.0,34.0,1.0,0.1266074733449587
492,unknown_7,ZMO0781,0.17581027160266952,0.40547649657814694,0.08823529411764706,0.036585365853658534,0.05172413793103448,3.0,82.0,34.0,1.0,0.17581027160266952
493,unknown_7,ZMO1206,0.18430749844461225,0.40547649657814694,0.14705882352941177,0.029069767441860465,0.04854368932038835,5.0,172.0,34.0,1.0,0.22390448345587693
494,unknown_7,ZMO1126,0.16260336345597412,0.40547649657814694,0.08823529411764706,0.0379746835443038,0.05309734513274337,3.0,79.0,34.0,1.0,0.16260336345597412
495,unknown_7,ZMO1787,0.22487491285644537,0.44974982571289074,0.20588235294117646,0.024822695035460994,0.04430379746835443,7.0,282.0,34.0,1.0,0.3276719647154511
496,unknown_7,ZMO1356,0.26348848521876056,0.48306222290106104,0.029411764705882353,0.058823529411764705,0.03921568627450981,1.0,17.0,34.0,1.0,0.26348848521876056
497,unknown_7,ZMO1697,0.30658666079754493,0.4948445924645757,0.11764705882352941,0.02531645569620253,0.04166666666666667,4.0,158.0,34.0,1.0,0.5210709136026952
498,unknown_7,ZMO0100,0.31490110429563906,0.4948445924645757,0.029411764705882353,0.047619047619047616,0.036363636363636355,1.0,21.0,34.0,1.0,0.31490110429563906
499,unknown_7,ZMO1574,0.3511570495972358,0.5150303394092792,0.029411764705882353,0.041666666666666664,0.034482758620689655,1.0,24.0,34.0,1.0,0.3511570495972358
500,unknown_7,ZMO0203,0.4074850017259268,0.5602918773731493,0.029411764705882353,0.034482758620689655,0.03174603174603175,1.0,29.0,34.0,1.0,0.4074850017259268
501,unknown_7,ZMO1412,0.646875653934871,0.8371331992098331,0.11764705882352941,0.01639344262295082,0.028776978417266192,4.0,244.0,34.0,1.0,1.0
502,unknown_7,ZMO1121,0.7159946855023085,0.8751046156139326,0.029411764705882353,0.014492753623188406,0.019417475728155338,1.0,69.0,34.0,1.0,1.0
503,unknown_7,ZMO0774,0.7686474962736232,0.89001289042209,0.029411764705882353,0.0125,0.017543859649122806,1.0,80.0,34.0,1.0,1.0
504,unknown_7,ZMO1336,0.8275497916118701,0.8933434807632757,0.058823529411764705,0.011560693641618497,0.01932367149758454,2.0,173.0,34.0,1.0,0.7635818266873879
505,unknown_7,ZMO1857,0.8527369589103996,0.8933434807632757,0.029411764705882353,0.009615384615384616,0.014492753623188408,1.0,104.0,34.0,1.0,1.0
506,unknown_7,ZMO0940,0.9728195155805083,0.9728195155805083,0.029411764705882353,0.005235602094240838,0.008888888888888889,1.0,191.0,34.0,1.0,0.24709557442617697
507,plasmid_unknown_1,ZMO0781,0.0005210827425320681,0.008346172191619185,0.15789473684210525,0.10975609756097561,0.12949640287769784,9.0,82.0,57.0,1.0,0.0005210827425320681
508,plasmid_unknown_1,ZMO1121,0.0007587429265108349,0.008346172191619185,0.14035087719298245,0.11594202898550725,0.12698412698412698,8.0,69.0,57.0,1.0,0.0007587429265108349
509,plasmid_unknown_1,ZMO1206,0.02731823019188717,0.10016684403691964,0.17543859649122806,0.05813953488372093,0.08733624454148473,10.0,172.0,57.0,1.0,0.03162209447842262
510,plasmid_unknown_1,ZMO0199,0.02282325824529933,0.10016684403691964,0.15789473684210525,0.06293706293706294,0.09,9.0,143.0,57.0,1.0,0.034017390780272945
511,plasmid_unknown_1,ZMO1793,0.020115521365247618,0.10016684403691964,0.15789473684210525,0.06428571428571428,0.09137055837563451,9.0,140.0,57.0,1.0,0.03246192340216683
512,plasmid_unknown_1,ZMO0373,0.016763325149384153,0.10016684403691964,0.22807017543859648,0.05555555555555555,0.0893470790378007,13.0,234.0,57.0,1.0,0.02162106643033533
513,plasmid_unknown_1,ZMO0940,0.05125693289545071,0.14095656546248944,0.17543859649122806,0.05235602094240838,0.08064516129032258,10.0,191.0,57.0,1.0,0.06842303980386105
514,plasmid_unknown_1,ZMO1412,0.050430185298394964,0.14095656546248944,0.21052631578947367,0.04918032786885246,0.07973421926910298,12.0,244.0,57.0,1.0,0.06755311098595843
515,plasmid_unknown_1,ZMO0054,0.058659158434075154,0.1433890539499615,0.017543859649122806,0.5,0.033898305084745756,1.0,2.0,57.0,1.0,0.058659158434075154
516,plasmid_unknown_1,ZMO1787,0.06524754178994092,0.14354459193787003,0.22807017543859648,0.04609929078014184,0.07669616519174041,13.0,282.0,57.0,1.0,0.08759337396420197
517,plasmid_unknown_1,ZMO1857,0.08500936459349688,0.155519128318664,0.10526315789473684,0.057692307692307696,0.07453416149068323,6.0,104.0,57.0,1.0,0.1245019237402667
518,plasmid_unknown_1,ZMO1697,0.091897666733756,0.155519128318664,0.14035087719298245,0.05063291139240506,0.07441860465116279,8.0,158.0,57.0,1.0,0.13496023805804547
519,plasmid_unknown_1,ZMO1937,0.08000030463030328,0.155519128318664,0.03508771929824561,0.125,0.0547945205479452,2.0,16.0,57.0,1.0,0.08000030463030328
520,plasmid_unknown_1,ZMO0023,0.10510500339701098,0.16516500533816011,0.07017543859649122,0.06557377049180328,0.06779661016949151,4.0,61.0,57.0,1.0,0.10510500339701098
521,plasmid_unknown_1,ZMO1235,0.11393429108410104,0.1671036269233482,0.017543859649122806,0.25,0.03278688524590164,1.0,4.0,57.0,1.0,0.11393429108410104
522,plasmid_unknown_1,ZMO1574,0.15854501169538374,0.21799939108115263,0.03508771929824561,0.08333333333333333,0.04938271604938271,2.0,24.0,57.0,1.0,0.15854501169538374
523,plasmid_unknown_1,ZMO1126,0.20609691228065127,0.2667136511867252,0.07017543859649122,0.05063291139240506,0.058823529411764705,4.0,79.0,57.0,1.0,0.29343988156757933
524,plasmid_unknown_1,ZMO1336,0.25141859890208373,0.30728939865810234,0.12280701754385964,0.04046242774566474,0.06086956521739131,7.0,173.0,57.0,1.0,0.349441773718291
525,plasmid_unknown_1,ZMO0774,0.4288599172366178,0.4965746410108206,0.05263157894736842,0.0375,0.04379562043795619,3.0,80.0,57.0,1.0,0.513491258392089
526,plasmid_unknown_1,ZMO0100,0.47162308091651417,0.5187853890081656,0.017543859649122806,0.047619047619047616,0.02564102564102564,1.0,21.0,57.0,1.0,0.47162308091651417
527,plasmid_unknown_1,ZMO0203,0.5864028496263725,0.6143267948466758,0.017543859649122806,0.034482758620689655,0.023255813953488372,1.0,29.0,57.0,1.0,0.5864028496263725
528,plasmid_unknown_1,ZMO1061,0.6560448772876438,0.6560448772876438,0.017543859649122806,0.02857142857142857,0.02173913043478261,1.0,35.0,57.0,1.0,1.0
529,SG_19,ZMO1793,0.0731070496083551,0.0731070496083551,1.0,0.007142857142857143,0.014184397163120567,1.0,140.0,1.0,1.0,0.0731070496083551
530,SG_20,ZMO1793,0.0731070496083551,0.0731070496083551,1.0,0.007142857142857143,0.014184397163120567,1.0,140.0,1.0,1.0,0.0731070496083551
531,unknown_8,ZMO0781,0.022737869709867905,0.3638059153578865,0.15384615384615385,0.04878048780487805,0.07407407407407408,4.0,82.0,26.0,1.0,0.022737869709867905
532,unknown_8,ZMO1697,0.057129736667910685,0.4570378933432855,0.19230769230769232,0.03164556962025317,0.05434782608695653,5.0,158.0,26.0,1.0,0.057129736667910685
533,unknown_8,ZMO0774,0.09156594917780164,0.48835172894827544,0.11538461538461539,0.0375,0.05660377358490566,3.0,80.0,26.0,1.0,0.09156594917780164
534,unknown_8,ZMO0940,0.2567332579834994,0.5244149218299206,0.15384615384615385,0.020942408376963352,0.036866359447004615,4.0,191.0,26.0,1.0,0.32060922854552215
535,unknown_8,ZMO1121,0.24027905862694193,0.5244149218299206,0.07692307692307693,0.028985507246376812,0.042105263157894736,2.0,69.0,26.0,1.0,0.24027905862694193
536,unknown_8,ZMO1857,0.16420166465031874,0.5244149218299206,0.11538461538461539,0.028846153846153848,0.046153846153846156,3.0,104.0,26.0,1.0,0.16420166465031874
537,unknown_8,ZMO1574,0.28113452451532356,0.5244149218299206,0.038461538461538464,0.041666666666666664,0.04,1.0,24.0,26.0,1.0,0.28113452451532356
538,unknown_8,ZMO0100,0.2506813914954745,0.5244149218299206,0.038461538461538464,0.047619047619047616,0.0425531914893617,1.0,21.0,26.0,1.0,0.2506813914954745
539,unknown_8,ZMO1793,0.2949833935293303,0.5244149218299206,0.11538461538461539,0.02142857142857143,0.03614457831325301,3.0,140.0,26.0,1.0,0.43204047284139824
540,unknown_8,ZMO1787,0.3340858140608741,0.5345373024973986,0.19230769230769232,0.01773049645390071,0.03246753246753247,5.0,282.0,26.0,1.0,0.573480911850337
541,unknown_8,ZMO1061,0.3829345203687407,0.5569956659908956,0.038461538461538464,0.02857142857142857,0.03278688524590164,1.0,35.0,26.0,1.0,0.3829345203687407
542,unknown_8,ZMO1206,0.41783796218010466,0.5571172829068062,0.11538461538461539,0.01744186046511628,0.030303030303030304,3.0,172.0,26.0,1.0,0.5029521744008617
543,unknown_8,ZMO0373,0.6330822525616723,0.7235225743561969,0.11538461538461539,0.01282051282051282,0.023076923076923075,3.0,234.0,26.0,1.0,1.0
544,unknown_8,ZMO0199,0.5898316285943782,0.7235225743561969,0.07692307692307693,0.013986013986013986,0.02366863905325444,2.0,143.0,26.0,1.0,1.0
545,unknown_8,ZMO1336,0.9161554203195411,0.9161554203195411,0.038461538461538464,0.005780346820809248,0.010050251256281407,1.0,173.0,26.0,1.0,0.7251223379721194
546,unknown_8,ZMO1412,0.8631482667467827,0.9161554203195411,0.07692307692307693,0.00819672131147541,0.014814814814814817,2.0,244.0,26.0,1.0,0.7645831576283706
547,noise_2,ZMO0023,0.5640368906793135,0.89635757849944,0.03205128205128205,0.08196721311475409,0.04608294930875576,5.0,61.0,156.0,1.0,1.0
548,noise_2,ZMO0373,0.2616653598505919,0.89635757849944,0.14102564102564102,0.09401709401709402,0.11282051282051282,22.0,234.0,156.0,1.0,0.4445682157248206
549,noise_2,ZMO0940,0.3854791147158752,0.89635757849944,0.10897435897435898,0.08900523560209424,0.09798270893371759,17.0,191.0,156.0,1.0,0.6757853190417421
550,noise_2,ZMO1126,0.46742110443202295,0.89635757849944,0.04487179487179487,0.08860759493670886,0.05957446808510638,7.0,79.0,156.0,1.0,0.8324784243363423
551,noise_2,ZMO1206,0.8483963314183444,0.89635757849944,0.07051282051282051,0.06395348837209303,0.06707317073170732,11.0,172.0,156.0,1.0,0.465103699725832
552,noise_2,ZMO1336,0.8536738842851809,0.89635757849944,0.07051282051282051,0.06358381502890173,0.0668693009118541,11.0,173.0,156.0,1.0,0.46555285899310683
553,noise_2,ZMO1412,0.718412286958388,0.89635757849944,0.11538461538461539,0.07377049180327869,0.09000000000000001,18.0,244.0,156.0,1.0,0.7082018559245304
554,noise_2,ZMO1793,0.8233844165175738,0.89635757849944,0.057692307692307696,0.06428571428571428,0.06081081081081081,9.0,140.0,156.0,1.0,0.522829514517235
555,noise_2,ZMO1857,0.4773518539829792,0.89635757849944,0.057692307692307696,0.08653846153846154,0.06923076923076925,9.0,104.0,156.0,1.0,0.8531098398058263
556,noise_2,ZMO0774,0.6474158021840453,0.89635757849944,0.038461538461538464,0.075,0.05084745762711865,6.0,80.0,156.0,1.0,1.0
557,noise_2,ZMO1787,0.6278618712403253,0.89635757849944,0.14102564102564102,0.07801418439716312,0.1004566210045662,22.0,282.0,156.0,1.0,0.9063476209009106
558,noise_2,ZMO1697,0.13630217517098786,0.89635757849944,0.10897435897435898,0.10759493670886076,0.10828025477707007,17.0,158.0,156.0,1.0,0.22294307382076053
559,noise_2,ZMO0190,0.08146214099216711,0.89635757849944,0.00641025641025641,1.0,0.012738853503184714,1.0,1.0,156.0,1.0,0.08146214099216711
560,noise_2,ZMO0199,0.5036704719451929,0.89635757849944,0.07692307692307693,0.08391608391608392,0.08026755852842811,12.0,143.0,156.0,1.0,0.8738626818396801
561,noise_2,ZMO0925,0.2883484271442339,0.89635757849944,0.00641025641025641,0.25,0.0125,1.0,4.0,156.0,1.0,0.2883484271442339
562,noise_2,ZMO1061,0.5529101952050319,0.89635757849944,0.019230769230769232,0.08571428571428572,0.031413612565445025,3.0,35.0,156.0,1.0,0.7598840046659849
563,noise_2,ZMO0781,0.813498523653416,0.89635757849944,0.03205128205128205,0.06097560975609756,0.04201680672268907,5.0,82.0,156.0,1.0,0.6785838590636316
564,noise_2,ZMO1121,0.8284439574247797,0.89635757849944,0.02564102564102564,0.057971014492753624,0.035555555555555556,4.0,69.0,156.0,1.0,0.6530996303061158
565,noise_2,ZMO1511,0.53532721087495,0.89635757849944,0.00641025641025641,0.1111111111111111,0.01212121212121212,1.0,9.0,156.0,1.0,0.53532721087495
566,noise_2,ZMO0631,0.4488674557435918,0.89635757849944,0.00641025641025641,0.14285714285714285,0.012269938650306747,1.0,7.0,156.0,1.0,0.4488674557435918
567,noise_2,ZMO0203,0.9165236726901527,0.9165236726901527,0.00641025641025641,0.034482758620689655,0.010810810810810811,1.0,29.0,156.0,1.0,0.5080539024061091
