,ERX4137096,ERX4137097,ERX4137098,ERX4137099,ERX4137100,ERX4137101,ERX4137102,ERX4137103,ERX4137104,ERX4137105,ERX4137106,ERX4137107,ERX4137108,ERX4137109,ERX4137110,ERX4137111,ERX4137112,ERX4137113,ERX4137114,ERX4137116,ERX4137117,ERX4137118,ERX4137119,ERX4137120,ERX4137121,ERX4137122,ERX4137123,ERX4137124,ERX4137125,ERX4137126,ERX4137127,ERX4137128,ERX4137129,ERX4137130,ERX4137131,ERX4137132,ERX4137133,ERX4137134,ERX4137135,ERX4137136,ERX4137137,ERX3728188,ERX3728189,ERX3728190,ERX3728191,ERX3728192,ERX3728193,ERX3728194,ERX3728195,ERX3728196,ERX3728197,ERX3728198,ERX3728199,ERX3728200,ERX3728201,ERX3728202,ERX3728203,ERX3728204,ERX3728205,ERX3728206,ERX3728207,ERX3728208,ERX3728209,ERX3728210,ERX3728211,ERX3728212,ERX3728213,ERX3728214,ERX3728215,ERX3728216,ERX3728217,ERX2528464,ERX2528465,ERX2528466,ERX2528467,ERX2528468,ERX2528469,ERX2528470,ERX2528471,ERX2528472,ERX2528473,ERX2528474,ERX2528475,ERX2557265,ERX2557266,ERX2557267,ERX2557268,ERX2557269,ERX2557270,ERX2557271,ERX2557272,ERX2557273,ERX2557274,ERX2557275,ERX2557276,SRX7951334,SRX7951335,SRX7951336,SRX7951337,SRX7951338,SRX7951339,SRX7951340,SRX7951341,SRX7951342,SRX7951343,SRX7951344,SRX7951345,SRX7296045,SRX7296046,SRX7296049,SRX7296050,SRX7296051,SRX7296052,SRX7296053,SRX7296054,SRX7296055,SRX5714162,SRX5714163,SRX5714164,SRX5714165,SRX5714166,SRX5714167,SRX5714168,SRX5714169,SRX5714170,SRX5714171,SRX5714189,SRX5714190,SRX5714191,SRX5714192,SRX5714195
0,0.2693678871883982,0.1851097594712536,-0.4544776466597462,-13.118361495212447,-14.114918773991995,-13.782112027450529,-1.4332738661057527,-1.5634882870188562,-0.3583169087070427,1.750466652923896,2.175067308444337,1.9877870738361192,-8.136474459642391,-11.074586968506043,-8.895697573485785,-16.977636373558173,-15.716423185676756,-17.189661085975,-13.68017757517579,-13.87858048577801,-12.977052407807028,-13.184702626060703,-14.189692927593342,-13.463119134051835,-13.412290997818024,-13.519487280929615,-13.11649879878784,-12.814148921738251,-12.786446806872616,-14.38656114452139,-14.110066708192956,-15.524523599781686,-15.143522387769464,-15.706566231871395,-15.25924239621362,0.9904619130062684,1.145950155241367,-0.4322567368199235,-14.726600723598274,-14.87179326710116,-15.676365227641949,-0.4164390343581197,0.252433011215441,0.1640060231426706,-0.6462576548368207,-0.0558641384653345,-0.9713072586055116,-8.164884215123594,-7.145110140048021,-8.334873146231551,-7.084750600898669,-7.248380994022672,-7.922608666793132,-6.969036454307707,-6.85272998265836,-7.349354687944711,-6.109841672727518,-7.008593413511119,-7.082088812624637,-7.039149702691231,-7.221871264931714,-8.09688642170749,-8.328622477847729,-7.893117606697323,-7.111208566212639,-6.127070310216696,-6.515075876900217,-5.89539658166337,-5.609227564066842,-5.729959109823202,-6.1367030046539055,0.4969490851589679,-0.6277854525776513,0.1308363674186934,-13.21910428304202,-13.018957101221591,-13.190643668883958,-8.378826360878346,-8.525276692765772,-9.23083257909561,-12.665240079252698,-9.338951221942024,-9.86547956912813,11.120563410757402,9.995747887655764,10.753864912671888,-2.5955447323357093,-2.3955525998172003,-2.5673436917308847,-2.041566030857737,1.2836570059900707,0.7579090248676676,2.244141700074836,2.098109528971689,1.3922919715855209,0.490516363904319,-0.4905163639043166,2.416819205862058,1.698175531826206,0.8221486672589594,1.258318439342753,-0.525581697240818,1.9567893117139925,1.820297712556167,2.254772656323342,2.159549367403558,2.516341879669952,1.5099489715586598,-0.851114165464318,-0.6588348060943462,1.7211733048522486,1.715865855249859,1.7791769731009066,-0.4134434102264116,-0.0064813377414726,-0.0206496396551486,-0.5837272930717307,-0.2103674828072792,-0.2264261714173036,0.121807967457272,0.1046182039600289,2.8915686386743844,2.8043485483690347,2.7627196921234747,-0.8928309583100139,-1.645445782622241,9.667480484147626,9.697559123889388,-0.0744577450595338,0.906092478897112,10.760634075528476
1,0.7285379826869118,-0.6658989123433744,-0.0626390703434882,13.334710708594155,16.98090819175056,12.87205203043743,9.31323641679972,6.741721085939473,4.926379497294482,4.766980176233975,3.552749369007348,4.078234122102657,9.284059241329654,14.959920224760054,10.91975726249327,4.826197034464769,3.912254054522671,3.560514468049865,16.21222968735579,17.133481389131177,13.790603621316736,15.0541406320335,13.316499000272447,8.854061380014745,8.149004630852927,8.753801256709254,-2.082714218843492,-0.6548978154764761,1.29480680981267,-16.731579586327317,-16.53194629783276,-17.82751337778495,-19.454410482375007,-20.01626349831101,-19.562081180803656,-7.149283095425119,-7.338543378747176,-8.334474007636183,6.940450813463858,5.744220036758843,3.0221593516723035,1.0728107861817628,-0.9001175998589814,-0.1726931863227572,1.0252709292584128,0.451650738018924,-0.1639344815345679,-2.421311678671408,-2.7573575277546074,-1.0249552852031407,-2.933461884068397,-3.913551152141122,-2.779774766235052,-3.8457750694553,-4.242757803445282,-1.9232365575417247,-2.934693495541832,-4.183201755290782,-3.053328598207214,-1.0230282550912173,-2.662098082054241,-0.4740897118282308,2.853091042551965,3.198661061059658,2.821323619571393,-3.4267969931134648,-2.340697548094162,-3.644459188040453,-6.581948384359601,-4.8090240628778576,-4.509657564590797,0.0307653621526504,-1.7061859658888203,1.6754206037361734,12.543846435940232,12.41477303541754,9.939221847637068,27.46591391191481,27.2228381313099,26.332140839717965,8.605587184924971,9.585212917026988,7.299201636200677,-8.465863476436668,-10.203578198423386,-6.820483732803853,4.046729905821441,3.918015959455272,1.4429482259782265,0.1087683108210315,1.088920392538881,-1.1976887033599126,18.96872515938552,18.726193483860595,17.835141208679033,0.6867386516619908,-0.6867386516619922,14.696129524042377,15.0571700231754,6.681365302236428,6.874610044549618,1.3473331023480757,0.3382997716331736,5.99011285800733,7.614245090488945,6.634161891052227,5.961569589857064,3.5409255887713105,-2.6138567786733184,-0.9270688100979878,5.292003790726008,4.635356451036372,-1.560137194482792,22.085199969691445,20.05269921589905,20.51600983760339,-7.371921964652997,-2.1041345317858786,-0.0987349248124312,0.0433130979050418,0.0554218269073965,-4.506860234779262,-1.694914363540387,2.1697863136546043,-5.777876707135822,-6.440171942669419,-16.22882048911301,-15.47861221202598,-0.4586861574715479,-2.5321053214092903,-10.107349183836718
2,0.4084289643507343,0.0175972292323181,-0.426026193582986,2.4600811127179485,1.0677638375999938,2.366297536887995,-3.837239000027046,-4.586850117922887,-4.736085198673105,1.4850903393396142,0.7602078713853145,0.3416227618437077,0.9858809634564544,1.1397413954658964,1.73824352294978,-0.9101401850192088,-0.2753068821789085,-1.1203685076277583,-2.4318343832745564,-0.5681589414492269,1.7365548461883251,1.4421682295927538,1.9651210526451688,2.1762296550448066,2.4546252428617192,2.48442807970479,2.361762282854682,2.580788051866548,2.1555282290047604,2.0575623134700933,2.25763161489848,2.564039637293529,2.229515525922989,2.862274342876559,2.8254687295380143,0.0640840723716803,-0.1901640603934688,-1.2681668107195765,1.1437059632076478,0.8183173296932909,0.0446279098626542,-0.2829781321150493,0.4721397946791665,-0.1891616625641257,-1.761231436439873,-1.5729737633878444,-1.975778203367349,-1.6067521791270598,-0.5537435162224665,-0.6976720263704796,-0.4452277847198636,0.654936381452857,-0.2749110514458657,2.23489232805786,1.154428647534825,1.8262626036613665,1.3296532968418755,2.4565388236674104,1.9116807680140264,1.7599438800801586,1.2450341867167205,1.3914768958041277,2.07882406015374,1.5326620001999949,1.328257274830324,2.476921810787554,2.692124334781136,1.668114907264515,2.505195043488489,2.869500704729694,2.0927523584891983,0.065098188431325,0.3901743219953472,-0.4552725104266694,1.5258344652366136,2.118674142611308,2.396429315433952,3.865780457570021,3.5683902998662926,3.7453523853773056,-0.176145180995828,-2.6905297586372727,-3.4294737837037617,2.1636929205645523,2.489061538679588,1.6439012287092185,3.624825724467586,4.217962956100337,4.495410198715027,1.9225211113560403,-0.5916194794217875,-1.330901631934256,5.964359127708276,5.667205310567153,5.843637443290924,1.1880096656449752,-1.1880096656449786,-31.523092073240164,-30.82892797056588,-32.9061231185818,-32.721445980114595,5.733660426138291,4.830352411200783,-31.379360786009467,-32.196203862180305,-32.300147572805955,-32.369453318410244,0.4773326968620399,-0.7761408358908026,0.2988081390287719,0.1157669970800792,-0.2712103301362267,-1.078929956672453,-3.531407987556511,-2.9964176228785115,-4.6132653038982925,-1.435007590002014,-0.5973290378926326,0.5475730029871703,-0.6200369176896352,0.0724639147024638,-7.550048253692123,-6.788589141766393,-6.494473978305442,-0.9336635895789904,-2.153360594261598,-0.9297038513906858,-1.07103196452562,-2.0157779150544943,-0.927753759124818,-0.4923264831402006
3,0.7670405423058982,-2.6879198850699115,1.92087934276401,1.893541874548512,-3.610043376431518,3.4507051587038924,-3.334703803293497,-3.981373708061724,-2.655127430970265,1.571524930702911,-3.1835181239250137,2.082981689025378,-3.3794779658012497,-3.065838546741775,-3.193456568566379,4.086896157804533,-3.746118818792981,-2.0927784072876827,2.0266676802844708,-4.068331817173471,-3.5184915623455986,1.9983080475781687,-3.528663838256588,-3.7899478357007146,-2.702980210736615,-4.162689211556828,-3.2323095492246017,-3.705745443848655,3.603954107106417,5.41404439509138,-2.9728799737686766,1.325104307482088,1.10464675988419,-3.182746445504932,4.560241022071174,-2.2660049498506085,-2.46760611378348,-1.8638557012564256,1.4825630248606594,-2.34618896466166,-3.417556039983274,-2.4395920507536566,-1.6829787748299294,4.122570825583588,-2.801484739836749,3.343713353128256,3.7437676729223015,-1.3952486543465572,-1.5397340086573272,5.043527944171116,-0.7351522233282005,-1.4361058004141345,4.074871261457039,-1.3456956241371545,4.967271202591058,-1.5745890968945604,-2.0507754242722,-1.1055652149810755,4.86213260127772,-1.420419215464241,-2.1689792509626984,-1.5564865829131849,-1.2571283855417517,-0.5876156247578144,-0.6515072302362191,-0.5551275835926683,-1.153523697647094,-1.6367256396871297,-1.4732624332155335,-2.18066815930596,-1.2724270741308763,1.2156858191312154,-4.810120384588343,3.59443456545714,-3.6695513072062034,-3.5085679893955035,-3.9707946834539785,-3.541125553703525,-4.444636627959016,-3.722739824972638,-4.142950065086996,-4.366845750168875,-4.495449734582641,5.5462870355005895,-0.4763634682848228,7.925579640586662,0.6654527753903946,0.8258687840896,0.3645463690917323,0.1918739690599647,-0.0320018026047155,-0.1598721664552448,0.7932427362165447,-0.109962302146856,0.6118445292389476,-0.1093581275694079,0.1093581275694058,-0.383113962580917,0.5513708029972345,-0.2559238349724874,-0.8857798058985178,1.0106298591446063,-0.5101705289535896,0.247401414460668,0.0729841532416129,-0.7921319089416341,0.3515483110596492,0.3411837206029833,0.034913710385114,-0.3760974309880975,-0.5313753151203604,-0.6579615772549722,6.339100129183612,3.230324539442476,0.8236463512591088,1.25619064250872,0.2040226858489468,-0.1083405982010336,0.5793645703594953,-0.1077957670604448,-0.4715688032990492,6.501320570724816,6.742517990881413,-0.8638452269971459,0.5387612377830223,5.424152790413716,-0.2145401595094024,4.38077526341356,4.915739084880797,5.417587809602456,0.170965584531943
4,0.841869637750668,-0.2770019733019745,-0.5648676644486739,-0.8528369111660999,-1.528988463775802,1.03748046014349,2.786799569191985,1.3728705172591151,-0.0760137671623282,1.6676842932485236,0.1687052082057026,1.2055168319426588,0.5762594453391102,1.49566045543473,0.0079485019653633,-0.4137484987541268,1.3069722690570438,1.4679278837586336,-0.9798450723338076,-2.328168350158562,-0.8109692846630955,-1.5270224341499272,-0.1458657816275946,0.7218065391218677,0.5365937229475991,0.1960823493647751,2.1476447333271933,0.4851084123859819,0.5461569804898307,1.8945801901535395,2.432635352714001,-1.3857826104233035,1.2938716412340403,1.1104798732871428,0.1654066767428519,0.5492472930927734,2.0878086340122586,0.9896465101334124,0.6375228161701311,0.1477948160292502,1.4253258576346175,0.0442653797434872,0.6910631520423736,-0.7353285317858576,-0.2581881055294564,0.1890880765060233,-2.079068568864221,-0.3605261910875496,-0.7295549932997297,-0.50772071092673,-1.6444575059832636,-0.2029392157247773,-2.2974150063022605,-0.9615485522463212,-0.2953858947439192,-1.3193041207292615,-0.0515482629287268,-2.0086280916488914,-1.6313810136607692,-0.9843027463389874,0.4973394303778605,0.2413484582958666,-1.2776648805161095,-0.9151818555801182,-1.3770452642248974,-2.056948972978772,-1.3741750266317672,0.1357801265223781,-0.9168477442916984,0.1826886042851339,0.0054124298638397,0.5890947290022088,-1.009184245571378,0.4200895165691681,0.4946589573273678,-0.839766813420678,-0.3666913827668462,-0.1643742436262059,-0.6940981756890883,-1.472801033108178,0.455492884007678,-0.7870497952285267,-0.940021423080445,1.0118360553096388,-0.5858514760401256,0.8425051132121866,0.9189762326200704,-0.4171024329982777,0.0558147146193924,0.8790377011695417,-0.3643114768026382,-0.5147262243669082,0.2588779998441653,-0.2709026084470692,-1.0483382556164258,-0.9248113118894412,0.9248113118894384,-12.004367339915598,-12.516352758654133,5.654117527936442,-17.59977694196935,-11.204911725038636,-10.508867333281993,-12.034641296919258,-12.027279737507046,-10.783698324235196,-10.422591716595644,2.6972271996361803,-1.9169105982693453,-0.7803166013668273,1.517298016732577,0.9466693341049608,-0.5248717864508774,1.2613233735483431,0.46527296505628,-0.0340232497945685,-2.473161558750025,-1.376424529051627,-0.1980508988894948,0.8735529132706646,-0.6755020143811689,-3.373509485765349,-2.972071721440309,-0.1399893328899073,-3.875654454866478,-1.3759665237597885,-3.378754235558405,-0.2489865889584171,-0.6386441341329209,1.5721608234749946,0.3813670167014204
5,0.290475567108601,-0.1571955662671571,-0.1332800008412021,38.7288353516273,37.88882882015152,38.07753765310989,-2.309910088534481,-2.8208896875263374,-2.7365822328295155,28.94897503553518,27.06046247928375,25.70078479359672,37.28527133842682,36.539689711432544,38.47814765552057,2.3828908549314503,2.6330447063281834,3.033802664116882,32.69734589351285,33.09302210585319,38.00455843259412,38.82698492416403,38.39089123725757,37.04209119139397,36.624797779291946,36.806703212653474,34.36051189975575,34.95848796725657,34.64703197130558,33.01778325924933,33.87918008439986,33.341736366757004,31.2287554437773,29.843236079360818,30.62477025540183,10.05946982154671,8.808683668615654,7.617198397998316,33.88999369840218,32.80483325606045,31.36708198279373,-0.4594438065050077,1.3403588885809243,-0.8809150820758819,-4.87257802567674,-3.7086929273585554,-5.167628863757862,-7.613441733730271,-8.49625503708729,-8.264534098513046,-8.376011251915621,-7.170701938087914,-8.145600603820496,-7.358468166536683,-6.9962982114033485,-6.958870398913138,-6.220735628848259,-6.661097830429417,-6.764556577623645,-7.262462483893024,-7.180360888147245,-7.069138076792786,-8.02503707187399,-8.177863512941006,-7.737874392726307,-5.885245204132477,-5.505624448440187,-5.760458921901657,-6.106018065314804,-5.951071248213789,-5.608930836505737,0.1838142902714801,0.0022091304155798,-0.1860234206870791,-4.732332882040854,-4.409074041632249,-3.879374424658757,32.101876573671426,32.43893611614307,31.93445114706156,-3.440851604328492,-4.148660462300582,-4.387609567579393,4.176393911343455,3.995282496089237,3.805911779320704,-0.7399559656991049,-0.4163592598902407,0.1128605595390027,0.5517213808762432,-0.1564908971492966,-0.3952304837269805,36.09446046250253,36.43154928056645,35.927004046356394,0.2716909990096239,-0.2716909990096377,4.791072238848422,4.331428459689752,1.7027449233248015,2.1287367053835102,-0.3043869593842782,-0.5248632602977598,3.292715237325371,3.656412438734556,3.0781568617806294,2.605372940548216,1.5394692815385995,-0.6942802024709877,-0.8451890790676037,1.3754802788826168,1.2512739456260795,-0.509635200399687,5.892831555949626,5.800752540990519,5.586757841142598,0.8304074098537751,-3.335987803594505,2.7577079997618847,-1.0566161602347957,-1.701091839527132,-2.3197627988279743,-2.9184724488331977,-1.3989076207130144,-3.004625754083337,-0.5234646054558163,-4.744428959739927,-4.476337810669696,-3.7092188149517504,-4.031369883491038,-2.604905335943972
6,-0.5605552566120235,0.0209099954786975,0.5396452611333558,-1.484878082785146,-0.0338032640979396,-2.0004246572055058,6.604031471349155,5.4771298333282425,5.232711243901819,-1.1831128667706354,-1.6398917477916293,-0.0442599624605882,-2.696387501656542,-1.7831446744612671,-2.622642907380576,2.698967187902742,2.1261197206389806,2.7912976287124325,4.991942200743642,4.019045776786436,-0.2958739657572508,0.3356895712014863,-0.2782981271817114,-1.9106718729752528,-2.020538206107432,-1.9284742333894,-3.389748303325805,-4.00459196667131,-2.8085056487504123,-8.887487998535835,-8.728594857124348,-10.149504263423925,-10.066139534542886,-10.565609879423338,-10.945109970438205,-2.0676965863041628,-2.0665488046574,-1.0284664057451487,0.9999448221430222,0.8739831970337381,1.083963602220224,3.902301491377796,-3.3310261799277723,-0.5712753114499549,7.921182017081512,0.96085829410921,1.3228979962406648,-49.52254711452073,-51.71100122378316,-52.2173319187084,-51.92477694646137,-52.70206006197347,-53.26556025651279,-54.35477629126357,-52.92102375622563,-52.67605842988943,-53.51913211180828,-52.23722360075436,-51.15809599341133,-49.39081585278162,-46.79131189796361,-49.13720421595517,-52.51225351174066,-53.18914566953148,-51.41555030358983,-53.64970052046794,-52.12676540584066,-51.9194116794696,-47.616886287693774,-47.643380148617496,-48.1732924913418,0.3408674605815375,-0.7903794774572713,0.4495120168757414,1.680288603761368,0.8821704903335024,1.7855626700794545,0.6051799636521792,-0.5680971007953246,-1.677899482631572,3.5031646585675014,4.59448205040025,4.43544599535338,-3.836997239472937,-4.968163792466034,-3.7283405863045664,-2.4972893085341306,-3.295670047682276,-2.3921646707273427,-0.6743563877747101,0.4164428589985408,0.2579135287761773,-3.5725746303966304,-4.74574146474638,-5.855438042948669,-1.055424359933598,1.0554243599336195,-1.7977325737851608,-1.471736749742884,2.4198278250154064,2.950204366303119,-1.817982644116012,-3.808528550771295,-1.0138098790556729,-0.6260381057596125,-1.3574511824312845,-1.3677094902725817,-0.8670788615455689,0.6750257307090985,0.1920531308364543,1.249203605224965,1.2509539523133932,2.2888548153323818,14.178928400247248,13.61289804069358,13.73384457253728,1.5268744857439458,-3.804574494481024,-0.0120683676077625,-0.1456202652956569,0.1576886329034344,3.71298798834997,2.996942312973341,2.9150391306578194,0.7905986036484169,1.3231188832949623,-3.633930481053388,-3.868045581746881,-4.242949468067515,-4.1254287435787,-5.315713690394655
7,0.1593768906557768,0.6295632542201809,-0.7889401448759822,-1.3367562672264863,-3.010093460517156,-3.317842642377975,1.8371998642383407,1.8262189730675955,2.267211580674336,-1.8512537394253905,-0.3451918405189407,-0.5056223422615533,-0.1124564942973719,-2.140738814864831,-1.0578099195664572,-1.8319794995564769,0.4967726108983063,-0.0675617418821738,-1.3951336411092086,2.087547073563961,-0.1498089983020256,-0.9444748022703228,-1.2185740569683046,0.4231769011686016,-1.6501585892168391,-0.6552616007354308,-1.7799837582549622,-1.508166795669821,-1.8422716365725305,-0.5393204724749407,-3.102709914803336,-2.0477939957335334,-3.226385358579104,-3.3624343701484745,-2.601066377585976,0.9004811990342698,-0.2136640234641885,1.5474146342776045,-1.0270757792407663,-0.8253072419358917,-0.3861642846534535,0.1405295020812672,-0.9445190707135648,0.8039895686322973,0.914028147181822,-0.1670065851345302,0.6512458363702216,2.529755386022479,0.9311081428695444,1.2095798300364051,0.9318970194733824,0.8701863569491265,-1.1084565901962826,1.756670055725809,3.127376006975347,-1.1270282530506956,1.834827799329897,1.359713047392091,1.3177974644167203,-0.4001459676768704,0.9181776684722774,0.3346595331351966,1.5543079901129206,2.789718003512064,2.174252363947556,2.5516825112983685,1.9980417477698795,0.0698285049940769,2.0666107686744084,0.931123842966346,1.4002692901624338,-0.2110462389001218,0.0986781199099752,0.1123681189901473,2.055815237483369,0.974757340224064,2.338757076131548,-1.092186359375793,-0.1170151930624362,-0.7921513224203496,1.9307508018613333,3.136358854303843,3.535470048214301,-3.0810445031667086,-2.7689200966851453,-2.7581209267258475,-0.8108912924682324,-1.8956347525468649,-0.5318437971748856,-0.9374863064215168,0.2662415247645225,0.6712447816569941,-3.9590996270001866,-2.9850601537091603,-3.657391066802869,-11.41862061785928,11.418620617859284,1.8574452350468216,6.448861575347603,4.976447116760936,1.604829927245637,4.361980568222197,5.145582379526798,4.412809223845088,3.7875485048406,4.410612568403045,3.5689435301437324,-1.003641049771301,-0.2592185077317065,1.262859557503004,-0.6660228199472193,0.3130452145059602,2.398040208418455,1.3247602211838758,2.168787789817629,-0.2039701202154528,4.159222364892378,1.4906200085135624,-0.3472825906549641,1.2728542612883231,-0.9255716706333564,2.991815423999115,0.556033629635564,0.8618175719015884,2.0997813126638065,4.5806212938745805,2.4488854926286465,1.560066455743004,-0.1616677256265064,0.6982570573057953,-1.940995019735112
8,0.3769997837452042,-0.2048565931552315,-0.1721431905899497,0.4140442969462475,0.5809673323684198,0.6930968572915409,0.4112282216014941,0.6636307346546081,1.411737668006914,0.4530601450267305,0.3596025923826447,0.292783316805119,-0.8097547581247462,-0.2913025561752694,0.0537356006562614,-0.3100110858122191,0.4396922506575011,0.4900180900359093,1.4318384936790138,1.6628059569918832,0.4424853075193506,0.4979865881539784,0.139469048205553,0.1860714389883145,-0.069299048014579,-0.0970200692517908,-0.2815837549965736,-0.6214291404222475,-0.7692894646522344,-2.091619228990645,-1.4357000545107144,-1.9859540518646093,-1.774546731206783,-1.141247125349196,-1.5202997213105838,1.434117229850573,1.6404686638167771,2.1634533034832155,1.8542056332900696,0.4583615013342323,1.0117602347204784,-0.4957745083411506,0.3540794025948663,0.1416951057462835,-0.9043283738036816,0.1471011357641579,0.2933394399779241,-2.4075894534398,-1.6745247755157295,-1.8912021217325723,-2.2548041211502734,-1.5282294261544276,-2.895329787181208,-0.1486331862422648,0.4425592909251291,0.3673028163937349,0.492181893736909,1.6319157371441146,0.917530802687264,1.1802037013901543,2.280665692925225,1.6582833608473702,-0.7531253005148968,-1.5178895264859995,-0.8499080922690934,0.6360217879756747,0.1996264806301337,1.1954164712157422,2.771251162770949,1.923320613558856,1.820429330553742,0.3551469046847468,0.1432329720102736,-0.4983798766950234,-0.7232259585137918,-1.0228602221637186,-1.126529578862716,-0.2001472810970069,-0.0108666879157084,-0.6052433375107226,-0.4741512710818443,-0.7439860981358014,-1.381169408214404,1.2225241378347642,1.0104435866597257,0.3693372359457755,0.1437066305216177,-0.1555165527596551,-0.2593156228972799,0.3925676681266389,0.1238107293023914,-0.516378397429036,0.6667745007863469,0.8558157323287607,0.260876627468487,-0.1662091629601341,0.1662091629601332,2.399569696688573,1.3551432369233245,3.445071089710607,2.979534257268852,-0.7739280446764597,-1.1919919421723857,1.1839438884245266,1.9384021482395328,2.5016235251693115,2.0663465003042503,-0.3242020610401837,0.3147721300261356,0.0094299310140453,-41.463997380542565,-41.77926334322386,-43.68601094184397,-1.0734454690352762,-1.5624714088742715,-1.796510523004352,2.8359046300517314,2.573623691685061,1.8246663613304568,-0.2965805159587356,-1.528085845371724,-0.1592735242616119,-0.5048984983015309,-1.1222434880446055,-0.3109966673056292,2.1635689584754814,3.019199893424698,4.139872902483754,3.38713225531557,3.19252551692803,3.234666115400546
9,0.2708658652746864,-0.6477740064060453,0.3769081411314235,8.205857411582958,7.565839978126554,7.7948533464303695,6.387742107920235,5.014492788759695,6.026552559732446,12.1731491082662,12.115255230414558,13.763332800410758,7.969929150215002,9.323740321645095,8.588877063700352,10.771688516201303,10.614299704321343,9.784267472872347,15.30537294193014,14.637517131459267,10.66201457983962,9.928129872692924,10.153583316595894,8.699798949181343,9.949797785597816,9.121645450747884,9.019839099747855,8.902227981659562,8.721309524397414,8.426369294839864,8.45644745066841,7.23118263104304,8.317586651288037,7.629450662528843,8.795555735501269,16.565330952054303,16.463271385513895,16.093609377928296,4.754174058455339,3.5459490865713112,3.736376588050829,-0.1868302662321435,0.0966163004217106,0.0902139658104441,0.9588022449428628,1.033375006350839,1.4504182096941622,-5.085738072220539,-4.686964814180217,-5.777390535993527,-4.087080576329546,-6.902334975908825,-5.734127216418046,-3.3806399703236227,-4.224703510531684,-1.437655683713989,-2.6460233422077333,-3.665481169003124,-3.4028263920291706,-3.8837611733952335,-2.274179565044076,-3.0325936433369955,-3.309331280887928,-2.9841250874564174,-1.596019109852046,-1.9206196969353588,-0.5450425439545848,-0.1638711153946383,0.0362193665470861,0.158720921659032,-1.0479704255039646,0.7069256247182737,0.1721000459063015,-0.8790256706245774,-3.428397833426076,-3.76079441003514,-3.758346735840331,-2.639654487222171,-2.2868827799432463,-2.6861793259418647,1.0254172446535343,-1.4751940559818564,-1.097927536467306,1.2229483684182714,0.6876630403124799,-0.3634412401643494,-2.913120584482733,-3.244990396803965,-3.2428560088614704,1.5412666007438758,-0.9597969043453268,-0.5814696963985543,-2.123946301055952,-1.7711236447858785,-2.16983070128872,-0.5687123228441484,0.5687123228441501,-0.050962529665201,-0.4637253114725261,-1.4918230160629,-1.94110820660927,-1.026886212491545,-0.552762337809319,-2.4253739975865334,-2.47287667573616,-2.146043467766236,-2.684194632009444,1.1473022618486866,-0.3431144334014163,-0.8041878284472629,3.056926510208944,2.087926185306656,1.2942509539383735,14.681170359456113,13.863882502090878,13.66374951483754,1.9962613399611475,-4.077725093473475,4.959727496786833,-2.288939952238148,-2.670787544548692,-1.6972761133730734,-0.7743069577407364,0.0001388010369235,-4.071176778296579,2.8798993106564907,-5.307993824999068,-4.862811141778583,-2.87388072897055,-4.0438970890206125,-3.620677122869743
10,0.0060164361040117,-0.308563938380441,0.3025475022763922,-1.9227204168932752,-3.0579816739588668,-2.3181759284936887,-1.233073228817552,-3.118475217106764,-4.71393579753021,-5.252756571777141,-5.658075293136457,-5.812733977097713,-2.4769838525940457,-3.3450458269098298,-2.2335945253990377,2.0842453917568484,2.1848512981543258,2.3884901632231625,1.2716140659703314,-1.1563261352599836,-1.5542300331705534,-1.1346956909656185,-1.8994139987311456,-2.3896017938877496,-2.80481664218713,-2.518506526627002,-2.3393660399894536,-2.2371123324459186,-2.5873525133178967,-0.8718370681219665,0.0346266147875209,-0.5367176204151444,-0.3994873423695633,0.077178781961087,-0.4022637793204121,-3.548902959688503,-2.963766305063259,-2.368169318430029,-1.2481873627024336,-1.2485140530613923,-0.9627367218580504,0.216700738169056,0.0901717341703224,-0.3068724723393881,-2.3937640474017328,-2.7592750096230856,-3.2506907270047973,-2.498866599407641,-2.750140672878964,-2.7583015537196944,-2.8145068534888456,-3.195140455803429,-4.1711960582548535,-3.889155299407654,-3.90349233752952,-4.058799004159016,-3.747051366852848,-2.873446046641908,-3.4029968121250485,-1.89717941658992,-3.048540803584666,-2.408998196396392,-1.9636019577215504,-2.468132485621107,-2.200840234685314,-2.48545869653225,-2.599446284757459,-3.786749310064996,-1.450856653128798,-2.440951530791478,-2.7670299888655765,0.1431696001219137,0.0158429637123777,-0.1590125638342971,-50.56094661568876,-50.54320961049543,-49.90840168061762,-41.94834061478221,-42.46818575250365,-43.98838852889314,-40.79633617770656,-44.654815821744975,-45.610470468325225,43.83044571517144,43.70341061077794,43.52869951889184,-6.8735949117378485,-6.855349853155253,-6.2208764657832285,2.891094366477127,-0.9670913320389396,-1.924003034438196,1.738889422371493,1.2192741912072402,-0.3013305043920505,-0.3142207466144674,0.3142207466144622,8.223833571095733,7.891992752909658,6.877157599160778,7.556348563892693,0.8243427235791436,1.5526268463522597,8.330766985082592,5.866326931291101,7.428962501820131,7.550328931766217,0.395940278589736,-0.2623714800040495,-0.1335687985856924,-0.0243693501648569,0.0097454324019062,-1.6832274447570013,-5.990580061883226,-6.446084922040247,-7.335003284040091,-2.431739473249482,-2.22811327154641,-1.9776813118316297,0.948587806114964,1.029093505716652,-4.034936940460233,-3.56216506617876,-2.4433467200514727,0.5675126291247963,-3.2681224500599773,43.27705652722033,42.45381099506743,-2.844933300771052,-3.271443066674375,42.74585626278796
11,-0.1469981418339114,-0.2204709886546688,0.3674691304885119,-12.65727818625321,-6.612971747362399,-12.197562623979744,-7.81546713138699,-5.806256732410693,-5.206877708771606,10.092443508948374,10.25771587796841,10.808370895500936,-3.2258895359756634,0.1646141636311681,-6.197365717711936,0.6266599618989882,0.6475149237154096,1.1384578907238438,1.0658287106204842,1.9057912267532544,-11.162323331183444,-8.900364802409198,-10.63551990454067,-15.37269082012497,-15.550415098979787,-15.359197886942004,-17.432358406160148,-18.43019387111332,-16.64889025022592,-22.087967629024263,-21.24938470427516,-23.085765458567018,-23.208994786764304,-24.19275961391322,-23.6939092734764,17.037467037064893,17.577408948579798,18.422766857933205,11.309170566904134,11.17633265186635,12.115992100673257,-0.4193247937148637,0.2385029498366475,0.1808218438782333,0.1809806292367635,2.10383748129506,1.2708434484041924,-3.425537701605036,-2.7417121660263937,-2.8130460478601496,-4.022711904645696,-2.5412588323313967,-3.83030502425628,-3.583063252212603,-3.1292150227231224,-3.539535440755902,-3.345193305610484,-3.2807346595201703,-3.233346106162687,-4.284331441520601,-4.5596709331877605,-4.548373946126182,-4.461161333719293,-4.141046304471083,-5.165597662997358,-2.797295767287632,-2.6076124023261915,-3.656694854161086,-2.3718160625194984,-3.230212950175837,-4.057720909184751,-0.0715816924462369,-0.9727164247266068,1.044298117172856,12.468143743263212,11.49832175842905,11.204097226120387,-7.172084164304514,-7.52034375096004,-7.721772492334016,11.916751098624664,12.8858142952262,13.775160199501777,-12.930107385049544,-13.831354144299013,-11.813567506218725,-0.3904219035085129,-1.3599373848969185,-1.6541463903574445,-0.9419476448043234,0.0275781350345817,0.9143695097697594,-20.03125642238493,-20.37896079225807,-20.581299462525728,-1.270003426774065,1.2700034267740752,-2.984801172177276,-3.3854493912838,-1.6313381338119952,-1.967881994347136,-6.377251700608122,-10.134026272573454,-4.486382642355059,-5.142788446022878,-3.5610317557932363,-2.9913991271773708,0.3370877733054747,-0.1277229556082924,-0.2093648176972013,-2.025483721506307,-2.0963540044481177,-1.8156438681865223,12.474230453933751,12.510776802480024,12.052390830573458,0.6532169908383019,-2.2948860850360937,0.2703130447529071,0.049250670317766,-0.3195637150706509,-1.5326570673037867,-2.0321199621587884,-1.4646930118491306,-1.203232845279408,0.893168341474409,-12.8636585390906,-13.11466891814558,-1.6135177144159745,-1.4633418127300235,-12.87241852930924
12,-1.7636044123656929,1.3773617493910362,0.3862426629746317,-4.219368283792583,-3.882778590876933,0.4487996069185406,-2.896058971050746,1.7428470104798743,-2.768217358546769,-2.7068575634781573,-2.922639623911299,1.6455666896424652,2.595387073670888,-2.3935352641407097,1.4441941912161798,0.4096529218499997,2.305449361356628,-3.55758877431289,-3.2896746708265368,3.823500135959829,3.2294169215401274,2.6103031454534555,0.9424276121414504,2.4478678772947795,1.4263561324449534,1.3999735554921169,-2.2718726239907583,-2.777911200378788,0.5672728981704371,2.112638591145726,3.778363466800373,2.897750053476531,1.561682009622169,-2.305604778256423,2.8345552368090225,-2.6503307373975336,-1.8543376746027047,-2.698299596095268,-2.4707052768799103,0.6210691002558155,4.030149198720848,0.1767223362440883,-0.8150477205856531,0.638325384341568,-4.98533897207819,-6.900261310899162,-1.138914651954512,0.9731736142601684,-0.1025458988048491,-8.283163646209449,-7.338516695169772,-7.481442101637661,-0.5740883174142402,-0.6802017634482097,-0.6576734647093305,-8.027290750816135,-0.3347661765089512,-2.681195488254437,-0.07750399091876,0.2137016631253402,-1.481695060722493,-0.0650557614127158,-2.6914213162540985,0.206977959453416,0.934248748280718,-7.637934050266784,-0.0531331141838337,-0.5646110398633796,-7.2012558169512975,-2.6942867721165533,1.5636974459432718,0.789083901382137,0.536961512574374,-1.3260454139565094,-1.4040306149528536,-1.61696267310706,-2.2167702858134426,1.6116629264956617,-0.4403103203221468,2.842101013089275,-0.5705315359970323,-1.3713914759451509,1.2936481091449872,1.0032669270415224,0.7535932314690016,-1.111600783172036,-1.1900461435262348,-1.4016498081641238,-2.002083247258493,-0.3565986797318307,-1.1563468121705212,1.5129454919023515,1.82891040186286,-0.2252228972228576,3.0582628848892703,2.32184648555648,-2.321846485556481,0.8055252727516178,-2.457494131928924,-3.017118197559157,-2.204229938066014,-3.3440140037304804,-3.155420805332564,-3.233872344079205,-3.489605426964987,-3.293548480543107,-3.0945884311533107,-2.2438402540634463,-1.092959805940591,3.336800060004037,3.225219760098372,2.343905923014222,0.8049020945293621,4.844680312138025,5.293957418081205,2.9180518699271345,-5.58567715863066,-1.4733513322224818,0.7257117724125637,-0.1401118077295611,-0.5855999646829997,-2.1365514721955874,-0.7582988856100595,-2.008496602137449,-6.659376611195454,-1.346075482308139,-0.989189396132917,0.5420183144815741,-0.4207210345421968,-0.2641276435322752,0.290011308942161
13,1.4510101519090104,-0.1592160113681324,-1.291794140540894,-0.5228768273726662,-4.015927516450528,-4.307132975800604,-0.4649289868763221,-6.225306170403073,-2.072179176508862,-1.86495108440945,1.308039599269753,1.9420443408611,-6.045552985559416,1.8479968075542987,-4.306846870667835,-0.6491797489550092,-6.0058667452019785,-0.3031621490990322,1.272146745733007,-5.275424248135608,1.861025886489496,-4.9963056239072525,-5.0216316922720425,-4.311143371662301,-4.516745899648323,-4.125084693195363,-0.0968532758268449,-0.1689336428419494,-5.420065174349592,0.340882533963998,-5.773349778721582,-0.2346721210253789,-6.069451030875823,-1.0612379918035204,-6.346195885602353,-5.990034589606151,-6.0270557509376745,-1.0211614975832413,0.7376749551426349,-4.997451606613455,-3.828145969539345,-0.0180166954291185,0.3433197577065227,-0.3253030622774019,5.832218773455366,-0.4167812747410323,-1.4919776853536986,0.7306868027813785,0.3300628089499468,0.4812972297197715,-0.1618299240878881,-0.1262112390118686,-0.1346734283483948,0.0103733129575984,-0.7142244916556214,-0.3106272342765852,6.579288195121823,-0.040113296286727,0.016048992072903,-0.4251407171726377,0.1353596078676253,0.6715628284363339,-0.1590753318843806,-0.0776838413453194,-0.4119783739308134,-0.5186519340802815,-1.0491913251601312,-1.15140625628987,-0.3482846453313992,6.631709392330077,0.1935841386870817,-2.88331797970608,5.679861188794984,-2.796543209088909,1.83181600738028,-4.201193565247755,2.1184689310593585,3.198744706977538,-2.7625664128153926,4.7897889108341065,-2.988664134501804,-4.072927045279174,-3.238607041474492,0.550037108284249,9.11647145365733,0.6365872365241564,5.267220377562596,-0.7681833644421855,5.550942033410352,0.4444444576302765,-0.6391427127169848,0.1946982550867058,6.633133845389327,0.6704831910883748,8.225448684712337,-0.2610128004973507,0.2610128004973497,0.0576857603253938,-1.2551106446962808,-0.5519871888301653,-0.4835616866953726,-0.0126949315961169,-0.3348453357404108,-0.478493794193082,-0.4857298512678786,-0.355542419972949,-0.4612966449203546,0.1428203908319474,-0.5002570547990222,0.3574366639670736,-0.8889344708948138,-1.0418068276168708,4.8266884062032895,2.9719200373888954,1.8005759707778433,1.774435035744362,-4.235138645393684,-3.3484204655044154,1.9890549737033687,2.250028588996693,-4.239083562700059,1.975635397070564,1.1891973674763985,-4.684015645831676,2.286078555076493,-3.608985155763548,3.3698982371227446,4.0936909184721335,1.2748831341352884,-4.136994633865978,-4.471931617173121
14,-0.250944358424862,-0.3062044365379208,0.5571487949627313,-14.007382534474631,-10.113572349223915,-13.786894068024951,-2.62321894782155,-2.0460221793252624,-0.6560515900388253,-10.114001311486604,-9.314163480746002,-7.543108660092267,-16.924850056685205,-12.576232545203766,-17.214320208692914,-1.1600138656455987,-3.199214585228223,-2.4482205867480618,-4.989472157146087,-4.1470156783217424,-12.042377762808798,-11.768293638837156,-12.724667380651509,-14.598456250317945,-15.18647218199122,-14.740935523220935,-15.584879133587902,-15.904667065897971,-15.22599371097156,-17.173328256402616,-16.58159152078858,-17.367686056074152,-19.63265927200493,-19.42697721206892,-19.281244051568883,-3.315216358357391,-3.043290848313711,-2.5785943286176822,-11.46598090575844,-13.0416762513675,-11.764884870275004,-0.6298816066686796,-0.4761794000385698,1.1060610067072592,0.490918049496639,1.693399052841278,1.974074961218629,-8.173928309210408,-7.023303722865007,-7.817156759313181,-7.661790264485592,-8.527199044229826,-7.793891830617934,-8.882018849111743,-9.22834439100507,-7.988392252283203,-9.233318308260534,-8.22188402532938,-8.556218799095246,-8.113544694704585,-8.039431305845808,-7.819289925250962,-8.807137779642128,-9.0542157695216,-8.508281556962704,-8.239006527974533,-9.442072236492608,-8.566184788624977,-9.322923077210868,-9.228044637528798,-8.825992023291874,-0.7277443032739899,2.145210287434262,-1.4174659841602617,5.910807588220671,5.21643936889346,3.274580723946827,-11.50284640152082,-11.10129911037953,-13.037001684941586,5.638806420120871,6.989650138276399,6.558426716725241,-7.123375028431357,-4.250132586971199,-7.812963843940687,-0.4850497106105824,-1.17915483946591,-3.12111222034615,-0.7570250590620016,0.5942223102497894,0.1628027488122388,-17.89838374607175,-17.497237100450064,-19.432759578284813,-4.865779347558631,4.86577934755864,-19.12084860268077,-19.495004526689247,-26.092206581746183,-25.83394538176132,-25.844955425003416,-27.92789852527877,-18.723699261683084,-19.008252687900377,-18.668166499154616,-18.08817876524889,0.6852174178247197,-0.3916129921460864,-0.2936044256786472,0.5440163173088178,2.5006682503622253,0.3175642663926953,25.79993956779468,24.34144691777828,23.971615658657417,0.0450811259129311,-1.901639955102859,0.0298249312547466,0.2511989959308808,-0.2810239271855909,-0.0718177299150007,0.6132354025857515,0.6228629194005756,-2.068809165809979,-0.3548414968488926,-8.166221240652062,-8.791656526836613,-2.2532596864955106,-2.5927024212800096,-7.411220150625789
15,-0.126722103152598,0.0671977051030925,0.0595243980495398,-0.1688999232657458,0.6804785685535827,-0.3238436270106906,5.874938041804713,0.2588021667090572,5.220917734596306,0.7229565800436967,4.4619997664508215,0.2108017433188217,0.1268790788865423,0.0260422430769193,4.499761144550713,0.781405542882999,0.6739736607101061,0.2788333451205071,5.2065351192145854,-0.5289976229010906,0.5194816539404995,-0.4023720108588811,0.7204572478654877,-0.3621410640586846,-0.1473461991093141,-0.5721260190641723,-0.2875550944822293,-0.2397795341867485,-0.4922127350410937,0.2309833862194205,6.970018419638936,4.784540544085964,8.379822305778879,0.6829135247315671,0.7242770941041774,-0.0023378506649301,0.1444675795307065,0.2416489506054866,5.409618119388118,0.3733854099248364,0.0583410777427486,0.0133210580680284,0.5507650105550013,-0.5640860686230148,-6.978117559151314,-8.03923197147739,-8.01921778007014,-1.9921849384448875,-8.526852109775314,-7.394323505296736,-7.681244224212723,-8.212144606138459,-7.823392946034772,-8.214246260511835,0.0789910488843479,-1.6623800516106533,-8.959698597834223,-7.976587925004958,-2.2190209795349896,-2.3328816459820185,-10.08927021358927,-8.865630301743982,-8.937925103866291,-7.781408987212389,-1.5196806262786022,-8.169466529188263,-8.764158673202145,-8.257134146617432,-8.661861532910986,-9.370236822191574,-8.463332133076293,4.782826220094326,-1.980046410348266,-2.802779809746057,5.21782853021362,-2.754418648990455,-1.6799174976543847,3.77454064211699,-2.041889308366432,-1.2152548898134972,6.570356826689224,3.227819248361944,2.751980051742814,0.6045480636314108,-6.1640659281370205,-6.986642027365194,1.045556488898462,-6.938940195032249,-5.863995858692515,2.3895766542020893,-0.9635818204546966,-1.4259948337473969,-0.4038035134778853,-6.226341484998334,-5.3996907725788335,-0.2738958864618128,0.2738958864618178,-0.1422963299233912,0.3306562679844136,0.5104642283454924,0.4579307250012674,0.4682083415032996,-0.4253533120787965,-0.1133534114523355,0.0963498429336905,0.3171088386755987,0.1913293712021365,1.3868505528480557,2.084790679291724,-3.47164123213978,1.3900360057030845,3.057827076109144,-3.822367722400045,-1.116829841114585,-1.5605831759859785,-1.9574788258700817,-5.585611749897728,1.6647262622732084,0.3751277923521889,-0.7849631464457405,0.4098353540935547,-5.932868356169844,2.916293004592956,-1.096774252668863,0.415370189409169,-5.547526991586631,3.3550951188057616,-5.469234449583221,-6.311319528793337,-0.5298801281920581,-5.224492170261212
16,-0.2941025876345352,-1.0631618561391067,1.3572644437736314,-2.2798601173250863,0.6426790302957808,-0.5437915090221435,-4.792562713935641,-2.356995802235905,-0.168755343514425,-7.991430992117871,-6.127972578330976,-5.2963137325462615,-4.000073647411901,0.96246373892684,-3.2749654983054137,-0.5121745540550929,-2.2197372699698343,0.423343554162199,-0.6099776448333528,-1.7077199270059409,-2.8371433151905663,-2.188792010715916,-3.5597664038654235,-2.0012021702205574,-2.076024245788373,-1.5384855802056492,-3.974199988131834,-4.691824766843851,-3.995538153010314,-11.175457765879624,-9.969915908061449,-12.771762762263627,-12.733174752202215,-13.672224663747816,-13.780083454359664,-0.8718510145826043,0.4087287928768271,3.653986993762089,-2.754067305863232,-2.1619034201887968,-0.1752884675809752,-2.66318903876212,2.8428449225019192,-0.1796558837397607,-26.43140752678153,-24.92364296864968,-24.27816340976754,-31.39763889218857,-30.080758688697863,-30.93046214435256,-30.444043272999764,-29.68207266361148,-31.693635496223067,-30.360775439653864,-28.568169365687424,-29.08431706423425,-29.36178560981894,-27.98341202565769,-29.092532563611748,-29.64632913029489,-28.82443838022184,-30.32563822519684,-28.812499078250458,-31.10480504037196,-30.63560745581108,-23.31312253893931,-24.18789252304164,-26.4993936363586,-25.24321923820549,-24.52442299455345,-26.890437483284543,0.1470990040698,-0.3345138598320323,0.1874148557622418,1.941139306359417,0.5900711178615563,-2.937056027701961,1.7085310774107272,1.8378231833831349,0.480474938022579,5.659892434249339,6.434456374698079,5.766849440096647,-5.805810498894787,-6.288169123176782,-5.766497434902209,-4.012194266059044,-5.363720069721208,-8.891189311500332,-0.2932916181193992,0.480288985910401,-0.186997367790998,-4.244605125150953,-4.1159214001197055,-5.4731979665556585,-3.263944402279877,3.2639444022798902,5.488572842579586,4.7259942101717005,3.284399187514939,4.727624641693426,-6.59946671581281,-7.540899170922282,1.7260370306156572,-1.3754556776535871,0.9402506167259044,1.7107662943770665,0.061304179980452,0.1903196886033717,-0.2516238685838347,-0.5104956099476204,-2.106462884521673,0.5222384697808139,19.231339571945707,18.344722135645824,17.73712706233221,3.638157804725245,-1.8030899383103447,-0.0644880068191314,-0.3258200281257425,0.3903080349448827,1.2170396594255208,1.101791872211495,1.243979800574453,-0.6217535084663457,4.272489090066979,-5.955739180922277,-5.720483746901995,-1.3820668836252326,-2.2637506246653536,-5.554183398418378
17,0.9497426116602856,-0.4314365551587047,-0.5183060565015618,2.077062881511718,1.272640144152535,3.030663423380461,-1.860505321455016,-1.0186075368552745,-1.6108373664417828,1.430823385488,1.490989118296444,1.1906322124309074,2.2638658773621314,2.4168409803014663,3.087289159847624,-0.9518190054643226,-1.2228558417139073,-0.1590149361366871,0.5895341802350094,0.3435584849475607,2.391302730253257,1.7270854827221174,2.157103377808776,3.658258366795641,3.541623962767785,4.251782757467177,4.953090707368988,5.011092108783701,4.681178483420704,6.782859144195912,6.702681673638463,6.889378982799209,6.1177096972705725,5.683413243783466,7.230586892926716,2.2107027295904977,2.95325716233482,1.97853292396069,1.5007924881185573,1.4616604218936124,1.7676176748570684,-3.1333929432503025,2.445959414545143,0.6874335287051548,-3.677480634495745,0.7422276661828507,-0.6753078772870239,29.30480740295975,18.216964293998192,18.3088626479638,24.95481537321578,12.1894761009359,13.931938212826353,-2.712137793974531,-5.333536006593419,-7.354507448781592,-11.911285379363658,-9.50162983019377,-11.999877559693678,7.014479832261619,4.2696376052439255,10.021217008854313,11.6518424244816,15.744202359739802,16.06042269713049,-7.23589308803895,-3.859403766611992,-7.124533736402306,1.2698940680648514,3.024047359579769,5.363135957378672,-0.3359116425871471,0.0066177437106566,0.3292938988764911,0.99984913419572,0.7802908210948434,-1.3817098882363077,3.0321600730271623,2.866074705330341,3.357653950748574,0.346338932262751,-0.4010657154117995,1.2748059609491635,-0.7428696287050879,-0.4004188035604586,-0.0767491986378081,0.593004542015862,0.3739452978596237,-1.788091980547855,-0.0607143931478892,-0.8073987628728853,0.868113156020774,2.625245868525231,2.4594168914285017,2.950678394276386,0.0725646189691987,-0.0725646189692026,2.5728926045031315,2.890581855789578,-0.1795814722011781,0.195133439037785,6.267399170899221,5.653178017854216,5.280958888048146,5.122695292882016,5.422097552525488,5.45998667755783,2.496004970348067,-2.098068401838564,-0.3979365685094937,0.4705303730872417,0.0071124194401126,-3.585418448910411,-10.621583483750197,-9.78467838132859,-11.147640681451197,-4.0749766015170135,0.4306365062136375,-0.2753928605218464,0.1241596736198957,0.1512331869019522,-6.2692896350801535,-4.86635968635489,-1.610212699446358,-3.813959158127545,-4.18189116489291,-2.294318660269898,-2.1583321348748363,0.5390472093411899,0.1462687300039513,1.8811681459194325
18,-0.0994562427091554,0.130774692858163,-0.0313184501490589,-4.114634823061999,-4.7047874079860055,-4.519121075124484,1.5589911572581705,0.6258527795879402,0.6793949214265,-2.306225154577416,-2.2766001164966574,-1.5877696618476274,-4.115227000220484,-4.712221845427313,-5.306468530811753,-0.1385431625641308,0.0958198247334677,0.0843087958563661,-1.4054739253344966,-0.6830801027496378,-3.8902298006900575,-2.878324403553634,-3.2603664731175663,-5.124623671313975,-5.414016203843092,-4.746779310880275,-7.396649939435517,-6.668658142571448,-7.284111908143761,-7.458603867061745,-7.889128466061021,-7.504456090867411,-7.059264994936528,-6.78138986238367,-7.656103813878858,0.0370377306070354,-0.1141069346603538,0.4968154253354925,-4.1349389510255055,-3.860270707437333,-4.174956831701073,-1.0013665213622345,1.6198616134345554,-0.6184950920723471,-4.687035660844646,-3.472318026712604,-4.589939478102668,16.273886131571718,14.196747735211863,15.21777627849786,16.47226570687027,16.17327090869371,15.994397116216016,18.527250702860133,17.040625850422234,17.04501313113328,19.78759576370924,18.368765651457004,16.45626101288536,14.34304598658034,17.712756917531145,16.58688880304743,9.31100018715023,10.00074439939836,12.902272628919055,-2.494698846694992,-1.4493145076769236,1.2042213504607848,-3.129193503579617,-1.93467697388122,-1.0730791488873086,-0.6525121261938955,0.7909252501061342,-0.1384131239122379,-6.120567110882364,-5.412529534689281,-5.435706153154772,-11.193882297983228,-10.599728227242464,-11.599688622004964,-4.757011256036458,-4.549659841845371,-5.289975734946357,4.21296927177571,5.657520021622166,4.726623290003407,-1.25435362897833,-0.5472635776428365,-0.5704079800485421,0.1085285001184036,0.3150553368423526,-0.4235838369607557,-6.327621101615949,-5.734356670785678,-6.733915321506721,-0.1314928385622262,0.1314928385622234,0.2609214524565305,0.439454683616173,-0.1087914059438543,3.4132047699867605,0.8934523081643623,5.755712058171206,-4.768519602774555,-2.2346508355846906,-4.9019214609246085,-4.860131066354426,0.743507206330545,-0.0013552605345669,-0.7421519457959762,-0.3019186662437845,1.1714737021521409,-0.2144298368346642,4.6951916930948325,3.42108845404198,3.9800466277595694,-0.1916711435253038,7.653407540447103,0.4149285215916719,-0.4712951642274639,0.0563666426357873,1.737139605938592,0.6083190315899076,1.3084750631595774,-0.566393275815883,-1.207469710377997,0.0596128215956647,0.8040786209494105,7.5797832855684595,6.876808235563185,-0.4783559577567916
19,-0.1959324421872604,0.2134872236247218,-0.0175547814374633,-5.0449167499904535,-2.4982235153559955,-4.701883265945631,-2.522812401760771,-1.668205682629733,-1.3968918114103577,-4.342251812573147,-3.838427901694856,-4.243802160950088,-4.981477098530737,-3.5666141456933023,-4.585517893791344,0.5183749056821034,0.0256631715489186,0.3999125214992972,-1.7333392758016053,-3.422626902559616,-3.9867143672730254,-4.081391382271797,-3.945059767518268,-3.9485076277788265,-4.83806281399735,-3.813877620037672,-4.468372199401081,-4.599822644533302,-5.029868480851806,-5.927965378181903,-5.404522271493345,-5.046972173657541,-6.009976114577993,-4.767821825810887,-5.198524065935803,-9.03778537671633,-9.54811939449696,-9.48731351987566,-8.501006794851548,-9.070361096492713,-9.255070940217742,-0.8840835823333816,-0.1810735541865669,1.065157136519967,6.070187517455158,8.181357590368057,7.722021094536321,-11.786242145586671,-11.40763884861466,-11.489076401230845,-11.670273781828506,-11.709976762804285,-11.35511278938929,-11.31779019096473,-9.663874228762564,-9.913006669147958,-11.203459774695917,-10.44793049613149,-9.785486333229674,-12.63539541655386,-13.11119785197737,-12.72030391508023,-11.264630322983594,-11.977645854747902,-12.806524135936977,-8.243050444724798,-8.330332981490423,-8.444400581270491,-8.844679749833167,-9.209328033839114,-9.63427251785948,0.2677821962224628,0.2399727158628704,-0.5077549120853273,8.69647227256937,9.285472547675768,7.668646671697329,-2.2867507970841032,-1.5528662946320126,-2.264669451663097,12.408270412794964,12.731783464732938,14.271227312819608,-12.869331493723232,-12.896898731255805,-13.644968376713972,-4.440529269321573,-3.851470057398135,-5.468026674387233,-0.728772897674638,-0.4054096372774014,1.134182534952051,-15.423922150229837,-14.689762622002911,-15.401756345309936,-0.3515680089531303,0.3515680089531399,5.451397480092095,5.022452973536908,5.002141463115674,5.69286930220616,-1.37625098663288,0.1676758189796383,2.741154782477037,5.193643932429545,4.423788979265082,4.848394225734836,0.9480112830955412,-0.6277377657057504,-0.3202735173897933,1.673704861027307,1.5058035243523649,1.0925868436259556,6.62439318048095,5.916484715074604,6.11557759287637,2.288803410392803,32.00773900046601,2.6167754753677954,-1.0479799649588182,-1.5687955104089686,-7.765401532048352,-7.775589285887382,-6.727906139232385,-1.875560090393092,1.442917599062614,-4.279801351323268,-4.5741576329418505,31.91763849003481,31.57502680544633,-3.5785803881813965
20,-0.2774934483952489,-0.7118788392046034,0.9893722875997149,-25.159135075778536,-14.599559965193766,-24.33092167187608,-8.32744617017192,-12.032555774415025,-13.314833340748065,-32.173224504297714,-31.58197392503228,-29.67750760134336,-27.501824486138048,-15.142371795368836,-26.35182309334522,2.57306668653614,1.0236213287738047,2.182671728184568,-11.92563588149852,-14.380864195654746,-25.532157001477568,-24.234540433209,-24.849864865130662,-29.75310138033516,-29.53751095242187,-28.16411184078972,-35.762900758734595,-36.3658405586552,-34.42933408495255,-47.13577651562621,-46.64892487316774,-47.65311220290498,-49.44733195861227,-49.88524773576851,-49.18547419154424,-34.26327378354079,-33.55642630483414,-32.167360725296625,-27.413070892710923,-28.71600724522061,-28.69244640187928,-0.9084257798095504,0.839994043369521,0.0684317364400344,-2.128853541114428,-0.9996804443555232,-0.4939155314007338,-14.055355683667818,-13.91119342529438,-14.0363265456802,-13.673419642766833,-14.43720503354494,-14.559105733509451,-13.862199639006157,-13.381073891987992,-13.096118314193438,-14.595593103511147,-13.104942132894744,-14.164506298721143,-13.759304664516046,-13.670566244791726,-13.811193689739016,-13.69474269839186,-14.50941807756337,-14.145908896888496,-13.456134790591006,-11.38901624843261,-13.097089756824236,-12.3262640724236,-11.463415556446614,-12.617958638452336,0.6291389207519947,-0.9388784828204636,0.3097395620684816,1.6864667830992652,0.4347258829791794,-4.97038573737374,-4.820666159831059,-3.165503070408107,-5.292133362759199,28.09662511473659,16.307075832416434,12.895500811045473,-18.47081349549778,-20.038628610437915,-18.79066969236306,-17.413525022540114,-18.665277548865937,-24.070617440847272,8.996728717843538,-2.7929589849380165,-6.203769732905512,-23.92013315115234,-22.265422183890788,-24.391569836642045,-3.658184267978835,3.65818426797883,4.094961685787182,3.77320077946687,1.516446453950884,1.853362582219852,-11.224702066739788,-14.138472536097137,-4.66251137304306,-5.622193755803181,-4.908094807192884,-4.877526543480791,0.5880956438906848,-0.729025341521788,0.1409296976310883,1.262484766867757,1.091289519675613,0.8927891819270855,50.89464580629066,48.232041072678776,49.67272368413413,-1.339936613677956,-26.924640862121883,-2.404324341036272,-0.3809792486897098,2.7853035897260185,-8.135678784736701,-7.589154728947308,-5.8478564480230695,0.1521410626533757,0.3056071295283125,-41.16515331174631,-40.40714733785703,-26.334946956251247,-29.02400893001331,-38.91381328988776
21,0.8263885625164169,-0.2595227943059854,-0.5668657682104262,1.3104778141577411,1.02135226120082,0.3267273059054243,3.3670444473712204,4.12858031400084,4.72628425904138,1.2287540379854878,0.3267152096325393,0.080075321175597,1.01511164617133,2.2174766357778704,1.82491132490404,0.1008949533028941,0.6296687768170189,0.6681632519903651,1.6163341178192423,0.137982636681491,-0.6358625671321685,0.1378086041681093,0.6541323199669412,0.626598652594501,0.5310997319374197,-0.273564302244087,2.352172132671924,2.989861688921035,1.4709021075122664,5.908601156865642,5.240109231868306,6.6428902467982285,6.830858237491444,6.730136889695087,6.820729744337933,1.8527735788003,1.2125838870345838,-0.0149314173833338,1.3784115008024544,0.8531315621205229,1.850617255658658,-1.5959880412156082,1.1120521368709155,0.4839359043447088,4.893953157328278,6.44782672037699,6.87458174340261,-3.583998820127409,-2.8504359090126523,-3.050696617047158,-1.864434908286444,-0.5105688994210956,-1.4658873800375112,-1.2099227522072542,-1.0533597782536237,-1.52570805173086,-2.3057303919630936,-3.1308308100900604,-3.4065661540416103,-2.634160874904096,-3.294793666773469,-2.928868374476424,-0.9289183163376338,-1.0683796795433738,-2.44485351260254,-0.853867001513921,-1.2373544634884852,-2.384003847920764,-3.820301862896448,-2.770959816491764,-2.53375791735842,-0.7705809708929037,1.751265155871241,-0.9806841849783452,-2.214707313134201,-1.5698349591862095,-0.6632638172616606,2.570139109467058,2.4414022967783926,2.7652337555075515,-1.9224663000377464,-0.5508828093944519,-0.7095417969697452,0.2907005024680061,2.8127314519182565,0.0803277750713224,-1.1538024042354529,-0.5087188462795752,0.3972716214775536,-0.8612742789296102,0.5101037872329246,0.3511704916966858,3.631371608571006,3.502433428420142,3.8269306982765134,-0.4252656235672382,0.4252656235672397,19.234766314906302,20.42065637189805,6.465958279047771,7.329046962769401,-3.994405177228687,-7.203312518900544,-1.5982850953906325,-7.07223091475108,-6.705147872748192,-5.921186271377816,0.5919958442565847,-0.4636878400794629,-0.1283080041771255,1.0277729360739694,0.5801632300882625,0.6221404744916774,4.128820047627053,4.535036496181308,2.377497928252543,-1.531240931752648,-1.1657838128140294,0.6538293033019436,-0.3976756771656477,-0.2561536261362899,-1.5731099598336662,-1.4597809346680028,-1.836882762629861,-1.360080487282456,-2.463182032542558,-1.9540859165349789,-2.345879846759612,-2.2448638086289066,-1.808365972733972,-1.7535977983485038
22,2.9403398433658503,0.6134772576091349,-3.5538171009750106,0.7931473232195431,-3.306988820043149,-4.5168220909837125,-4.189060919704965,1.286999219857948,0.635752111393886,5.629968874669048,-4.055985140399973,-4.296557870033293,-4.346838680676018,0.6757702572415748,-3.61145374943289,-3.5508728066563053,1.730146365568259,-3.353760827256482,-4.309958296010854,-3.881747525777105,0.5535468701927989,-3.2653788805972304,-4.611248598956106,-3.724563055169505,-4.030035360411893,-3.752821521875884,0.3570099598379327,-3.193344448692572,0.598336518581352,0.1511384301802932,-3.1361692270039114,3.72365959331248,1.2396404058539432,1.148942225036903,1.1554147275826896,0.7420638164752306,3.386402802998312,1.504631882520613,-3.720429304221648,-4.071998934318267,-3.481294586107601,5.968189276948021,-2.930389981820891,-3.0377992951271424,3.5598078928790544,-4.055586809266017,2.936211025225666,-1.251304488572299,-2.415166498068436,-2.1486152279383206,-1.2741304513308105,-0.8641290611276272,-2.579428228493229,-1.5869795077278157,-2.950039634396732,-2.339591362626387,-2.7706886974043443,-1.911567867865059,4.5192625755032125,-2.33147339922318,-2.3060395676548344,4.94199052973747,-2.408614608383239,-1.660276113807274,-1.627923415643342,-2.18239222396589,-2.065885771550571,-2.6053062398122377,3.379542264916696,-2.416430432665302,-2.0573062494199883,-2.548336994423319,-2.526724491725425,5.075061486148758,2.826650814771107,-3.157798732385141,5.960130775661999,-1.139568181474594,-2.035374126512816,-1.791701604014792,4.928227188800347,2.101126526826808,5.00955829285544,-6.563264874245912,-6.542873049456527,1.0558237090127338,-1.1868775738692925,-7.173308150096714,1.943137486699908,0.9116426446528736,-1.918966522303812,1.007323877650941,-5.154988303904456,-6.050658146685212,-5.807006792110292,0.1660210911300998,-0.166021091130097,-0.1518674797822924,0.2858015769619442,0.2028546509518171,0.1132647602341558,0.5418275443146316,0.1232362599143453,0.0620684205587035,0.140315215310591,0.220930294487072,0.0446104804890732,-0.1431319455296596,-0.3798141120655358,0.5229460575951915,5.889342491790335,-0.6705873621489068,-0.6910784850481916,3.4441559885083453,3.2167688271877704,2.670852804080197,-0.3020995459606859,0.0868255585838044,-0.3055681167923421,0.4022920119009672,-0.0967238951086248,-1.205503702907586,-1.3193789802669456,-0.8391131068424593,0.2109281730027158,6.068916021959175,-0.820677229774682,-0.0994060196878859,4.634228297610659,-1.3618544454433132,-0.3805288163096871
23,-3.093908741705163,5.790537550695686,-2.6966288089904915,5.440234202164113,5.835754219591282,6.434707083795392,-3.3484547082577087,-2.767287846936187,-3.2355919596972846,5.17203471551637,6.214450956162982,3.5092501156218536,4.026597824517547,3.31944176112461,5.104114023502071,-3.635183324171721,5.007674134113684,5.106682923826132,4.458931365564011,3.6338867913348736,2.915369140601268,5.14989017215159,4.77466690035274,4.757520468269356,6.096296299485102,3.2549162453282485,3.5594204730975783,4.821007279948356,3.5360827074783576,5.127319811558963,-4.099535119405846,6.01754243421012,5.481523189025083,3.687058871881387,2.866744721415504,-3.193366917689518,3.872238324444733,5.00966518592624,-3.498811531257032,3.403212968709408,5.031889078002316,-2.5872245079857543,-1.7326987728984438,4.319923280884201,3.864827148388565,-2.2414865999017426,-2.5234027885783537,-3.685837534109168,3.017652695973573,3.3167985692122115,2.166190261768419,4.288064947724852,4.078861960488145,3.0021743763221216,4.405935317056594,-3.3804842306722174,1.845425128377147,4.332049574427474,-2.91539635682741,4.683349381214756,-2.929097134234224,-1.5773221973420857,4.809986802811299,5.007618041172201,3.8095505248021992,3.956819121021988,-3.3674378397183258,-2.663275826561243,3.7903572183583583,-2.0760414798001965,-2.730925696618131,-5.441561921064393,3.9501384758445206,1.4914234452198658,2.7970035426511544,2.90414844924871,2.0955488906815627,3.2043313344456243,2.770109148552788,3.068539121430388,-5.151462970462292,-5.645193365893866,-5.380242529948509,-0.0494957381265808,9.33854450103392,6.882772015319354,8.189582648541371,8.295852996082226,7.488042185473263,0.2407735905775485,-0.2528624400022858,0.012088849424734,8.596793594486812,8.163693904396638,8.463081979363858,3.0696712574470952,-3.069671257447097,-0.9793123307165312,-3.0113207369318635,2.2936323473605715,1.7299829227351438,-2.7661098016022048,0.6779024548571557,1.28455628918761,-3.3328316355344847,-3.213511078597312,4.133882290441169,1.1239388705546014,-3.650305513993184,2.526366643438582,-4.471259799403038,3.9687556607334806,2.9109889359227545,6.062585932500589,5.530535102019649,3.768152467269946,4.364333924030616,2.3728909319005806,1.7185317390585104,-4.878765870921041,3.160234131862535,0.4292622169144737,2.296138264898029,-6.034405333775903,-5.861097927528776,1.6061975411517186,4.9833394279884216,2.2481072212630124,-6.449912769718938,2.877391281204833,4.166948894299283
24,-0.6471732346510957,0.4177162125015364,0.2294570221495423,-2.659695331387573,1.275359420921018,-2.384749335412432,4.0114306461268034,2.8236378333381342,1.0173781042879606,-3.195085881903306,-1.5785526734092652,-1.2280347515828045,-8.609119982800571,-0.6697646778098427,-2.7371164238900905,0.200917336409144,3.868498493952401,0.5436222729774403,4.368282000006606,-3.010731672962609,-4.661547947780767,-2.3961738342594248,5.901072082688603,4.289527845339632,1.4275165236546337,1.5585629235928562,-0.411007871119991,4.845532820864412,3.45155588798548,-1.2894867689630372,-1.2354961733685208,-3.4660129958237667,-5.268428699865229,-1.9865506590827204,-3.7381276782204944,0.5714869642486603,1.2327332820461812,4.031549986370251,0.7703225375464816,3.735819648362706,-2.409637894841339,-2.695762158069361,1.0125638516194646,1.6831983064499023,-1.945366053399925,-1.4452459875109358,-1.561961347786827,2.433833277632152,-2.8553803127547703,2.937998156520522,-1.1573264102169358,3.010757167752907,3.01937469944775,3.704396993377145,3.001328934342383,1.6653411034509875,-1.523364072898468,-1.749885787593333,2.9000354409038214,9.734389438709476,4.641632056058365,-3.42853942639518,3.7541653549269927,-2.765402996463079,1.5364298829149097,2.666255814059083,5.476366706964166,6.4957763630487,-2.9324956548736325,2.900854010558416,2.413438973701528,-3.4216714161589628,-1.0977841127982342,4.519455528957193,-3.4829369885046604,-6.207295651007009,1.3336171956051,-2.436745352341552,1.0468158958281346,-0.8568828187688405,-1.2749332318747535,-6.90436938563261,-1.6323504365665762,-0.152809309343217,2.172934858604536,7.788525320039269,-0.212719720248585,-2.9371210912955306,4.60343105559531,1.993994507420366,-3.63400302370577,1.6400085162854026,0.8345902537162732,4.31717374822749,2.4137099414668786,1.5429430737333394,-1.5429430737333412,-1.062429680765521,-0.9704047392143622,-1.5760388644113037,-1.8415198509989648,-1.6033775947888556,-1.0839134571242872,-0.8882798974105501,-1.533210620631195,-1.7313976800055322,-1.0612668351332066,-0.0722791346770076,-0.3755859690821333,0.4478651037591435,0.4090120151713164,1.1455583997205874,0.2135839520392857,9.106582780364455,10.012575274304371,6.6880198097438806,-0.0413720532797831,-1.8134951939812864,-1.458083532621406,2.33973312637944,-0.8816495937580285,-2.8491628078913656,-3.3006235789087475,-7.835139458126783,2.543310844292154,1.654638456139755,-4.368673674935143,0.0145318993965082,-3.406315756771184,-2.4649145470557734,-5.122906711352804
25,-1.4133141066395942,-1.5585788736428643,2.971892980282498,1.849170525756542,15.222680065813584,9.828047504803193,-5.513951008371823,-0.556356712905302,3.0630099586185464,-3.2575336269388817,0.1381564022287757,3.1153132803842127,0.6296024005680352,19.4468192852258,5.441653444415255,-2.1557898548313896,-4.321210255669612,2.8880243457595145,7.231923753503874,7.423383956333502,4.431396225004427,5.239447321034471,3.965128768395872,3.7057613316973694,2.002486053333821,4.620188666840907,0.8461429982476641,-1.4502428814827923,1.1156059694378715,-15.590093212736472,-10.853311502810646,-14.85286043809654,-17.214612142961673,-18.717559971170523,-18.69465238872393,-2.335735756846907,0.3562671640238755,8.110391577947057,3.8161805125259,2.9869964716027675,7.205797696310167,-3.3832483152404658,0.6556616084953789,2.727586706745127,1.7026790829953726,9.106498402583153,12.588043657941528,-29.404676146264112,-28.08783238066924,-29.62639726309576,-26.775501388790605,-25.44601228634755,-28.59701819200839,-10.303440140610894,-8.103906507238364,-7.217214011324938,-14.025084418589932,-11.704262233875358,-10.884242262671982,-19.177675942262496,-18.187958041127565,-20.419223352416186,-21.05427389191636,-23.096143511409537,-24.15804276595316,-13.59112013314632,-12.51392040489994,-15.433381028761888,-9.741857664910814,-13.706198400496891,-12.865146371002426,-0.1808975427206735,-1.5366701747835294,1.7175677175042052,19.780685035736493,17.602017536705535,-2.3326815216946724,11.652192678187353,15.031918988336257,15.335341435736815,19.75921676086125,16.63312451061187,19.102836117510435,-18.6800312968988,-20.035826027917054,-16.78122988610175,1.282068829864106,-0.8969011710935505,-20.83139811468707,1.2599225037397417,-1.8653874539451207,0.6054649502053905,-6.846249192641433,-3.466968914357789,-3.1629960127354138,-5.30490770925141,5.304907709251422,12.388683888299182,11.202073683721403,4.83623346300672,7.471374560205233,1.1356563407842564,-1.5264673540106388,5.583610759834515,3.385164113244924,6.963973538978332,8.110225842250294,7.352703410542933,-4.650725123296657,-2.7019782872462703,5.339703226987871,-0.5763337388488184,-6.299969058764535,26.95101623058113,24.977440950602315,20.37760507981999,-5.921506529697353,-8.786922426502057,-5.1113176568002,1.8803081626830984,3.231009494117112,-6.326684820837186,-2.906822513860382,5.983930059113722,-7.906876924133048,-3.9382795132455306,-18.120266796731887,-18.267526904071104,-7.732188587822595,-8.914568478228807,-7.843185526728811
26,-0.080053752347187,-0.2313371038540745,0.3113908562011753,-8.626970646502157,-3.928256730792668,-7.619662393513023,-7.292412334862144,-5.500423770433793,-4.106095233540975,-8.952775359165416,-8.006242133187197,-5.776503479420327,-9.593633141679367,-1.5927195710547044,-9.212128209105352,-3.1999174545609503,-3.163022657054451,-1.5729762941389118,-2.257808539135004,-2.0255938370567823,-6.633774811034881,-5.606404248464871,-6.721438033543235,-9.32803569798782,-9.890294905154796,-9.646018877245142,-13.394391408162331,-14.390319372245708,-12.106402110001913,-20.66438183240644,-19.20664748559421,-21.483069320628367,-22.416774085437687,-23.58783352381373,-21.685374583851537,-6.119477761722789,-5.61620737381126,-5.269886269929851,-8.11502670913927,-9.89810888076196,-8.601468688768712,0.4526253994362538,0.0887740969153131,-0.5413994963515647,-1.5790799236410178,-0.570639260350976,-2.1028047930359457,-6.204963342279988,-7.236158369923894,-7.457203576927745,-7.33043158678197,-7.56814896021061,-8.85103433328692,-6.460920774528189,-7.666542098442491,-7.519935894933018,-6.1016165980156325,-7.328557165860197,-7.74929272883717,-7.547670170203685,-7.846773115349468,-7.9387960909081885,-8.738803362096657,-8.61223575531557,-7.516477325510171,-6.691712469942004,-6.345292231715467,-7.064648001083936,-6.209713304423868,-6.422758243806514,-7.229472984106113,-0.1608902565718507,-0.2111635349453328,0.3720537915171977,33.832262573911386,34.33025060317048,33.34168180019738,-11.483360260192798,-10.758116853489536,-12.56657501593658,7.061553442700795,8.804403254450966,8.701094953091086,-8.34978653123179,-8.400590975562773,-7.817763428059387,25.642963774803057,26.14089795582173,25.15193777578839,-1.127181672788001,0.6150723385647732,0.5121093342232513,-19.67238160557038,-18.947237784757867,-20.755240130092627,-2.160926247337485,2.1609262473375006,12.853176902268885,11.59658316210806,8.074235115877677,7.724129624788734,-3.2613600380160634,-5.301249171192683,1.9474932565807288,0.2915112050533239,2.806457968305164,3.086032431163495,1.4605640665251376,-1.2354156328583927,-0.2251484336667603,3.0122478365839163,3.24708672877818,0.0301266215363631,45.58982788115093,44.90190349320551,44.30868031263835,-2.61507604192208,2.185468759938583,-1.390212681339213,0.5022818182117232,0.8879308631275042,0.8523570193813879,2.2268890462947617,3.9896450571561712,-1.8504380311958184,-3.030875545817972,-14.5952360881414,-13.86544091093699,2.145396852311693,2.59531697486788,-11.649590490866814
27,1.5108181407202312,-1.9441139466711392,0.4332958059509068,-7.301576401855864,-2.476662750782196,-1.8042434761829933,1.3180820585846102,2.28723158639061,1.9215728822705267,-1.6456611509451062,-1.4704540146218126,-0.7765285900281055,-7.318190321886848,-12.957525843592183,-7.071262139025039,-0.2384686449467154,-1.479336994942489,1.315956435821773,-7.321316301980145,-12.671302459010494,-12.704294744295035,-1.8846171481439888,-2.5892703115686606,-7.112245806895395,-2.450911445097456,-12.61718046765218,-7.213251038747251,-2.312238510099689,-12.942896530941535,-1.3865415874701252,-0.6562847653227258,-1.0450093673623375,-1.5588316752159623,-7.0050839334970725,-7.379721629186672,-0.0141265946293145,-1.955213262230838,-2.2324626533786893,-0.7245284833747008,-12.964651430494316,-7.500423861444454,2.83591028547052,4.214455438065582,-7.050365723536109,-7.397045051369282,4.002427596755076,3.264310093701709,4.037064829123989,-7.053345681829086,-6.71677852175785,-6.959284012474834,2.1530624285359377,-1.6795214673474277,-6.870215827332004,-7.111523849156423,3.050525936241654,-6.821065058144066,-6.835957098591099,2.371954449994594,-6.726935437030207,1.9601112912022591,4.630740354477441,-7.280989177674649,-7.000253252519852,-7.385530198393839,-1.947939361437432,3.509626433565104,4.031629966860203,-7.446678233998357,4.950534509208026,3.462503906682153,-0.0187714721051809,0.895642165375086,-0.8768706932699045,-6.619161280990656,-6.528720346474116,-10.579047391295653,-5.883063433062082,-5.780448957433871,-3.218919701159312,-2.707782676935764,-4.024377021143383,-3.131537508787307,3.2691077437971687,4.1848066882867005,2.410681553436361,-3.331109911584204,-3.2419621147761624,-7.291583403488255,0.5804483684554135,-0.7370235816822863,0.1565752132268797,-2.595486531909281,-2.491979865197105,0.0685889117460105,-3.1533465247661727,3.153346524766176,-3.3585188772277803,2.4062374865215315,-2.6992162488021223,-2.599523504536487,3.6348827037192266,-3.4908752229654185,-3.3234064048713745,3.792077439625301,1.9274803033624133,-3.0870386365054774,-3.0131157024988835,5.647240997692412,-2.634125295193528,5.710252112640002,0.2621928474053239,6.250294168082642,3.91755575396491,2.295060334101646,4.929710062077691,-7.983212782619844,-13.923853170087776,-0.3421369760101792,-0.2198320635195321,0.5619690395297136,-13.675352822025154,-14.149887312968026,-2.673427963291127,-2.379764577995983,-3.6089751654270175,-2.6844886755933604,-0.3235437114314447,-2.6809361197931088,-4.601968047928498,2.0580041833306284
28,3.440222146107601,-1.3539132786988874,-2.086308867408724,-8.781197409752446,-18.82951157543721,-6.228928694486838,-3.165953250475854,-3.718338508762773,-5.53589066881377,-4.401288144207057,-7.090745771623363,-9.03418678343485,-5.462448318846642,-18.673263950824,-7.110350032640207,-3.643881909272465,-2.51757098604059,-0.3961003973828999,-12.400018238217488,-13.744032742147343,-10.178788664837253,-8.690042864929426,-9.329208548915473,-5.740709389443471,-8.385480270988342,-7.5179635516281955,-2.727099305551886,2.2113538853815253,-3.18512000323198,9.12607790486942,7.828965391577295,14.062928003533315,13.789379797563733,13.786868014837417,12.626057697676764,-1.0368075201084666,-2.635788039611175,-5.716259575589715,-5.856249492779147,-7.313725476341949,-8.458158402107395,0.1844030209936508,1.4042994900780827,-1.5887025110717108,-5.34487919939121,-5.805525550116454,-8.348570694102545,2.2249350576592697,4.1170400479483975,1.1235617156990902,0.5571667358286018,-1.9715775437159648,-2.5636448345065506,-1.2454619610279685,-3.74960923410342,-1.6046573998831697,-0.8968489934778474,-4.857724018088993,-6.345839985470208,-1.6523879671684685,-3.544638521162505,-0.5383619017204971,-0.0801933311779165,-2.4215011115758505,-1.618265227177756,-3.939905823295161,-4.480250139743535,-4.680202591129735,-6.204971921293301,-3.653362600650192,-4.009099702231192,-1.2825926260860177,2.601648038946407,-1.3190554128603975,-12.406027770723233,-10.09728081281142,-19.012075639870705,-7.870195927892673,-11.581003389636656,-10.064419488842054,-6.31891121034383,-7.08808112934707,-4.459493873655455,4.672406920919439,8.556204448104728,4.634361145361092,-6.450826200872215,-4.143593394912362,-13.058751310557422,-0.3634530241891168,-1.13380366382653,1.4972566880156584,-1.9142520227399853,-5.626474988276263,-4.10835778450683,2.845004281163936,-2.8450042811639222,44.889793964034176,45.73537739884146,-1.1213204195759692,-1.6762738721891128,52.152804459724535,52.37071633567225,51.17705029071724,50.28357674501936,51.76262658244744,51.71500624183109,19.26844952518469,-16.5296881437821,-2.73876138140259,21.38349576258852,22.529486621681137,-14.362322444699547,1.454230336168061,2.155705766420624,-12.666725808451702,-35.15330021403054,1.518618321642203,2.853137944944687,-0.788448531141716,-2.064689413802966,-43.69466073653365,-32.22349210579015,-7.29659746724598,-35.36317034386506,-37.410160874591085,-32.10624456478779,-30.653319033124568,0.3290114071371006,-0.5249782428382442,3.3359733050795457
29,3.6971932355523793,-0.5089473482004855,-3.1882458873518824,-4.707531065614385,-4.168017355072053,3.143123931581203,4.142343564278391,1.4844551987408516,0.3161748499627611,1.1920683508142842,-0.1174817480025661,2.507659344690137,-0.1201250714254194,2.323367640472853,4.174435786937494,-2.7219829477184163,-0.2884171229680612,1.7081470613930334,1.4148385176859288,-0.2338578028462296,3.8307688003903775,1.648633285052873,2.5702692781191767,1.8009076689902896,-3.685198653116711,-2.465090755863722,1.252700732650535,1.7445054589253814,-3.969626582689374,1.7874931596293937,-2.7684703991981507,1.6583051774911175,-3.114002960436696,-4.257687076135341,-3.008484962798293,-0.9073941903792352,1.7230717333752827,-1.8668749427341047,1.739247654731833,3.495983417632966,0.4303325871333748,1.2012286436886803,-0.2528986009137289,-0.9483300427749416,-0.303658167930708,1.6593530362908508,2.269505942618016,-5.253056368261453,-0.9822732059064015,2.2024153342615813,-6.107388813876518,-6.404365445468359,-7.328481607449498,-1.1434318707747837,-1.24288391348614,-1.208047289199314,-2.38528024285378,-0.9964101233472727,0.2232462133582202,-0.5352194666095911,-1.6646353976298855,-0.3904238347872271,-2.709400472709341,-2.016931385701095,0.197167044704125,-2.2091010875664665,1.5079029292536523,-6.295542346325539,-2.622628417431021,-0.903849531134325,-5.627304411611745,-1.4074919477581196,-2.6350385715302846,4.042530519288408,2.8631963972003565,3.026368115741024,2.499640047047308,5.004502971590733,2.72380233498538,3.9612638131304254,3.0921304032451347,1.5776967382738198,3.5115678637591428,-4.1347323762620345,-5.361773445027703,1.314502736422769,0.1361489297891375,0.2998500631804989,-0.2289371812796422,0.3645711689112946,-1.150493920561266,0.7859227516499735,2.278300932270701,-0.003554422546779,1.233755319034216,2.604500432017621,-2.6045004320176206,-1.9223836613457748,-1.956197922953788,-2.609143896241074,-3.0628535959165304,-2.439275344681524,-1.9906274161428543,-1.6735342933592183,-2.5641907599269818,1.2647936809811042,-2.4100847531682814,-0.284791583457648,0.2454135872081538,0.0393779962494939,-1.94161602247536,-2.8900424598864523,-1.65135294627039,-2.1752185367520847,-1.7577985165463732,0.2009677849082829,1.831066080112168,1.3886619351537837,2.576551212411555,-4.24701658596349,1.6704653735519392,0.1788323361817453,0.5561892784962065,1.5242872730776484,1.7356809263676278,0.1251853887098257,2.691058581797393,-1.44198814433406,2.469707134183918,1.6341958629884434,3.374135889096606
30,-0.5261263253072309,0.3614465769057259,0.1646797484014856,3.724852150451935,-1.0448558524205904,3.9605247342719982,0.287406227044004,0.2803643077526964,0.6256124337524285,1.7240296103317458,1.3688048853524195,0.1384335399218747,2.133564514401244,-3.151905534131054,2.292777097525447,-0.606832448115914,0.3563518297286246,-0.371008408933165,-0.8321524202306073,-0.9340154330648064,2.561947402645407,2.712813550654145,3.2002464174841303,5.460027504518162,5.464807199576596,5.51354085238867,7.244191627168674,6.964135702219374,7.029580931767451,7.516380797427369,7.016079274898796,7.668482031587942,6.207698049605689,7.348145218038938,7.312400977514255,1.1816438423671096,0.792245064593315,-0.3941726743808822,3.3826031919143698,3.642345832511272,2.849508878363373,-3.821826939344106,2.789353515193038,1.0324734241510432,-3.752140388838861,3.779431640238826,2.175485275715447,2.108934135806149,6.812935653882629,5.737794066637046,-2.0468476836443528,5.465654915535596,3.347281591100145,-9.08996295060273,11.180040472926777,8.429561382964733,1.863969942691024,15.752217877195257,16.363308015145066,36.31039898339477,42.73430176990639,37.54994653367318,20.08913295438048,14.100852373437045,24.09167309361008,9.693198465399654,18.189565133549515,20.75338237342857,35.31639494634645,33.27664647279703,32.55747951638327,-0.2189176484204595,0.6688801220087733,-0.4499624735883227,-3.248823542301013,-3.0119675816057163,-3.396616422075072,1.1183032306864984,0.9166404618078404,1.884257960645184,-5.087818803588404,-4.352160544840298,-4.15829911079974,4.313057775833317,5.202598293151679,4.082636811349519,1.284089458795935,1.5205922765487816,1.1359780104458257,-0.5558607371670247,0.1798547355039336,0.3760060016630893,5.651215325125917,5.449162654842573,6.41708060520302,0.278525571869325,-0.2785255718693347,1.181657844225012,1.5981322915132694,2.8903904772667666,3.1769122144302604,1.222082074129177,3.0716425412817228,2.807838970932542,3.622772345999641,1.98069810970164,1.7193482023816562,-1.1433920425994004,0.8092784362164644,0.3341136063829458,-2.6428302904964065,-2.4598360517557034,-0.6659552159876555,-15.287618455288598,-14.128275712532568,-15.202792391899669,2.1935849817354987,1.6500043549225885,1.0466254356232827,-0.1393794988243548,-0.9072459367989392,1.80205878267854,1.8652142887007144,0.2591404714296239,0.4716153227410989,1.5343979760022426,5.589770366667005,5.62578101560472,1.0814757106189636,1.1294644905223648,5.024908931552349
31,0.5208702174584194,-0.6740438762254888,0.1531736587670359,-1.3800877968949643,0.4989120680730454,-0.919329581153274,1.8722840890582348,1.642158748312761,1.9628949952758687,1.805814852136668,1.9359167031703937,1.5454800918468272,2.776874578217151,4.535704656835748,1.3172334286797562,0.8012862214960518,-0.2532275509718052,0.7787428653001791,-2.7292679317634367,-4.229028561120876,-2.076272462073641,-2.258337242811192,-1.0819550313375412,0.237813210746758,-0.3738932446179988,0.184616294163983,1.6960856975111358,1.0069457719753054,1.177895447362769,2.933729689907828,2.6177380745023298,2.420942350573401,2.4688769048407377,1.3383943672256289,0.9633216282414184,5.008386758240032,6.143178611211677,6.326059843514095,4.565090792451247,5.065738910781496,5.982814853118231,-0.4664715994218905,0.2544132454759891,0.2120583539459206,-1.0162066400778014,-1.904871950914509,-1.0038338162179825,-2.631093725739116,-1.2030727799737746,-3.960173599442913,-3.639643403297826,-4.176947166298107,-3.0292206322427075,-5.178022383087026,-4.027787561478187,-4.350624963689289,-5.043240030157763,-4.064798381776166,-4.563234432003849,-4.875043199075623,-5.5421042388462975,-5.811409100027954,-4.249089607589026,-4.684499751232926,-5.875243564754817,-4.792138693765879,-4.752810297623494,-5.596696618550583,-5.473645273170966,-4.094800981462848,-4.797742983970361,0.2001854362275416,0.7203458149507633,-0.9205312511783128,0.3685448223435029,-0.4690359310245363,-5.0640982976579485,0.9427926909185947,0.1143470537452428,0.9056071005571168,0.5718322433293135,-0.322979588834186,0.6786190555617755,-0.1088412295574676,0.4082578996292432,-1.233442574757332,0.0576687441648245,-0.7812641944841057,-5.376388383169042,0.2631049576726484,-0.6337546046675917,0.3706496469949504,0.6343376466643148,-0.1962788824582586,0.597785388482832,-0.7069830948023239,0.706983094802336,8.663118986831119,8.668014674532795,-0.1244574254242402,-1.6114352224408972,9.618992924412478,7.89384645579337,8.890951781481299,7.393599605776778,8.84429993776642,8.979262344518407,2.653944288900929,-2.738213415613638,0.0842691267127125,3.801053577011288,3.874376151374424,-0.9380909961924254,69.00616774476059,67.71125130434747,66.07013508588349,-3.4770254123520905,0.1442025891542369,-1.3175844780265913,0.823301631723242,0.4942828463033477,-5.424414298514225,-3.5094014537895544,1.3240346177292135,-3.421336968691443,-4.1593322117834015,-1.5830680590593955,-1.9470846280213885,0.700978144027003,-0.8210579814482776,3.462378901901604
32,0.6541748781716162,-4.24508397474791,3.590909096576304,-4.351048792856068,-3.944638906894191,1.704047846317867,0.2583192033988656,0.711214485230856,-3.114801928758636,-0.2761286587739475,-4.19277906861919,-3.738096545874994,-4.120135681950318,-4.3831547844979,1.2855496117675698,-4.478864030432248,-2.713025713185324,-4.075243310462585,1.0874985504847885,-2.866488160351019,-0.5175606886418126,-2.498114508735505,-3.7340320423592335,1.0538839716619597,2.932762048524629,-4.400980779990067,1.3286601923161427,1.2521197648762854,0.3497198131756734,2.2148838000982884,-0.2767929137226387,1.3891370891816142,1.4497766752003396,-0.47720993259549,-0.8287774416342236,-4.182622361538908,-3.883395164547056,1.1311686003605907,1.0131109818901234,0.436384377669869,0.5789828389075055,-0.3595661007636718,1.1690898989556755,-0.8095237981919956,-0.1945077983140829,-5.59601492958313,0.221909320874642,-0.6512534842231914,2.732480368978951,-5.611317047512657,-5.5160009500091824,0.7055369610794797,-4.107123242605719,-5.856115383791191,-6.303208449858746,-5.425336101193032,-6.211691107349378,1.2021288544203763,-6.454900493408905,-4.428521783237706,-4.92021083607794,-4.971914382472948,3.173445474867345,0.1308315416633106,-5.895649910027662,-0.8901367084734993,-0.4049454285480061,0.3313597022167991,-5.325105128686931,-7.194683225142521,-5.392624709357344,2.45417220644946,-2.9794198546123454,0.5252476481628893,1.1303068475534177,1.9845230903552225,0.2282238446634265,-4.086675906214692,-3.8886298274519007,-4.104279719831389,1.8367452938467888,-0.6336526556974532,-0.4347608127485814,2.196480060810784,-3.234993619803725,0.2687045445768106,0.8718204121102449,1.728638820491736,-0.0292190970851846,1.579113022512151,-0.8902477052196026,-0.6888653172925484,-4.342700108979094,-4.144849889180165,-4.360108923380711,-0.0327212768894568,0.0327212768894575,0.3025057463922445,-0.7674213618975292,0.594208959165216,0.5905825262296674,-0.4485443072254568,0.135354319887218,-0.2031872028577731,-0.3310190308132796,-0.6112611985540393,2.226521418057417,4.9260381388246905,-1.854943650883164,-3.071094487941528,6.036988429991899,5.101681927989852,-2.101169545438613,0.226424498398242,-0.1616769076787877,-0.3558964736852524,1.0337934851157642,0.213310610287681,2.4885231965914087,0.6461399630058466,-3.134663159597257,2.222756093466044,0.5597560597957255,1.1954535219225924,1.2731266212400123,-3.491084944332552,-4.727465971903253,1.3879768784888853,2.721628019156662,-4.312503548476695,-3.2590780652799105
33,-0.3287080579256199,0.4450499667311929,-0.1163419088055832,0.1233492116760173,0.3521726172397045,0.8138468586196266,-5.414569114963365,0.4673850515526914,-4.7087708561260895,-6.020803363486832,-0.9078932297984368,1.8516004807635305,-0.6460131298123025,-4.305816530364536,-1.327898478156621,-0.5594747986803736,-4.491688494879689,0.6343990546625897,-0.066917655208462,0.3465110913696007,-0.8657749301320848,1.6127244607321534,0.582396037388504,0.7663668329973007,-4.083842442392181,0.1615971365439903,-1.081171978170714,-1.1205024338054337,1.1076990968703249,1.72030947582613,2.452253833929105,2.248702196267649,-4.501335618055288,0.9345700659023236,2.107493998165265,-0.4643789997541847,1.146192547041904,-4.121477282598631,-0.8093698599531818,-4.229526772399691,-5.222166432794517,1.3229676418349656,-1.8397820034698105,0.516814361634842,-1.3995079769310703,-6.094439538747502,1.95700273927319,1.0357382813515814,0.5382531377138187,-0.2656830235744192,-6.242165662944318,1.804892377352716,-0.8789991746773103,0.0810646266971124,0.7431623087570873,-1.8506644248163309,0.6448986975069111,-7.068791564164732,-1.976182001096884,0.2843726946286991,1.493747694478236,0.4402297585294912,2.003132108963807,0.8889987038895667,-1.8298608738084576,-0.2658115401759023,-0.0236904873480922,0.8530474767137763,0.4150649746765412,0.1516073075755907,-6.451408908991551,0.15905239058214,-0.1378572158529319,-0.0211951747292112,0.5688915666397395,-8.128145275107771,-3.2053447175256635,-0.6830222349840278,-1.0625820061037456,-2.8154812815519774,-1.3542230624775755,-0.9797907737182958,-0.1782571037739255,0.9962556704531902,0.70208487572355,0.8149436966820927,1.4059744477184024,-7.291442605552281,-2.369254179662769,-0.5169662951409728,-0.1445277899792346,0.6614940851202092,0.1554390209650482,-0.2252669131651266,-1.9758261966434152,0.2072069391441758,-0.2072069391441782,0.636625053613792,0.7013093969343129,1.3929832258589885,1.3288436428322703,-0.0234255776587471,4.936352716364586,1.240512169386666,1.3654150824514708,-0.1767651554888501,0.5593637253629087,3.493824098511554,-3.8635452653079967,0.3697211667964377,3.2888983869664186,5.890653338928742,1.7390406199054025,-0.4654414339382304,4.164657066003932,3.6021975830017587,-3.37939601822693,1.5939244449670678,2.941570577344998,-3.922655651883861,0.9810850745388616,1.717488011322058,2.372013036462942,5.389743581454413,1.1447392901010551,2.387315977049928,-3.1875681646668266,-1.3135925213693116,2.072449783546172,-2.543032264018511,3.8157874172356814
34,-0.5317374426143496,1.591334955979703,-1.059597513365342,0.5327142712470716,-2.7568963281169525,8.058884862214756,8.368619918715453,-1.8424928740119828,-1.8151947778641524,9.667329556155874,10.437050509608325,8.348903102527167,9.13609524819154,8.09120952244288,6.3789870282292815,-1.268689101911037,-1.1951688526265902,-0.3880962075902862,-5.345300578957788,-2.236400673061132,-4.946063931806689,-3.2961282751680328,-2.3196907679928747,-3.6717925117306174,-1.4419792127656763,-2.369501443375514,0.4490286924669044,0.0203140233079679,0.7100593068149286,-1.0890166799187326,-1.2833323422088965,-0.3493032981506501,-1.7692599304987,-0.1151795117017577,2.731296104287066,-0.124335280041218,-1.8216311922532848,3.614224143687281,-2.6753716075143754,-2.033347608127096,-2.976884934448866,-0.4323304139143534,0.4325955021286551,-0.0002650882142964,-7.294721427444792,-7.695463573659296,-6.376992977983768,-7.7781584774517825,-6.899142966534955,-7.185818296005217,-7.740718483395515,-8.257000722563623,-8.199282104712982,-7.136477666401533,-7.395374071819565,-6.997727212692058,-8.833064218168383,-7.607258605130013,-7.753452993513528,-6.555580801465693,-7.282534212346486,-5.7319775484456965,-6.938378988844278,-6.805396054803631,-5.973786302706687,-6.668199178703376,-6.021901696965818,-6.567633935442248,-7.074055186895677,-7.471335599512074,-6.9392302469390925,0.1492867498000893,4.271283735800426,-4.420570485600527,-4.239976068327581,-3.832995300765924,7.06278246330717,-6.973596653321483,-7.075999151038142,-7.409370923617104,-4.939413098756033,-3.5069173247142023,-3.1735611200322307,4.02226479073589,8.143885646305712,-0.5478518704532087,-0.3673148087079556,0.0391160829048616,10.935376183591098,-1.066397316467235,0.3658261696058003,0.7005711468614382,-3.1003161264680594,-3.202938327438265,-3.5355482346754266,0.1917936388805808,-0.191793638880578,-14.594886817512975,-12.55933189118134,-0.118250034599586,-0.7085015469509537,-13.142387838589654,-13.91417795438936,-13.182885954312464,-12.879734205052229,-15.180436719095374,-13.93467345287884,-1.644376020223702,1.0054464518886774,0.6389295683350151,0.0004365033365462,0.0529354720280093,-1.1493142620924357,3.477555598367573,3.130289671816011,0.0267128571360876,4.004847917484329,1.056736980295722,-0.2012801281235552,-0.3644682735569267,0.5657484016804785,8.765165179208019,1.189916904579372,2.4480214768959137,6.176794305319257,2.928030265480769,14.909698751208436,13.90732619743633,1.9683872555801327,0.6166111270790245,2.8518215201525847
35,0.0762196191550961,0.0348521575881402,-0.1110717767432353,0.929739665735027,1.28186600288102,1.7327714338047635,-4.323509124464901,0.9658027881854184,-4.154414220554841,-4.675919812201308,-3.3670575289506504,-4.114295364387368,-2.588651367324871,-3.184441069198935,-0.0765055242384838,-3.9823978381576026,-4.321428348955473,-3.941308261192294,-3.698900253951369,1.831852585591947,-3.5260540492936707,0.5915132614317408,0.3726163934723774,-4.834382540331183,-4.146547356175684,-3.4761914793553226,-4.666379160849152,0.3387642985461622,-4.011347244412184,1.2827135689469986,-2.6566706420443977,-3.526474471113414,-2.2639781746006977,-3.289233593384416,-3.921294802043188,-3.01363719743791,0.3056745750940552,-1.584458371002922,-4.799476562327503,1.216109674909723,-3.338970114694977,-0.224570882531247,0.2327420167870364,-0.0081711342557893,0.5932339941969405,3.9389626259586272,-0.9658281298906318,-1.2798313990317338,6.176382561867734,4.972460603743312,-0.0397157903373341,-0.9463045013561248,6.684243839074269,-0.2482874307427544,-1.1617118405785434,4.902418957855211,0.4298878082057345,-1.3880755193905374,-2.4644686560420874,3.3231607449141087,-2.4551157934084484,1.9980751433865165,3.9730813560889744,4.491181844776637,2.7409862174992754,0.1049449332293604,-1.5027691224112334,-1.6232870283536518,3.453980425815806,2.576162375047008,4.200093752711654,3.048327246657548,-2.3438637407964924,-0.7044635058610558,0.4810896829098716,-3.3179607060393588,1.4049299703317824,1.988360329015739,-3.5674159204780014,-3.702925280229927,2.9507050613694097,-3.939400415523332,2.876606907250184,2.415915061745683,-2.9759992648394817,-1.3362500462509648,-0.1496201494382919,-3.949153433834681,0.7730138390671171,2.3182348639476897,-4.569703391210466,2.251468527262785,1.359357400567197,-4.198412443910992,-4.333450702372582,0.0236089066886763,-0.0236089066886742,0.7418162587208192,-1.0345167564682285,0.8474423120391903,0.3068677713497653,0.1249990263397242,0.0929479336918503,-0.5873435599739605,0.014526931132659,0.7391717225893782,-0.3977464283084019,-1.85176825909473,-2.2336155573133536,4.085383816408086,-0.0237130918560587,5.021154994560443,-0.6130840917905608,8.519572249606389,7.517780583750628,8.185823457609521,-1.8068541986389093,-1.678616854381975,-2.1545797612175663,3.580322697784489,-1.4257429365669223,2.9327632718996424,1.4386060746427811,2.7794275644838207,-1.019985123892475,-0.6934817134769037,4.200057951378625,-0.7338331762726353,3.2003548344071047,3.9226868635480585,-2.1969534702366253
36,1.2731428846173072,-2.0518784342432435,0.7787355496259526,-1.8219943115308443,-1.5575681631864742,3.440430198125174,3.8009319485515713,-2.6151569805993726,-2.540401369982101,-1.0739914641762334,1.5699620235564544,-1.3246759003263764,-1.3764722036613606,-0.812750598736674,2.266036804130879,0.42956040774221,-2.290990584045272,-2.604471887303557,-1.8167929345294336,-1.071823510858641,-1.1541421552055828,-1.6427206259661449,5.208044157538197,5.38856257413753,4.239865457555983,2.0162769759816497,-3.573442169304096,4.144321299953668,3.258226333799496,1.909743690530948,-1.5050552023823889,2.025823110329952,2.540016106611285,-0.9792201357173655,4.306387265117349,2.5610487695047266,3.677790385469992,2.1856951121938946,1.460873321358365,4.268909506594508,2.477615825663667,2.414280524959576,0.9394683275631524,-3.353748852522725,-3.081609371009894,-4.581886454982781,1.7614090436256782,2.689257539592482,4.01743946243086,-1.5612866679983826,-2.2652544599255,3.488298293799801,-3.745989060248518,0.3178955323052524,-0.1103389529511253,3.9979139626223055,3.1861111129418385,0.2246684528982671,0.6752052978329767,-3.779159091476123,1.3650946254445102,-2.334071632683284,2.0753078298465195,2.6659696513030022,-2.910613617629727,0.7321473439120256,-4.104665499877955,-4.127873677619059,2.3988531240481903,1.4141509034552435,1.7957508622866525,0.1716711556677809,-0.2960909504112536,0.1244197947434729,-1.293112765193403,0.0034648291016949,-0.4343521632760911,-6.822549667670232,-3.242341733607875,-7.468261231106881,-1.408839640338763,-2.5999367222263983,-1.5454872853185797,2.0218976401094486,1.5562751183106065,1.9752385616883323,0.5572979853921048,1.8556006722644829,1.4154417010493083,0.4418659640736131,-0.7495049801866157,0.3076390161130052,-4.970364865358006,-1.3907521060480224,-5.6166771061137055,0.0504580535156191,-0.0504580535156188,0.6227529618678143,2.754291289003236,-0.5217350913932646,0.5629240991983343,0.7987694357670386,0.5694660497070293,-0.331448092455347,0.234558529236719,1.7110847877142588,1.0913067009034898,3.1227458020032564,-4.541750647055107,1.419004845051851,4.570424608704008,1.77228351869913,0.7874776780712844,2.1431606218387644,2.361750157135595,2.9614138348694525,-6.121168148955611,2.1500607677338643,-0.2984804228153147,-0.3890012025840073,0.6874816253993186,-7.62058169755175,-0.1324877761251978,0.1109382151977208,-5.690745597059282,-4.207036793880736,-6.302677452703909,-4.647050550587947,-4.8529101149935725,2.7773307838232366,-5.510887016736769
37,-2.2886464201581704,2.0621755735731595,0.2264708465850251,2.54403759140422,1.8508211048254408,4.170592610494805,2.652471109046303,2.3191387488822617,-0.9869636810615408,1.1848016186535202,-0.7399762162518708,2.993746244411332,-1.6249478011009006,-2.633594288697818,1.5244390883948988,-1.488573969308478,-3.0303298146964552,-1.8520411992958563,-0.3097598612233944,2.471723252048548,3.489595828870167,2.061994684664587,-2.2146848408112003,2.735769073261064,2.4386171128048986,2.8903702884941764,2.8866782999230645,1.1322738304589688,2.530001283451238,1.4923903800823357,4.752945084542128,3.0474071675115924,4.876216777859795,2.4197866137677417,1.239680824504733,2.420028500560252,1.808909353127507,3.8054854498419193,3.0926719793402566,2.282906533307699,-0.5958881909177058,2.2666591691439457,-3.105481969662943,0.8388228005189962,-1.3630436468373417,-3.758019965166979,-4.284117182657249,2.7887449852579507,3.3667633052200907,2.9179086642050827,2.0821489502324044,1.7805579995538925,-0.03687780335866,4.295341616448602,-0.8141005803616992,3.797228264027097,-2.458217511816132,3.067647252929843,-1.967744155619688,3.833850743378324,0.9491617189563374,2.9173669755382687,2.973006412205605,-3.0989765589980856,-2.9205523145739813,-4.120047825430587,2.190066335055053,-1.4357309220029044,4.643649508762967,4.488753203067891,-1.1902897938175128,-0.05184430006229,1.4594636910296968,-1.4076193909674064,-3.097045990033779,0.8662694974291559,-2.695932145925448,-2.746459770899224,-0.9670863088489704,-1.3319049923848445,-3.6888147066275456,0.581441570952044,1.3876618267044711,0.5205389355439398,2.0342607176876872,-0.8351542841597367,-2.524140921001644,1.4392122667828406,-2.123587282591793,-3.115666347756862,1.1535391948541216,1.962127152902736,-2.172822708245878,-0.3939447485643816,-0.7575095049289149,0.483490563762005,-0.4834905637620058,0.6248560133439187,0.5936667643720944,0.1805324297735562,0.2047914418457872,0.9109685781376148,-1.1529345968172695,-0.2396135297022218,1.4715373741973927,-0.1256770067282318,0.4571538275994044,1.006102496484617,-2.790555741216875,1.784453244732264,-1.6624989783699755,2.6145577211079507,1.416745991765051,2.1512174898564,2.2592686329946243,2.5996452922372937,-2.063628097304163,-2.1627162802313045,-3.3096889516339507,-0.0608627779148252,3.3705517295487804,-1.4523030635971017,-2.1442709312511448,-7.684518325930167,2.3036489342924646,-3.719320222378756,-4.185690803884544,2.072043027395551,0.2779297976500899,1.6976882679456913,-0.1298388430057101
