regulator,gene_id
ZCP4_0128,ZCP4_1194
ZCP4_0900,ZCP4_1194
ZCP4_1194,ZCP4_1194
ZCP4_1194,ZCP4_1190
ZCP4_0018,ZCP4_1187
ZCP4_0128,ZCP4_1187
ZCP4_0210,ZCP4_1187
ZCP4_0523,ZCP4_1187
ZCP4_1194,ZCP4_1187
ZCP4_1382,ZCP4_1187
ZCP4_1718,ZCP4_1187
ZCP4_0523,ZCP4_1178
ZCP4_1194,ZCP4_1178
ZCP4_1382,ZCP4_1178
ZCP4_1585,ZCP4_1178
ZCP4_1718,ZCP4_1178
ZCP4_0128,ZCP4_1123
ZCP4_0530,ZCP4_1123
ZCP4_1194,ZCP4_1123
ZCP4_1718,ZCP4_1123
ZCP4_0018,ZCP4_1089
ZCP4_1194,ZCP4_1089
ZCP4_1718,ZCP4_1089
ZCP4_0018,ZCP4_0999
ZCP4_0128,ZCP4_0999
ZCP4_0375,ZCP4_0999
ZCP4_0523,ZCP4_0999
ZCP4_0530,ZCP4_0999
ZCP4_0900,ZCP4_0999
ZCP4_1194,ZCP4_0999
ZCP4_1382,ZCP4_0999
ZCP4_1718,ZCP4_0999
ZCP4_0018,ZCP4_0969
ZCP4_0210,ZCP4_0969
ZCP4_1046,ZCP4_0969
ZCP4_1194,ZCP4_0969
ZCP4_1387,ZCP4_0969
ZCP4_1718,ZCP4_0969
ZCP4_0900,ZCP4_0967
ZCP4_1046,ZCP4_0967
ZCP4_1194,ZCP4_0967
ZCP4_1465,ZCP4_0967
ZCP4_0900,ZCP4_0958
ZCP4_1194,ZCP4_0958
ZCP4_1718,ZCP4_0958
ZCP4_0900,ZCP4_0955
ZCP4_1194,ZCP4_0955
ZCP4_0657,ZCP4_0932
ZCP4_1194,ZCP4_0932
ZCP4_1718,ZCP4_0932
ZCP4_0018,ZCP4_0901
ZCP4_0900,ZCP4_0901
ZCP4_1046,ZCP4_0901
ZCP4_1194,ZCP4_0901
ZCP4_1465,ZCP4_0901
ZCP4_1718,ZCP4_0901
ZCP4_0018,ZCP4_0708
ZCP4_0128,ZCP4_0708
ZCP4_0375,ZCP4_0708
ZCP4_0530,ZCP4_0708
ZCP4_1194,ZCP4_0708
ZCP4_1382,ZCP4_0708
ZCP4_1718,ZCP4_0708
ZCP4_0265,ZCP4_0686
ZCP4_0900,ZCP4_0686
ZCP4_1194,ZCP4_0686
ZCP4_0018,ZCP4_0660
ZCP4_0128,ZCP4_0660
ZCP4_0375,ZCP4_0660
ZCP4_0900,ZCP4_0660
ZCP4_1194,ZCP4_0660
ZCP4_1382,ZCP4_0660
ZCP4_1718,ZCP4_0660
ZCP4_1194,ZCP4_0625
ZCP4_1387,ZCP4_0625
ZCP4_1194,ZCP4_0612
ZCP4_0018,ZCP4_0607
ZCP4_0128,ZCP4_0607
ZCP4_0128,ZCP4_0607
ZCP4_0210,ZCP4_0607
ZCP4_0523,ZCP4_0607
ZCP4_1194,ZCP4_0607
ZCP4_1382,ZCP4_0607
ZCP4_1585,ZCP4_0607
ZCP4_1718,ZCP4_0607
ZCP4_1718,ZCP4_0607
ZCP4_0018,ZCP4_0552
ZCP4_0375,ZCP4_0552
ZCP4_1046,ZCP4_0552
ZCP4_1194,ZCP4_0552
ZCP4_1387,ZCP4_0552
ZCP4_1718,ZCP4_0552
ZCP4_0265,ZCP4_0544
ZCP4_1194,ZCP4_0544
ZCP4_1387,ZCP4_0544
ZCP4_0375,ZCP4_0527
ZCP4_0900,ZCP4_0527
ZCP4_1194,ZCP4_0527
ZCP4_0128,ZCP4_0406
ZCP4_0900,ZCP4_0406
ZCP4_1194,ZCP4_0406
ZCP4_0530,ZCP4_0399
ZCP4_0900,ZCP4_0399
ZCP4_1194,ZCP4_0399
ZCP4_1387,ZCP4_0399
ZCP4_0210,ZCP4_0359
ZCP4_0900,ZCP4_0359
ZCP4_1194,ZCP4_0359
ZCP4_0018,ZCP4_0320
ZCP4_0900,ZCP4_0320
ZCP4_1194,ZCP4_0320
ZCP4_0128,ZCP4_0283
ZCP4_0210,ZCP4_0283
ZCP4_0375,ZCP4_0283
ZCP4_0523,ZCP4_0283
ZCP4_0530,ZCP4_0283
ZCP4_1194,ZCP4_0283
ZCP4_1382,ZCP4_0283
ZCP4_1718,ZCP4_0283
ZCP4_1194,ZCP4_0258
ZCP4_1194,ZCP4_0117
ZCP4_1194,ZCP4_0095
ZCP4_1387,ZCP4_0095
ZCP4_1465,ZCP4_0095
ZCP4_0375,ZCP4_0070
ZCP4_0900,ZCP4_0070
ZCP4_1194,ZCP4_0070
ZCP4_0018,ZCP4_1715
ZCP4_0375,ZCP4_1715
ZCP4_1194,ZCP4_1715
ZCP4_1382,ZCP4_1715
ZCP4_1718,ZCP4_1715
ZCP4_1194,ZCP4_1693
ZCP4_1465,ZCP4_1693
ZCP4_0210,ZCP4_1692
ZCP4_0375,ZCP4_1692
ZCP4_0523,ZCP4_1692
ZCP4_1194,ZCP4_1692
ZCP4_1382,ZCP4_1692
ZCP4_1718,ZCP4_1692
ZCP4_0018,ZCP4_1681
ZCP4_0375,ZCP4_1681
ZCP4_1194,ZCP4_1681
ZCP4_1465,ZCP4_1681
ZCP4_1465,ZCP4_1681
ZCP4_1718,ZCP4_1681
ZCP4_0018,ZCP4_1675
ZCP4_0128,ZCP4_1675
ZCP4_0375,ZCP4_1675
ZCP4_0523,ZCP4_1675
ZCP4_0530,ZCP4_1675
ZCP4_0900,ZCP4_1675
ZCP4_0900,ZCP4_1675
ZCP4_1194,ZCP4_1675
ZCP4_1382,ZCP4_1675
ZCP4_1387,ZCP4_1675
ZCP4_1465,ZCP4_1675
ZCP4_1718,ZCP4_1675
ZCP4_1194,ZCP4_1655
ZCP4_1465,ZCP4_1655
ZCP4_1465,ZCP4_1655
ZCP4_1718,ZCP4_1655
ZCP4_0375,ZCP4_1629
ZCP4_0900,ZCP4_1629
ZCP4_1194,ZCP4_1629
ZCP4_0900,ZCP4_1622
ZCP4_1194,ZCP4_1622
ZCP4_0018,ZCP4_1621
ZCP4_0523,ZCP4_1621
ZCP4_0530,ZCP4_1621
ZCP4_0900,ZCP4_1621
ZCP4_1194,ZCP4_1621
ZCP4_1382,ZCP4_1621
ZCP4_1718,ZCP4_1621
ZCP4_0375,ZCP4_1523
ZCP4_0900,ZCP4_1523
ZCP4_1194,ZCP4_1523
ZCP4_1387,ZCP4_1523
ZCP4_1465,ZCP4_1523
ZCP4_1194,ZCP4_1461
ZCP4_1387,ZCP4_1461
ZCP4_0128,ZCP4_1390
ZCP4_1194,ZCP4_1390
ZCP4_1387,ZCP4_1390
ZCP4_0128,ZCP4_1371
ZCP4_0210,ZCP4_1371
ZCP4_0375,ZCP4_1371
ZCP4_0530,ZCP4_1371
ZCP4_1042,ZCP4_1371
ZCP4_1046,ZCP4_1371
ZCP4_1194,ZCP4_1371
ZCP4_1194,ZCP4_1371
ZCP4_1382,ZCP4_1371
ZCP4_1718,ZCP4_1371
ZCP4_0018,ZCP4_1356
ZCP4_0128,ZCP4_1356
ZCP4_0210,ZCP4_1356
ZCP4_0375,ZCP4_1356
ZCP4_0523,ZCP4_1356
ZCP4_0900,ZCP4_1356
ZCP4_0900,ZCP4_1356
ZCP4_1046,ZCP4_1356
ZCP4_1194,ZCP4_1356
ZCP4_1382,ZCP4_1356
ZCP4_1718,ZCP4_1356
ZCP4_0375,ZCP4_1309
ZCP4_1194,ZCP4_1309
ZCP4_0018,ZCP4_1306
ZCP4_0375,ZCP4_1306
ZCP4_1194,ZCP4_1306
ZCP4_0900,ZCP4_1235
ZCP4_1194,ZCP4_1235
ZCP4_0128,ZCP4_1234
ZCP4_1194,ZCP4_1234
ZCP4_0018,ZCP4_0049
ZCP4_0128,ZCP4_0049
ZCP4_0375,ZCP4_0049
ZCP4_0523,ZCP4_0049
ZCP4_0530,ZCP4_0049
ZCP4_1194,ZCP4_0049
ZCP4_1382,ZCP4_0049
ZCP4_1718,ZCP4_0049
ZCP4_0128,ZCP4_1174
ZCP4_1174,ZCP4_1174
ZCP4_1387,ZCP4_1174
ZCP4_0018,ZCP4_0683
ZCP4_0168,ZCP4_0683
ZCP4_0375,ZCP4_0683
ZCP4_0812,ZCP4_0683
ZCP4_1174,ZCP4_0683
ZCP4_1315,ZCP4_0683
ZCP4_1718,ZCP4_0683
ZCP4_1718,ZCP4_0683
ZCP4_0210,ZCP4_1026
ZCP4_0375,ZCP4_1026
ZCP4_0523,ZCP4_1026
ZCP4_1171,ZCP4_1026
ZCP4_1718,ZCP4_1026
ZCP4_0018,ZCP4_1481
ZCP4_0128,ZCP4_1481
ZCP4_0210,ZCP4_1481
ZCP4_0375,ZCP4_1481
ZCP4_0523,ZCP4_1481
ZCP4_0530,ZCP4_1481
ZCP4_1171,ZCP4_1481
ZCP4_1382,ZCP4_1481
ZCP4_1387,ZCP4_1481
ZCP4_1718,ZCP4_1481
ZCP4_1046,ZCP4_1137
ZCP4_1137,ZCP4_1137
ZCP4_1137,ZCP4_1109
ZCP4_1465,ZCP4_1109
ZCP4_0530,ZCP4_1013
ZCP4_1046,ZCP4_1013
ZCP4_1137,ZCP4_1013
ZCP4_0128,ZCP4_0963
ZCP4_1137,ZCP4_0963
ZCP4_1387,ZCP4_0963
ZCP4_1137,ZCP4_0890
ZCP4_1387,ZCP4_0890
ZCP4_0018,ZCP4_0804
ZCP4_1046,ZCP4_0804
ZCP4_1137,ZCP4_0804
ZCP4_1137,ZCP4_0719
ZCP4_1137,ZCP4_0580
ZCP4_1387,ZCP4_0580
ZCP4_1137,ZCP4_0303
ZCP4_1137,ZCP4_0303
ZCP4_1465,ZCP4_0303
ZCP4_1465,ZCP4_0303
ZCP4_1137,ZCP4_0297
ZCP4_0375,ZCP4_0210
ZCP4_1137,ZCP4_0210
ZCP4_1137,ZCP4_0015
ZCP4_1137,ZCP4_1559
ZCP4_1137,ZCP4_1427
ZCP4_1137,ZCP4_1878
ZCP4_0168,ZCP4_0947
ZCP4_0207,ZCP4_0947
ZCP4_0210,ZCP4_0947
ZCP4_0389,ZCP4_0947
ZCP4_0661,ZCP4_0947
ZCP4_0921,ZCP4_0947
ZCP4_1005,ZCP4_0947
ZCP4_1315,ZCP4_0947
ZCP4_1609,ZCP4_0947
ZCP4_1637,ZCP4_0947
ZCP4_1718,ZCP4_0947
ZCP4_0168,ZCP4_0277
ZCP4_0900,ZCP4_0277
ZCP4_1465,ZCP4_0277
ZCP4_0128,ZCP4_1363
ZCP4_0168,ZCP4_1363
ZCP4_0210,ZCP4_1363
ZCP4_0530,ZCP4_1363
ZCP4_0812,ZCP4_1363
ZCP4_0900,ZCP4_1363
ZCP4_1382,ZCP4_1363
ZCP4_1637,ZCP4_1363
ZCP4_1718,ZCP4_1363
ZCP4_1056,ZCP4_0873
ZCP4_1382,ZCP4_0873
ZCP4_1718,ZCP4_0873
ZCP4_0018,ZCP4_1195
ZCP4_0128,ZCP4_1195
ZCP4_0375,ZCP4_1195
ZCP4_0523,ZCP4_1195
ZCP4_1046,ZCP4_1195
ZCP4_1382,ZCP4_1195
ZCP4_1718,ZCP4_1195
ZCP4_0375,ZCP4_1170
ZCP4_1046,ZCP4_1170
ZCP4_1718,ZCP4_1170
ZCP4_0018,ZCP4_1161
ZCP4_0375,ZCP4_1161
ZCP4_1042,ZCP4_1161
ZCP4_1046,ZCP4_1161
ZCP4_1718,ZCP4_1161
ZCP4_1046,ZCP4_1159
ZCP4_1046,ZCP4_1159
ZCP4_1046,ZCP4_1128
ZCP4_1718,ZCP4_1128
ZCP4_0375,ZCP4_1116
ZCP4_1046,ZCP4_1116
ZCP4_1465,ZCP4_1116
ZCP4_1046,ZCP4_1114
ZCP4_1046,ZCP4_1112
ZCP4_1387,ZCP4_1112
ZCP4_1046,ZCP4_1102
ZCP4_0265,ZCP4_1097
ZCP4_0530,ZCP4_1097
ZCP4_1042,ZCP4_1097
ZCP4_1046,ZCP4_1097
ZCP4_1387,ZCP4_1097
ZCP4_1387,ZCP4_1097
ZCP4_0018,ZCP4_1062
ZCP4_0530,ZCP4_1062
ZCP4_1046,ZCP4_1062
ZCP4_0375,ZCP4_1055
ZCP4_1046,ZCP4_1055
ZCP4_0530,ZCP4_1028
ZCP4_1046,ZCP4_1028
ZCP4_1465,ZCP4_1028
ZCP4_0530,ZCP4_1016
ZCP4_1046,ZCP4_1016
ZCP4_0128,ZCP4_1012
ZCP4_1046,ZCP4_1012
ZCP4_1382,ZCP4_1012
ZCP4_0900,ZCP4_0973
ZCP4_1046,ZCP4_0973
ZCP4_0900,ZCP4_0954
ZCP4_1046,ZCP4_0954
ZCP4_0018,ZCP4_0946
ZCP4_0128,ZCP4_0946
ZCP4_0523,ZCP4_0946
ZCP4_1046,ZCP4_0946
ZCP4_0900,ZCP4_0885
ZCP4_1042,ZCP4_0885
ZCP4_1046,ZCP4_0885
ZCP4_1387,ZCP4_0885
ZCP4_0018,ZCP4_0862
ZCP4_0128,ZCP4_0862
ZCP4_0530,ZCP4_0862
ZCP4_1046,ZCP4_0862
ZCP4_1046,ZCP4_0860
ZCP4_1046,ZCP4_0826
ZCP4_1046,ZCP4_0826
ZCP4_0018,ZCP4_0806
ZCP4_0375,ZCP4_0806
ZCP4_0900,ZCP4_0806
ZCP4_1046,ZCP4_0806
ZCP4_1718,ZCP4_0806
ZCP4_0900,ZCP4_0795
ZCP4_1046,ZCP4_0795
ZCP4_0900,ZCP4_0793
ZCP4_1046,ZCP4_0793
ZCP4_0375,ZCP4_0788
ZCP4_1046,ZCP4_0788
ZCP4_1387,ZCP4_0788
ZCP4_1718,ZCP4_0788
ZCP4_0900,ZCP4_0785
ZCP4_1046,ZCP4_0785
ZCP4_0375,ZCP4_0760
ZCP4_1046,ZCP4_0760
ZCP4_1387,ZCP4_0760
ZCP4_1046,ZCP4_0730
ZCP4_1387,ZCP4_0730
ZCP4_0375,ZCP4_0694
ZCP4_1046,ZCP4_0694
ZCP4_0900,ZCP4_0677
ZCP4_1046,ZCP4_0677
ZCP4_0018,ZCP4_0609
ZCP4_1046,ZCP4_0609
ZCP4_1387,ZCP4_0609
ZCP4_1718,ZCP4_0609
ZCP4_0018,ZCP4_0600
ZCP4_0265,ZCP4_0600
ZCP4_0530,ZCP4_0600
ZCP4_0900,ZCP4_0600
ZCP4_1046,ZCP4_0600
ZCP4_1382,ZCP4_0600
ZCP4_1387,ZCP4_0600
ZCP4_1387,ZCP4_0600
ZCP4_1718,ZCP4_0600
ZCP4_0018,ZCP4_0586
ZCP4_0375,ZCP4_0586
ZCP4_1046,ZCP4_0586
ZCP4_1387,ZCP4_0586
ZCP4_1387,ZCP4_0586
ZCP4_0128,ZCP4_0548
ZCP4_1046,ZCP4_0548
ZCP4_0900,ZCP4_0535
ZCP4_1046,ZCP4_0535
ZCP4_0018,ZCP4_0515
ZCP4_0128,ZCP4_0515
ZCP4_0523,ZCP4_0515
ZCP4_0523,ZCP4_0515
ZCP4_0530,ZCP4_0515
ZCP4_0900,ZCP4_0515
ZCP4_1046,ZCP4_0515
ZCP4_1382,ZCP4_0515
ZCP4_1585,ZCP4_0515
ZCP4_1718,ZCP4_0515
ZCP4_1718,ZCP4_0515
ZCP4_0018,ZCP4_0470
ZCP4_0095,ZCP4_0470
ZCP4_0375,ZCP4_0470
ZCP4_1046,ZCP4_0470
ZCP4_1046,ZCP4_0466
ZCP4_1387,ZCP4_0466
ZCP4_0018,ZCP4_0426
ZCP4_0375,ZCP4_0426
ZCP4_1046,ZCP4_0426
ZCP4_1387,ZCP4_0426
ZCP4_1387,ZCP4_0426
ZCP4_1046,ZCP4_0416
ZCP4_0095,ZCP4_0413
ZCP4_0900,ZCP4_0413
ZCP4_1046,ZCP4_0413
ZCP4_1718,ZCP4_0413
ZCP4_0265,ZCP4_0383
ZCP4_0389,ZCP4_0383
ZCP4_1046,ZCP4_0383
ZCP4_0018,ZCP4_0362
ZCP4_0375,ZCP4_0362
ZCP4_1046,ZCP4_0362
ZCP4_1387,ZCP4_0362
ZCP4_1387,ZCP4_0362
ZCP4_1046,ZCP4_0346
ZCP4_0018,ZCP4_0344
ZCP4_0900,ZCP4_0344
ZCP4_1046,ZCP4_0344
ZCP4_1465,ZCP4_0344
ZCP4_0071,ZCP4_0337
ZCP4_0207,ZCP4_0337
ZCP4_0389,ZCP4_0337
ZCP4_1046,ZCP4_0337
ZCP4_1431,ZCP4_0337
ZCP4_0128,ZCP4_0324
ZCP4_1046,ZCP4_0324
ZCP4_1465,ZCP4_0324
ZCP4_1046,ZCP4_0305
ZCP4_1046,ZCP4_0305
ZCP4_1046,ZCP4_0302
ZCP4_1387,ZCP4_0302
ZCP4_0375,ZCP4_0232
ZCP4_1046,ZCP4_0232
ZCP4_1046,ZCP4_0207
ZCP4_1046,ZCP4_0197
ZCP4_1046,ZCP4_0196
ZCP4_1046,ZCP4_0196
ZCP4_1387,ZCP4_0196
ZCP4_0900,ZCP4_0184
ZCP4_1046,ZCP4_0184
ZCP4_0128,ZCP4_0183
ZCP4_1046,ZCP4_0183
ZCP4_0018,ZCP4_0154
ZCP4_1046,ZCP4_0154
ZCP4_1465,ZCP4_0154
ZCP4_0375,ZCP4_0130
ZCP4_0900,ZCP4_0130
ZCP4_1046,ZCP4_0130
ZCP4_0128,ZCP4_0098
ZCP4_1046,ZCP4_0098
ZCP4_1046,ZCP4_0032
ZCP4_0375,ZCP4_1764
ZCP4_1046,ZCP4_1764
ZCP4_1382,ZCP4_1764
ZCP4_1387,ZCP4_1764
ZCP4_1046,ZCP4_1757
ZCP4_1387,ZCP4_1757
ZCP4_1046,ZCP4_1755
ZCP4_1387,ZCP4_1755
ZCP4_1387,ZCP4_1755
ZCP4_1046,ZCP4_1747
ZCP4_1046,ZCP4_1739
ZCP4_1387,ZCP4_1739
ZCP4_1046,ZCP4_1734
ZCP4_1046,ZCP4_1734
ZCP4_1465,ZCP4_1734
ZCP4_1046,ZCP4_1702
ZCP4_1465,ZCP4_1702
ZCP4_1046,ZCP4_1695
ZCP4_1387,ZCP4_1695
ZCP4_0018,ZCP4_1686
ZCP4_0128,ZCP4_1686
ZCP4_0375,ZCP4_1686
ZCP4_1046,ZCP4_1686
ZCP4_1465,ZCP4_1686
ZCP4_0128,ZCP4_1679
ZCP4_1046,ZCP4_1679
ZCP4_0128,ZCP4_1678
ZCP4_0375,ZCP4_1678
ZCP4_1046,ZCP4_1678
ZCP4_1046,ZCP4_1650
ZCP4_1046,ZCP4_1642
ZCP4_1046,ZCP4_1637
ZCP4_0128,ZCP4_1628
ZCP4_0210,ZCP4_1628
ZCP4_0375,ZCP4_1628
ZCP4_0523,ZCP4_1628
ZCP4_0900,ZCP4_1628
ZCP4_1046,ZCP4_1628
ZCP4_1382,ZCP4_1628
ZCP4_1637,ZCP4_1628
ZCP4_1718,ZCP4_1628
ZCP4_1046,ZCP4_1618
ZCP4_1387,ZCP4_1618
ZCP4_1465,ZCP4_1618
ZCP4_1718,ZCP4_1618
ZCP4_0375,ZCP4_1554
ZCP4_1046,ZCP4_1554
ZCP4_1465,ZCP4_1554
ZCP4_1718,ZCP4_1554
ZCP4_1046,ZCP4_1551
ZCP4_0530,ZCP4_1529
ZCP4_1046,ZCP4_1529
ZCP4_0128,ZCP4_1510
ZCP4_1046,ZCP4_1510
ZCP4_1387,ZCP4_1510
ZCP4_1718,ZCP4_1510
ZCP4_0375,ZCP4_1487
ZCP4_1046,ZCP4_1487
ZCP4_1387,ZCP4_1487
ZCP4_0900,ZCP4_1468
ZCP4_1046,ZCP4_1468
ZCP4_1465,ZCP4_1468
ZCP4_1046,ZCP4_1465
ZCP4_1387,ZCP4_1465
ZCP4_1465,ZCP4_1465
ZCP4_1718,ZCP4_1465
ZCP4_1046,ZCP4_1452
ZCP4_1387,ZCP4_1452
ZCP4_0018,ZCP4_1420
ZCP4_0265,ZCP4_1420
ZCP4_0375,ZCP4_1420
ZCP4_0530,ZCP4_1420
ZCP4_1046,ZCP4_1420
ZCP4_1387,ZCP4_1420
ZCP4_1718,ZCP4_1420
ZCP4_0210,ZCP4_1418
ZCP4_0375,ZCP4_1418
ZCP4_0523,ZCP4_1418
ZCP4_0900,ZCP4_1418
ZCP4_0900,ZCP4_1418
ZCP4_1046,ZCP4_1418
ZCP4_1387,ZCP4_1418
ZCP4_1387,ZCP4_1418
ZCP4_1465,ZCP4_1418
ZCP4_0530,ZCP4_1417
ZCP4_0900,ZCP4_1417
ZCP4_1046,ZCP4_1417
ZCP4_1465,ZCP4_1417
ZCP4_0128,ZCP4_1416
ZCP4_1046,ZCP4_1416
ZCP4_1387,ZCP4_1416
ZCP4_0375,ZCP4_1392
ZCP4_0900,ZCP4_1392
ZCP4_1046,ZCP4_1392
ZCP4_0018,ZCP4_1387
ZCP4_0523,ZCP4_1387
ZCP4_1046,ZCP4_1387
ZCP4_1387,ZCP4_1387
ZCP4_1718,ZCP4_1387
ZCP4_0265,ZCP4_1340
ZCP4_0523,ZCP4_1340
ZCP4_1046,ZCP4_1340
ZCP4_1382,ZCP4_1340
ZCP4_1585,ZCP4_1340
ZCP4_1718,ZCP4_1340
ZCP4_0018,ZCP4_1315
ZCP4_0210,ZCP4_1315
ZCP4_1046,ZCP4_1315
ZCP4_1465,ZCP4_1315
ZCP4_0530,ZCP4_1296
ZCP4_1046,ZCP4_1296
ZCP4_1046,ZCP4_1290
ZCP4_0900,ZCP4_1281
ZCP4_1046,ZCP4_1281
ZCP4_1718,ZCP4_1281
ZCP4_0375,ZCP4_1261
ZCP4_1042,ZCP4_1261
ZCP4_1046,ZCP4_1261
ZCP4_1718,ZCP4_1261
ZCP4_0900,ZCP4_1258
ZCP4_0900,ZCP4_1258
ZCP4_1046,ZCP4_1258
ZCP4_1387,ZCP4_1258
ZCP4_1465,ZCP4_1258
ZCP4_1718,ZCP4_1258
ZCP4_0900,ZCP4_1257
ZCP4_1046,ZCP4_1257
ZCP4_1387,ZCP4_1257
ZCP4_1465,ZCP4_1257
ZCP4_1042,ZCP4_1241
ZCP4_1046,ZCP4_1241
ZCP4_1718,ZCP4_1241
ZCP4_0900,ZCP4_1239
ZCP4_1046,ZCP4_1239
ZCP4_1387,ZCP4_1239
ZCP4_1718,ZCP4_1239
ZCP4_0375,ZCP4_1236
ZCP4_1046,ZCP4_1236
ZCP4_0128,ZCP4_1227
ZCP4_0523,ZCP4_1227
ZCP4_1046,ZCP4_1227
ZCP4_1382,ZCP4_1227
ZCP4_1585,ZCP4_1227
ZCP4_1718,ZCP4_1227
ZCP4_1046,ZCP4_1902
ZCP4_1387,ZCP4_1902
ZCP4_0128,ZCP4_1805
ZCP4_1046,ZCP4_1805
ZCP4_1382,ZCP4_1805
ZCP4_1046,ZCP4_1798
ZCP4_0530,ZCP4_1791
ZCP4_0900,ZCP4_1791
ZCP4_1046,ZCP4_1791
ZCP4_0128,ZCP4_1772
ZCP4_0530,ZCP4_1772
ZCP4_0900,ZCP4_1772
ZCP4_1046,ZCP4_1772
ZCP4_1387,ZCP4_1772
ZCP4_1718,ZCP4_1772
ZCP4_0900,ZCP4_1770
ZCP4_1046,ZCP4_1770
ZCP4_1046,ZCP4_1819
ZCP4_0018,ZCP4_1858
ZCP4_0018,ZCP4_1858
ZCP4_0210,ZCP4_1858
ZCP4_1046,ZCP4_1858
ZCP4_1046,ZCP4_1915
ZCP4_0375,ZCP4_1146
ZCP4_1042,ZCP4_1146
ZCP4_1042,ZCP4_1094
ZCP4_1387,ZCP4_1094
ZCP4_0375,ZCP4_0977
ZCP4_0900,ZCP4_0977
ZCP4_1042,ZCP4_0977
ZCP4_1042,ZCP4_0974
ZCP4_1042,ZCP4_0974
ZCP4_1387,ZCP4_0974
ZCP4_1465,ZCP4_0974
ZCP4_0018,ZCP4_0965
ZCP4_0128,ZCP4_0965
ZCP4_0210,ZCP4_0965
ZCP4_0375,ZCP4_0965
ZCP4_0375,ZCP4_0965
ZCP4_0523,ZCP4_0965
ZCP4_0530,ZCP4_0965
ZCP4_1042,ZCP4_0965
ZCP4_1382,ZCP4_0965
ZCP4_1718,ZCP4_0965
ZCP4_1718,ZCP4_0965
ZCP4_1042,ZCP4_0884
ZCP4_1387,ZCP4_0884
ZCP4_0018,ZCP4_0837
ZCP4_0812,ZCP4_0837
ZCP4_0900,ZCP4_0837
ZCP4_1042,ZCP4_0837
ZCP4_1387,ZCP4_0837
ZCP4_1042,ZCP4_0510
ZCP4_1465,ZCP4_0510
ZCP4_0095,ZCP4_0508
ZCP4_0128,ZCP4_0508
ZCP4_1042,ZCP4_0508
ZCP4_1382,ZCP4_0508
ZCP4_1718,ZCP4_0508
ZCP4_1042,ZCP4_0417
ZCP4_1042,ZCP4_1718
ZCP4_1382,ZCP4_1718
ZCP4_1718,ZCP4_1718
ZCP4_0210,ZCP4_1704
ZCP4_0900,ZCP4_1704
ZCP4_1042,ZCP4_1704
ZCP4_1387,ZCP4_1704
ZCP4_1042,ZCP4_1519
ZCP4_1465,ZCP4_1519
ZCP4_0128,ZCP4_1877
ZCP4_0265,ZCP4_1877
ZCP4_0375,ZCP4_1877
ZCP4_1042,ZCP4_1877
ZCP4_1382,ZCP4_1877
ZCP4_1387,ZCP4_1877
ZCP4_1718,ZCP4_1877
ZCP4_0018,ZCP4_0972
ZCP4_0973,ZCP4_0972
ZCP4_0900,ZCP4_1207
ZCP4_0375,ZCP4_1193
ZCP4_0900,ZCP4_1193
ZCP4_0018,ZCP4_1192
ZCP4_0523,ZCP4_1192
ZCP4_0900,ZCP4_1192
ZCP4_1718,ZCP4_1192
ZCP4_0018,ZCP4_1189
ZCP4_0128,ZCP4_1189
ZCP4_0523,ZCP4_1189
ZCP4_0900,ZCP4_1189
ZCP4_1382,ZCP4_1189
ZCP4_1718,ZCP4_1189
ZCP4_0900,ZCP4_1186
ZCP4_1387,ZCP4_1186
ZCP4_0900,ZCP4_1184
ZCP4_1387,ZCP4_1184
ZCP4_0018,ZCP4_1176
ZCP4_0128,ZCP4_1176
ZCP4_0210,ZCP4_1176
ZCP4_0523,ZCP4_1176
ZCP4_0900,ZCP4_1176
ZCP4_1382,ZCP4_1176
ZCP4_1585,ZCP4_1176
ZCP4_1718,ZCP4_1176
ZCP4_0900,ZCP4_1175
ZCP4_0128,ZCP4_1145
ZCP4_0210,ZCP4_1145
ZCP4_0375,ZCP4_1145
ZCP4_0900,ZCP4_1145
ZCP4_1387,ZCP4_1145
ZCP4_1718,ZCP4_1145
ZCP4_0375,ZCP4_1136
ZCP4_0900,ZCP4_1136
ZCP4_0900,ZCP4_1132
ZCP4_0210,ZCP4_1127
ZCP4_0523,ZCP4_1127
ZCP4_0900,ZCP4_1127
ZCP4_0018,ZCP4_1104
ZCP4_0128,ZCP4_1104
ZCP4_0523,ZCP4_1104
ZCP4_0900,ZCP4_1104
ZCP4_1387,ZCP4_1104
ZCP4_1718,ZCP4_1104
ZCP4_0900,ZCP4_1099
ZCP4_0530,ZCP4_1071
ZCP4_0900,ZCP4_1071
ZCP4_1387,ZCP4_1071
ZCP4_0900,ZCP4_1037
ZCP4_1465,ZCP4_1037
ZCP4_0018,ZCP4_0995
ZCP4_0128,ZCP4_0995
ZCP4_0900,ZCP4_0995
ZCP4_1718,ZCP4_0995
ZCP4_0530,ZCP4_0994
ZCP4_0900,ZCP4_0994
ZCP4_0375,ZCP4_0983
ZCP4_0900,ZCP4_0983
ZCP4_1718,ZCP4_0983
ZCP4_0375,ZCP4_0964
ZCP4_0900,ZCP4_0964
ZCP4_1465,ZCP4_0964
ZCP4_0128,ZCP4_0949
ZCP4_0900,ZCP4_0949
ZCP4_0900,ZCP4_0931
ZCP4_0900,ZCP4_0929
ZCP4_0900,ZCP4_0889
ZCP4_0018,ZCP4_0888
ZCP4_0375,ZCP4_0888
ZCP4_0900,ZCP4_0888
ZCP4_0900,ZCP4_0887
ZCP4_0375,ZCP4_0846
ZCP4_0900,ZCP4_0846
ZCP4_1718,ZCP4_0846
ZCP4_0900,ZCP4_0842
ZCP4_0900,ZCP4_0842
ZCP4_0900,ZCP4_0829
ZCP4_0018,ZCP4_0815
ZCP4_0900,ZCP4_0815
ZCP4_0900,ZCP4_0805
ZCP4_1382,ZCP4_0805
ZCP4_1387,ZCP4_0805
ZCP4_0128,ZCP4_0802
ZCP4_0900,ZCP4_0802
ZCP4_1382,ZCP4_0802
ZCP4_0900,ZCP4_0775
ZCP4_0900,ZCP4_0770
ZCP4_1465,ZCP4_0770
ZCP4_0900,ZCP4_0769
ZCP4_0128,ZCP4_0767
ZCP4_0375,ZCP4_0767
ZCP4_0900,ZCP4_0767
ZCP4_1387,ZCP4_0767
ZCP4_1465,ZCP4_0767
ZCP4_0900,ZCP4_0720
ZCP4_0530,ZCP4_0701
ZCP4_0900,ZCP4_0701
ZCP4_1465,ZCP4_0701
ZCP4_1718,ZCP4_0701
ZCP4_0900,ZCP4_0664
ZCP4_0900,ZCP4_0659
ZCP4_1387,ZCP4_0659
ZCP4_0900,ZCP4_0616
ZCP4_1387,ZCP4_0616
ZCP4_0018,ZCP4_0611
ZCP4_0128,ZCP4_0611
ZCP4_0530,ZCP4_0611
ZCP4_0900,ZCP4_0611
ZCP4_1382,ZCP4_0611
ZCP4_1718,ZCP4_0611
ZCP4_0900,ZCP4_0610
ZCP4_0900,ZCP4_0610
ZCP4_0900,ZCP4_0608
ZCP4_0265,ZCP4_0595
ZCP4_0530,ZCP4_0595
ZCP4_0900,ZCP4_0595
ZCP4_0900,ZCP4_0555
ZCP4_1387,ZCP4_0555
ZCP4_0900,ZCP4_0545
ZCP4_1387,ZCP4_0545
ZCP4_0018,ZCP4_0530
ZCP4_0375,ZCP4_0530
ZCP4_0530,ZCP4_0530
ZCP4_0900,ZCP4_0530
ZCP4_0375,ZCP4_0524
ZCP4_0900,ZCP4_0524
ZCP4_0900,ZCP4_0524
ZCP4_0095,ZCP4_0509
ZCP4_0900,ZCP4_0509
ZCP4_0375,ZCP4_0507
ZCP4_0900,ZCP4_0507
ZCP4_1387,ZCP4_0507
ZCP4_1465,ZCP4_0507
ZCP4_0900,ZCP4_0505
ZCP4_1387,ZCP4_0505
ZCP4_1465,ZCP4_0505
ZCP4_0900,ZCP4_0497
ZCP4_1465,ZCP4_0497
ZCP4_0900,ZCP4_0486
ZCP4_1465,ZCP4_0486
ZCP4_0900,ZCP4_0484
ZCP4_0018,ZCP4_0453
ZCP4_0523,ZCP4_0453
ZCP4_0900,ZCP4_0453
ZCP4_1382,ZCP4_0453
ZCP4_1718,ZCP4_0453
ZCP4_0900,ZCP4_0452
ZCP4_1465,ZCP4_0452
ZCP4_0018,ZCP4_0425
ZCP4_0128,ZCP4_0425
ZCP4_0210,ZCP4_0425
ZCP4_0375,ZCP4_0425
ZCP4_0523,ZCP4_0425
ZCP4_0900,ZCP4_0425
ZCP4_1382,ZCP4_0425
ZCP4_1465,ZCP4_0425
ZCP4_1718,ZCP4_0425
ZCP4_0128,ZCP4_0420
ZCP4_0900,ZCP4_0420
ZCP4_1718,ZCP4_0420
ZCP4_0018,ZCP4_0407
ZCP4_0128,ZCP4_0407
ZCP4_0900,ZCP4_0407
ZCP4_1382,ZCP4_0407
ZCP4_1718,ZCP4_0407
ZCP4_0018,ZCP4_0395
ZCP4_0375,ZCP4_0395
ZCP4_0530,ZCP4_0395
ZCP4_0900,ZCP4_0395
ZCP4_0900,ZCP4_0395
ZCP4_1382,ZCP4_0395
ZCP4_1387,ZCP4_0395
ZCP4_1718,ZCP4_0395
ZCP4_0018,ZCP4_0389
ZCP4_0018,ZCP4_0389
ZCP4_0900,ZCP4_0389
ZCP4_1718,ZCP4_0389
ZCP4_0018,ZCP4_0379
ZCP4_0128,ZCP4_0379
ZCP4_0523,ZCP4_0379
ZCP4_0530,ZCP4_0379
ZCP4_0900,ZCP4_0379
ZCP4_1382,ZCP4_0379
ZCP4_1465,ZCP4_0379
ZCP4_1718,ZCP4_0379
ZCP4_0900,ZCP4_0374
ZCP4_0900,ZCP4_0367
ZCP4_0900,ZCP4_0367
ZCP4_0900,ZCP4_0341
ZCP4_0900,ZCP4_0329
ZCP4_0900,ZCP4_0327
ZCP4_0900,ZCP4_0290
ZCP4_1387,ZCP4_0290
ZCP4_0657,ZCP4_0268
ZCP4_0900,ZCP4_0268
ZCP4_0018,ZCP4_0221
ZCP4_0900,ZCP4_0221
ZCP4_1718,ZCP4_0221
ZCP4_0128,ZCP4_0220
ZCP4_0375,ZCP4_0220
ZCP4_0900,ZCP4_0220
ZCP4_1382,ZCP4_0220
ZCP4_1465,ZCP4_0220
ZCP4_1718,ZCP4_0220
ZCP4_0375,ZCP4_0188
ZCP4_0900,ZCP4_0188
ZCP4_0265,ZCP4_0187
ZCP4_0375,ZCP4_0187
ZCP4_0900,ZCP4_0187
ZCP4_1382,ZCP4_0187
ZCP4_1387,ZCP4_0187
ZCP4_1465,ZCP4_0187
ZCP4_0018,ZCP4_0160
ZCP4_0375,ZCP4_0160
ZCP4_0530,ZCP4_0160
ZCP4_0900,ZCP4_0160
ZCP4_0375,ZCP4_0159
ZCP4_0900,ZCP4_0159
ZCP4_1387,ZCP4_0159
ZCP4_0900,ZCP4_0073
ZCP4_0900,ZCP4_0073
ZCP4_1465,ZCP4_0073
ZCP4_0018,ZCP4_0060
ZCP4_0128,ZCP4_0060
ZCP4_0900,ZCP4_0060
ZCP4_1718,ZCP4_0060
ZCP4_0018,ZCP4_0055
ZCP4_0265,ZCP4_0055
ZCP4_0900,ZCP4_0055
ZCP4_1718,ZCP4_0055
ZCP4_0900,ZCP4_0039
ZCP4_0375,ZCP4_0033
ZCP4_0900,ZCP4_0033
ZCP4_1718,ZCP4_0033
ZCP4_0900,ZCP4_0023
ZCP4_0018,ZCP4_0020
ZCP4_0812,ZCP4_0020
ZCP4_0900,ZCP4_0020
ZCP4_0900,ZCP4_1748
ZCP4_0900,ZCP4_1744
ZCP4_1387,ZCP4_1744
ZCP4_0900,ZCP4_1740
ZCP4_1382,ZCP4_1740
ZCP4_1465,ZCP4_1740
ZCP4_0900,ZCP4_1738
ZCP4_0018,ZCP4_1733
ZCP4_0375,ZCP4_1733
ZCP4_0900,ZCP4_1733
ZCP4_0900,ZCP4_1731
ZCP4_0900,ZCP4_1728
ZCP4_1465,ZCP4_1728
ZCP4_0900,ZCP4_1726
ZCP4_0128,ZCP4_1725
ZCP4_0375,ZCP4_1725
ZCP4_0523,ZCP4_1725
ZCP4_0900,ZCP4_1725
ZCP4_1382,ZCP4_1725
ZCP4_1465,ZCP4_1725
ZCP4_1718,ZCP4_1725
ZCP4_0900,ZCP4_1714
ZCP4_0128,ZCP4_1709
ZCP4_0210,ZCP4_1709
ZCP4_0900,ZCP4_1709
ZCP4_1718,ZCP4_1709
ZCP4_0900,ZCP4_1703
ZCP4_0128,ZCP4_1701
ZCP4_0900,ZCP4_1701
ZCP4_1465,ZCP4_1701
ZCP4_0375,ZCP4_1700
ZCP4_0900,ZCP4_1700
ZCP4_1465,ZCP4_1700
ZCP4_0900,ZCP4_1698
ZCP4_1387,ZCP4_1698
ZCP4_0900,ZCP4_1677
ZCP4_0128,ZCP4_1674
ZCP4_0375,ZCP4_1674
ZCP4_0900,ZCP4_1674
ZCP4_1718,ZCP4_1674
ZCP4_0900,ZCP4_1636
ZCP4_1465,ZCP4_1636
ZCP4_0900,ZCP4_1627
ZCP4_1387,ZCP4_1627
ZCP4_1387,ZCP4_1627
ZCP4_1465,ZCP4_1627
ZCP4_0018,ZCP4_1626
ZCP4_0375,ZCP4_1626
ZCP4_0900,ZCP4_1626
ZCP4_0900,ZCP4_1626
ZCP4_0900,ZCP4_1585
ZCP4_0900,ZCP4_1574
ZCP4_1382,ZCP4_1574
ZCP4_1387,ZCP4_1574
ZCP4_0900,ZCP4_1565
ZCP4_1387,ZCP4_1565
ZCP4_1465,ZCP4_1565
ZCP4_0900,ZCP4_1556
ZCP4_0265,ZCP4_1549
ZCP4_0530,ZCP4_1549
ZCP4_0900,ZCP4_1549
ZCP4_0900,ZCP4_1548
ZCP4_0900,ZCP4_1526
ZCP4_0128,ZCP4_1525
ZCP4_0900,ZCP4_1525
ZCP4_0900,ZCP4_1521
ZCP4_0128,ZCP4_1505
ZCP4_0375,ZCP4_1505
ZCP4_0523,ZCP4_1505
ZCP4_0900,ZCP4_1505
ZCP4_1718,ZCP4_1505
ZCP4_0900,ZCP4_1489
ZCP4_0900,ZCP4_1451
ZCP4_1387,ZCP4_1451
ZCP4_0900,ZCP4_1401
ZCP4_0900,ZCP4_1398
ZCP4_0128,ZCP4_1393
ZCP4_0128,ZCP4_1393
ZCP4_0530,ZCP4_1393
ZCP4_0900,ZCP4_1393
ZCP4_1465,ZCP4_1393
ZCP4_1718,ZCP4_1393
ZCP4_0900,ZCP4_1391
ZCP4_1465,ZCP4_1391
ZCP4_0210,ZCP4_1388
ZCP4_0900,ZCP4_1388
ZCP4_1718,ZCP4_1388
ZCP4_0900,ZCP4_1382
ZCP4_1382,ZCP4_1382
ZCP4_1718,ZCP4_1382
ZCP4_0900,ZCP4_1349
ZCP4_0900,ZCP4_1339
ZCP4_1387,ZCP4_1339
ZCP4_1718,ZCP4_1339
ZCP4_0375,ZCP4_1313
ZCP4_0900,ZCP4_1313
ZCP4_1387,ZCP4_1313
ZCP4_0900,ZCP4_1305
ZCP4_1387,ZCP4_1305
ZCP4_1718,ZCP4_1305
ZCP4_0900,ZCP4_1278
ZCP4_0900,ZCP4_1270
ZCP4_0900,ZCP4_1270
ZCP4_1387,ZCP4_1270
ZCP4_0375,ZCP4_1249
ZCP4_0900,ZCP4_1249
ZCP4_1465,ZCP4_1249
ZCP4_0900,ZCP4_1245
ZCP4_0900,ZCP4_1834
ZCP4_0900,ZCP4_1814
ZCP4_0900,ZCP4_1812
ZCP4_0900,ZCP4_1806
ZCP4_0900,ZCP4_1796
ZCP4_1718,ZCP4_1796
ZCP4_0018,ZCP4_1779
ZCP4_0128,ZCP4_1779
ZCP4_0210,ZCP4_1779
ZCP4_0900,ZCP4_1779
ZCP4_1465,ZCP4_1779
ZCP4_1718,ZCP4_1779
ZCP4_0018,ZCP4_1562
ZCP4_0812,ZCP4_1562
ZCP4_1387,ZCP4_1562
ZCP4_0128,ZCP4_0900
ZCP4_0210,ZCP4_0900
ZCP4_0523,ZCP4_0900
ZCP4_0805,ZCP4_0900
ZCP4_1382,ZCP4_0900
ZCP4_1387,ZCP4_0900
ZCP4_1718,ZCP4_0900
ZCP4_0128,ZCP4_0559
ZCP4_0805,ZCP4_0559
ZCP4_1387,ZCP4_0559
ZCP4_0375,ZCP4_1017
ZCP4_0657,ZCP4_1017
ZCP4_1465,ZCP4_1017
ZCP4_0657,ZCP4_0875
ZCP4_1465,ZCP4_0875
ZCP4_0657,ZCP4_0343
ZCP4_0657,ZCP4_0120
ZCP4_1387,ZCP4_0120
ZCP4_0523,ZCP4_1107
ZCP4_0530,ZCP4_1107
ZCP4_1387,ZCP4_1107
ZCP4_1718,ZCP4_1107
ZCP4_0018,ZCP4_1056
ZCP4_0128,ZCP4_1056
ZCP4_0210,ZCP4_1056
ZCP4_0375,ZCP4_1056
ZCP4_0530,ZCP4_1056
ZCP4_1382,ZCP4_1056
ZCP4_1718,ZCP4_1056
ZCP4_0128,ZCP4_0927
ZCP4_0375,ZCP4_0927
ZCP4_0530,ZCP4_0927
ZCP4_1382,ZCP4_0927
ZCP4_1718,ZCP4_0927
ZCP4_0530,ZCP4_0772
ZCP4_1387,ZCP4_0772
ZCP4_0018,ZCP4_0702
ZCP4_0018,ZCP4_0702
ZCP4_0530,ZCP4_0702
ZCP4_1382,ZCP4_0702
ZCP4_1718,ZCP4_0702
ZCP4_0018,ZCP4_0638
ZCP4_0530,ZCP4_0638
ZCP4_1718,ZCP4_0638
ZCP4_0018,ZCP4_0613
ZCP4_0128,ZCP4_0613
ZCP4_0210,ZCP4_0613
ZCP4_0375,ZCP4_0613
ZCP4_0523,ZCP4_0613
ZCP4_0530,ZCP4_0613
ZCP4_1382,ZCP4_0613
ZCP4_1387,ZCP4_0613
ZCP4_1387,ZCP4_0613
ZCP4_1718,ZCP4_0613
ZCP4_0018,ZCP4_0514
ZCP4_0128,ZCP4_0514
ZCP4_0128,ZCP4_0514
ZCP4_0375,ZCP4_0514
ZCP4_0523,ZCP4_0514
ZCP4_0530,ZCP4_0514
ZCP4_1382,ZCP4_0514
ZCP4_1718,ZCP4_0514
ZCP4_0128,ZCP4_0462
ZCP4_0128,ZCP4_0462
ZCP4_0530,ZCP4_0462
ZCP4_1382,ZCP4_0462
ZCP4_1718,ZCP4_0462
ZCP4_0530,ZCP4_0403
ZCP4_1718,ZCP4_0403
ZCP4_0210,ZCP4_0397
ZCP4_0375,ZCP4_0397
ZCP4_0523,ZCP4_0397
ZCP4_0530,ZCP4_0397
ZCP4_0128,ZCP4_0394
ZCP4_0530,ZCP4_0394
ZCP4_1718,ZCP4_0394
ZCP4_0018,ZCP4_0318
ZCP4_0265,ZCP4_0318
ZCP4_0530,ZCP4_0318
ZCP4_1465,ZCP4_0318
ZCP4_1718,ZCP4_0318
ZCP4_0530,ZCP4_0158
ZCP4_0018,ZCP4_0054
ZCP4_0128,ZCP4_0054
ZCP4_0210,ZCP4_0054
ZCP4_0375,ZCP4_0054
ZCP4_0523,ZCP4_0054
ZCP4_0530,ZCP4_0054
ZCP4_0128,ZCP4_1656
ZCP4_0265,ZCP4_1656
ZCP4_0530,ZCP4_1656
ZCP4_1382,ZCP4_1656
ZCP4_1382,ZCP4_1656
ZCP4_1465,ZCP4_1656
ZCP4_1718,ZCP4_1656
ZCP4_0018,ZCP4_1652
ZCP4_0018,ZCP4_1652
ZCP4_0128,ZCP4_1652
ZCP4_0210,ZCP4_1652
ZCP4_0523,ZCP4_1652
ZCP4_0530,ZCP4_1652
ZCP4_1382,ZCP4_1652
ZCP4_1718,ZCP4_1652
ZCP4_0128,ZCP4_1546
ZCP4_0530,ZCP4_1546
ZCP4_1465,ZCP4_1546
ZCP4_0018,ZCP4_1430
ZCP4_0530,ZCP4_1430
ZCP4_0018,ZCP4_1386
ZCP4_0530,ZCP4_1386
ZCP4_0128,ZCP4_1897
ZCP4_0375,ZCP4_1897
ZCP4_0523,ZCP4_1897
ZCP4_0530,ZCP4_1897
ZCP4_1382,ZCP4_1897
ZCP4_1718,ZCP4_1897
ZCP4_0530,ZCP4_1837
ZCP4_1718,ZCP4_1837
ZCP4_0530,ZCP4_1808
ZCP4_0530,ZCP4_1838
ZCP4_0018,ZCP4_1054
ZCP4_0128,ZCP4_1054
ZCP4_0523,ZCP4_1054
ZCP4_1382,ZCP4_1054
ZCP4_1585,ZCP4_1054
ZCP4_0128,ZCP4_1025
ZCP4_0128,ZCP4_1025
ZCP4_0523,ZCP4_1025
ZCP4_0523,ZCP4_1025
ZCP4_1718,ZCP4_1025
ZCP4_0071,ZCP4_0878
ZCP4_0128,ZCP4_0878
ZCP4_0375,ZCP4_0878
ZCP4_0523,ZCP4_0878
ZCP4_1382,ZCP4_0878
ZCP4_1387,ZCP4_0878
ZCP4_1585,ZCP4_0878
ZCP4_1718,ZCP4_0878
ZCP4_0375,ZCP4_0853
ZCP4_0523,ZCP4_0853
ZCP4_1718,ZCP4_0853
ZCP4_0018,ZCP4_0503
ZCP4_0128,ZCP4_0503
ZCP4_0210,ZCP4_0503
ZCP4_0523,ZCP4_0503
ZCP4_1382,ZCP4_0503
ZCP4_1718,ZCP4_0503
ZCP4_0018,ZCP4_0325
ZCP4_0375,ZCP4_0325
ZCP4_0523,ZCP4_0325
ZCP4_1718,ZCP4_0325
ZCP4_0018,ZCP4_0270
ZCP4_0128,ZCP4_0270
ZCP4_0128,ZCP4_0270
ZCP4_0210,ZCP4_0270
ZCP4_0375,ZCP4_0270
ZCP4_0375,ZCP4_0270
ZCP4_0523,ZCP4_0270
ZCP4_1382,ZCP4_0270
ZCP4_1387,ZCP4_0270
ZCP4_1718,ZCP4_0270
ZCP4_0128,ZCP4_0246
ZCP4_0210,ZCP4_0246
ZCP4_0523,ZCP4_0246
ZCP4_1382,ZCP4_0246
ZCP4_1718,ZCP4_0246
ZCP4_0523,ZCP4_0245
ZCP4_1718,ZCP4_0245
ZCP4_0018,ZCP4_0219
ZCP4_0523,ZCP4_0219
ZCP4_1382,ZCP4_0219
ZCP4_0523,ZCP4_0119
ZCP4_0018,ZCP4_1708
ZCP4_0128,ZCP4_1708
ZCP4_0523,ZCP4_1708
ZCP4_1585,ZCP4_1708
ZCP4_1718,ZCP4_1708
ZCP4_0210,ZCP4_1663
ZCP4_0523,ZCP4_1663
ZCP4_1585,ZCP4_1663
ZCP4_1718,ZCP4_1663
ZCP4_0018,ZCP4_1462
ZCP4_0128,ZCP4_1462
ZCP4_0375,ZCP4_1462
ZCP4_0523,ZCP4_1462
ZCP4_1382,ZCP4_1462
ZCP4_1585,ZCP4_1462
ZCP4_1637,ZCP4_1462
ZCP4_1718,ZCP4_1462
ZCP4_0018,ZCP4_1331
ZCP4_0128,ZCP4_1331
ZCP4_0210,ZCP4_1331
ZCP4_0375,ZCP4_1331
ZCP4_0523,ZCP4_1331
ZCP4_1382,ZCP4_1331
ZCP4_1718,ZCP4_1331
ZCP4_0128,ZCP4_1307
ZCP4_0523,ZCP4_1307
ZCP4_1387,ZCP4_1307
ZCP4_1718,ZCP4_1307
ZCP4_0523,ZCP4_1232
ZCP4_0018,ZCP4_1226
ZCP4_0128,ZCP4_1226
ZCP4_0128,ZCP4_1226
ZCP4_0375,ZCP4_1226
ZCP4_0523,ZCP4_1226
ZCP4_1387,ZCP4_1226
ZCP4_1465,ZCP4_1226
ZCP4_1585,ZCP4_1226
ZCP4_1718,ZCP4_1226
ZCP4_0523,ZCP4_1890
ZCP4_0018,ZCP4_1836
ZCP4_0128,ZCP4_1836
ZCP4_0523,ZCP4_1836
ZCP4_1382,ZCP4_1836
ZCP4_1718,ZCP4_1836
ZCP4_0523,ZCP4_1800
ZCP4_1382,ZCP4_1800
ZCP4_1718,ZCP4_1800
ZCP4_0018,ZCP4_1861
ZCP4_0128,ZCP4_1861
ZCP4_0375,ZCP4_1861
ZCP4_0523,ZCP4_1861
ZCP4_1382,ZCP4_1861
ZCP4_1585,ZCP4_1861
ZCP4_1637,ZCP4_1861
ZCP4_1718,ZCP4_1861
ZCP4_0018,ZCP4_1853
ZCP4_0128,ZCP4_1853
ZCP4_0210,ZCP4_1853
ZCP4_0375,ZCP4_1853
ZCP4_0523,ZCP4_1853
ZCP4_1382,ZCP4_1853
ZCP4_1718,ZCP4_1853
ZCP4_0018,ZCP4_1918
ZCP4_0128,ZCP4_1918
ZCP4_0210,ZCP4_1918
ZCP4_0375,ZCP4_1918
ZCP4_0523,ZCP4_1918
ZCP4_1382,ZCP4_1918
ZCP4_1718,ZCP4_1918
ZCP4_0375,ZCP4_1166
ZCP4_0375,ZCP4_1115
ZCP4_1387,ZCP4_1115
ZCP4_0375,ZCP4_1105
ZCP4_0018,ZCP4_1048
ZCP4_0375,ZCP4_1048
ZCP4_0375,ZCP4_1006
ZCP4_0375,ZCP4_0978
ZCP4_1387,ZCP4_0978
ZCP4_1387,ZCP4_0978
ZCP4_1718,ZCP4_0978
ZCP4_0375,ZCP4_0968
ZCP4_0375,ZCP4_0952
ZCP4_1387,ZCP4_0952
ZCP4_1465,ZCP4_0952
ZCP4_0128,ZCP4_0910
ZCP4_0210,ZCP4_0910
ZCP4_0375,ZCP4_0910
ZCP4_0375,ZCP4_0910
ZCP4_1382,ZCP4_0910
ZCP4_1387,ZCP4_0910
ZCP4_1465,ZCP4_0910
ZCP4_1637,ZCP4_0910
ZCP4_1718,ZCP4_0910
ZCP4_0375,ZCP4_0840
ZCP4_0375,ZCP4_0776
ZCP4_1465,ZCP4_0776
ZCP4_0375,ZCP4_0732
ZCP4_0018,ZCP4_0714
ZCP4_0375,ZCP4_0714
ZCP4_1718,ZCP4_0714
ZCP4_0375,ZCP4_0692
ZCP4_1387,ZCP4_0692
ZCP4_0210,ZCP4_0639
ZCP4_0375,ZCP4_0639
ZCP4_1382,ZCP4_0639
ZCP4_1718,ZCP4_0639
ZCP4_0375,ZCP4_0633
ZCP4_1465,ZCP4_0633
ZCP4_1718,ZCP4_0633
ZCP4_0375,ZCP4_0627
ZCP4_1465,ZCP4_0627
ZCP4_1465,ZCP4_0627
ZCP4_0018,ZCP4_0518
ZCP4_0375,ZCP4_0518
ZCP4_1465,ZCP4_0518
ZCP4_1718,ZCP4_0518
ZCP4_0375,ZCP4_0517
ZCP4_1387,ZCP4_0517
ZCP4_1465,ZCP4_0517
ZCP4_0018,ZCP4_0504
ZCP4_0375,ZCP4_0504
ZCP4_1465,ZCP4_0504
ZCP4_0375,ZCP4_0500
ZCP4_1387,ZCP4_0500
ZCP4_1387,ZCP4_0500
ZCP4_0018,ZCP4_0445
ZCP4_0128,ZCP4_0445
ZCP4_0210,ZCP4_0445
ZCP4_0375,ZCP4_0445
ZCP4_1382,ZCP4_0445
ZCP4_1718,ZCP4_0445
ZCP4_0018,ZCP4_0385
ZCP4_0375,ZCP4_0385
ZCP4_0375,ZCP4_0384
ZCP4_0375,ZCP4_0376
ZCP4_0375,ZCP4_0353
ZCP4_1387,ZCP4_0353
ZCP4_1465,ZCP4_0353
ZCP4_0375,ZCP4_0349
ZCP4_1465,ZCP4_0349
ZCP4_0128,ZCP4_0310
ZCP4_0375,ZCP4_0310
ZCP4_1382,ZCP4_0310
ZCP4_1387,ZCP4_0310
ZCP4_0018,ZCP4_0279
ZCP4_0375,ZCP4_0279
ZCP4_1382,ZCP4_0279
ZCP4_1718,ZCP4_0279
ZCP4_0375,ZCP4_0225
ZCP4_0375,ZCP4_0211
ZCP4_1387,ZCP4_0211
ZCP4_1718,ZCP4_0211
ZCP4_0128,ZCP4_0170
ZCP4_0375,ZCP4_0170
ZCP4_0128,ZCP4_0162
ZCP4_0375,ZCP4_0162
ZCP4_1387,ZCP4_0162
ZCP4_0018,ZCP4_0149
ZCP4_0128,ZCP4_0149
ZCP4_0210,ZCP4_0149
ZCP4_0210,ZCP4_0149
ZCP4_0375,ZCP4_0149
ZCP4_1718,ZCP4_0149
ZCP4_1718,ZCP4_0149
ZCP4_0375,ZCP4_0137
ZCP4_1387,ZCP4_0137
ZCP4_0375,ZCP4_0121
ZCP4_1387,ZCP4_0121
ZCP4_0375,ZCP4_0064
ZCP4_0375,ZCP4_0036
ZCP4_1387,ZCP4_0036
ZCP4_1465,ZCP4_0036
ZCP4_0375,ZCP4_0035
ZCP4_0375,ZCP4_0010
ZCP4_0128,ZCP4_0005
ZCP4_0128,ZCP4_0005
ZCP4_0375,ZCP4_0005
ZCP4_1382,ZCP4_0005
ZCP4_1387,ZCP4_0005
ZCP4_1718,ZCP4_0005
ZCP4_0018,ZCP4_1754
ZCP4_0128,ZCP4_1754
ZCP4_0375,ZCP4_1754
ZCP4_1718,ZCP4_1754
ZCP4_0375,ZCP4_1749
ZCP4_1382,ZCP4_1749
ZCP4_1387,ZCP4_1749
ZCP4_1387,ZCP4_1749
ZCP4_0375,ZCP4_1745
ZCP4_0375,ZCP4_1745
ZCP4_1387,ZCP4_1745
ZCP4_1387,ZCP4_1745
ZCP4_1718,ZCP4_1745
ZCP4_0375,ZCP4_1691
ZCP4_0375,ZCP4_1689
ZCP4_0375,ZCP4_1668
ZCP4_1465,ZCP4_1668
ZCP4_1718,ZCP4_1668
ZCP4_0375,ZCP4_1602
ZCP4_1718,ZCP4_1602
ZCP4_0375,ZCP4_1569
ZCP4_0375,ZCP4_1537
ZCP4_1382,ZCP4_1537
ZCP4_1718,ZCP4_1537
ZCP4_0375,ZCP4_1504
ZCP4_1382,ZCP4_1504
ZCP4_1718,ZCP4_1504
ZCP4_0375,ZCP4_1483
ZCP4_1465,ZCP4_1483
ZCP4_0375,ZCP4_1482
ZCP4_1387,ZCP4_1482
ZCP4_0375,ZCP4_1459
ZCP4_0375,ZCP4_1459
ZCP4_1387,ZCP4_1459
ZCP4_1465,ZCP4_1459
ZCP4_0018,ZCP4_1445
ZCP4_0375,ZCP4_1445
ZCP4_1382,ZCP4_1445
ZCP4_1718,ZCP4_1445
ZCP4_0018,ZCP4_1435
ZCP4_0375,ZCP4_1435
ZCP4_0375,ZCP4_1435
ZCP4_1387,ZCP4_1435
ZCP4_1465,ZCP4_1435
ZCP4_1718,ZCP4_1435
ZCP4_0375,ZCP4_1429
ZCP4_1387,ZCP4_1429
ZCP4_1465,ZCP4_1429
ZCP4_1465,ZCP4_1429
ZCP4_0128,ZCP4_1300
ZCP4_0210,ZCP4_1300
ZCP4_0375,ZCP4_1300
ZCP4_1465,ZCP4_1300
ZCP4_1718,ZCP4_1300
ZCP4_0018,ZCP4_1297
ZCP4_0128,ZCP4_1297
ZCP4_0210,ZCP4_1297
ZCP4_0375,ZCP4_1297
ZCP4_1382,ZCP4_1297
ZCP4_1718,ZCP4_1297
ZCP4_0375,ZCP4_1282
ZCP4_0375,ZCP4_1282
ZCP4_0018,ZCP4_1898
ZCP4_0128,ZCP4_1898
ZCP4_0375,ZCP4_1898
ZCP4_1718,ZCP4_1898
ZCP4_0265,ZCP4_1839
ZCP4_0375,ZCP4_1839
ZCP4_1718,ZCP4_1839
ZCP4_0018,ZCP4_1854
ZCP4_0210,ZCP4_1854
ZCP4_0375,ZCP4_1854
ZCP4_1382,ZCP4_1854
ZCP4_1718,ZCP4_1854
ZCP4_0375,ZCP4_1773
ZCP4_1718,ZCP4_1773
ZCP4_0265,ZCP4_0913
ZCP4_1387,ZCP4_0913
ZCP4_1387,ZCP4_0913
ZCP4_0265,ZCP4_0892
ZCP4_1387,ZCP4_0892
ZCP4_1465,ZCP4_0892
ZCP4_0265,ZCP4_0812
ZCP4_0265,ZCP4_0782
ZCP4_1718,ZCP4_0782
ZCP4_0265,ZCP4_0657
ZCP4_1387,ZCP4_0657
ZCP4_1387,ZCP4_0657
ZCP4_1465,ZCP4_0657
ZCP4_0265,ZCP4_0434
ZCP4_0265,ZCP4_0222
ZCP4_0265,ZCP4_0201
ZCP4_0128,ZCP4_1472
ZCP4_0265,ZCP4_1472
ZCP4_1382,ZCP4_1472
ZCP4_1387,ZCP4_1472
ZCP4_1718,ZCP4_1472
ZCP4_0265,ZCP4_1405
ZCP4_1718,ZCP4_1405
ZCP4_0265,ZCP4_1333
ZCP4_1387,ZCP4_1333
ZCP4_1387,ZCP4_1333
ZCP4_0018,ZCP4_1332
ZCP4_0128,ZCP4_1332
ZCP4_0265,ZCP4_1332
ZCP4_1382,ZCP4_1332
ZCP4_1387,ZCP4_1332
ZCP4_1718,ZCP4_1332
ZCP4_0265,ZCP4_1218
ZCP4_0265,ZCP4_1864
ZCP4_0265,ZCP4_1865
ZCP4_1387,ZCP4_1865
ZCP4_0210,ZCP4_0833
ZCP4_1382,ZCP4_0833
ZCP4_1387,ZCP4_0833
ZCP4_0018,ZCP4_0605
ZCP4_0128,ZCP4_0605
ZCP4_0210,ZCP4_0605
ZCP4_1718,ZCP4_0605
ZCP4_0128,ZCP4_0419
ZCP4_0210,ZCP4_0419
ZCP4_1382,ZCP4_0419
ZCP4_1465,ZCP4_0419
ZCP4_1718,ZCP4_0419
ZCP4_0210,ZCP4_0342
ZCP4_0018,ZCP4_1376
ZCP4_0210,ZCP4_1376
ZCP4_0128,ZCP4_1262
ZCP4_0210,ZCP4_1262
ZCP4_1382,ZCP4_1262
ZCP4_1718,ZCP4_1262
ZCP4_0210,ZCP4_1835
ZCP4_1387,ZCP4_1164
ZCP4_0128,ZCP4_0982
ZCP4_1387,ZCP4_0982
ZCP4_1387,ZCP4_0982
ZCP4_1465,ZCP4_0982
ZCP4_1718,ZCP4_0982
ZCP4_1718,ZCP4_0982
ZCP4_1465,ZCP4_0787
ZCP4_1387,ZCP4_0628
ZCP4_1718,ZCP4_0628
ZCP4_1387,ZCP4_0591
ZCP4_1387,ZCP4_0427
ZCP4_1387,ZCP4_0393
ZCP4_1387,ZCP4_0364
ZCP4_1387,ZCP4_0333
ZCP4_1387,ZCP4_0301
ZCP4_1387,ZCP4_0300
ZCP4_1718,ZCP4_0300
ZCP4_1387,ZCP4_0280
ZCP4_1387,ZCP4_0267
ZCP4_1465,ZCP4_0087
ZCP4_1387,ZCP4_0046
ZCP4_1465,ZCP4_0046
ZCP4_1585,ZCP4_0046
ZCP4_1387,ZCP4_1555
ZCP4_1387,ZCP4_1495
ZCP4_1387,ZCP4_1439
ZCP4_1387,ZCP4_1439
ZCP4_1465,ZCP4_1439
ZCP4_1465,ZCP4_1439
ZCP4_1465,ZCP4_1397
ZCP4_1465,ZCP4_1298
ZCP4_1387,ZCP4_1937
ZCP4_1387,ZCP4_1807
ZCP4_0128,ZCP4_1168
ZCP4_0128,ZCP4_1144
ZCP4_1718,ZCP4_1144
ZCP4_0018,ZCP4_1140
ZCP4_0128,ZCP4_1140
ZCP4_1382,ZCP4_1140
ZCP4_1585,ZCP4_1140
ZCP4_1718,ZCP4_1140
ZCP4_1718,ZCP4_1140
ZCP4_0128,ZCP4_1120
ZCP4_0018,ZCP4_1077
ZCP4_0128,ZCP4_1077
ZCP4_1382,ZCP4_1077
ZCP4_1387,ZCP4_1077
ZCP4_1718,ZCP4_1077
ZCP4_0128,ZCP4_1063
ZCP4_0018,ZCP4_0962
ZCP4_0128,ZCP4_0962
ZCP4_1382,ZCP4_0962
ZCP4_1387,ZCP4_0962
ZCP4_1718,ZCP4_0962
ZCP4_0018,ZCP4_0945
ZCP4_0128,ZCP4_0945
ZCP4_1718,ZCP4_0945
ZCP4_0128,ZCP4_0918
ZCP4_1387,ZCP4_0918
ZCP4_1387,ZCP4_0918
ZCP4_0128,ZCP4_0880
ZCP4_1465,ZCP4_0880
ZCP4_0128,ZCP4_0879
ZCP4_0128,ZCP4_0717
ZCP4_0128,ZCP4_0547
ZCP4_1382,ZCP4_0547
ZCP4_1718,ZCP4_0547
ZCP4_0128,ZCP4_0404
ZCP4_1387,ZCP4_0404
ZCP4_0128,ZCP4_0370
ZCP4_0128,ZCP4_0182
ZCP4_0128,ZCP4_0128
ZCP4_1382,ZCP4_0128
ZCP4_0018,ZCP4_0018
ZCP4_0128,ZCP4_0018
ZCP4_1382,ZCP4_0018
ZCP4_1718,ZCP4_0018
ZCP4_0018,ZCP4_1760
ZCP4_0128,ZCP4_1760
ZCP4_1382,ZCP4_1760
ZCP4_1718,ZCP4_1760
ZCP4_0018,ZCP4_1743
ZCP4_0128,ZCP4_1743
ZCP4_1718,ZCP4_1743
ZCP4_0018,ZCP4_1670
ZCP4_0128,ZCP4_1670
ZCP4_1382,ZCP4_1670
ZCP4_0128,ZCP4_1659
ZCP4_0128,ZCP4_1527
ZCP4_1387,ZCP4_1527
ZCP4_1718,ZCP4_1527
ZCP4_0128,ZCP4_1490
ZCP4_1382,ZCP4_1490
ZCP4_1718,ZCP4_1490
ZCP4_0128,ZCP4_1437
ZCP4_1387,ZCP4_1437
ZCP4_1465,ZCP4_1437
ZCP4_0018,ZCP4_1395
ZCP4_0128,ZCP4_1395
ZCP4_1382,ZCP4_1395
ZCP4_1465,ZCP4_1395
ZCP4_1718,ZCP4_1395
ZCP4_0128,ZCP4_1316
ZCP4_0018,ZCP4_1233
ZCP4_0128,ZCP4_1233
ZCP4_1382,ZCP4_1233
ZCP4_1718,ZCP4_1233
ZCP4_0128,ZCP4_1811
ZCP4_1465,ZCP4_1811
ZCP4_0128,ZCP4_1809
ZCP4_1387,ZCP4_1809
ZCP4_0128,ZCP4_1860
ZCP4_1382,ZCP4_1860
ZCP4_0018,ZCP4_1117
ZCP4_0018,ZCP4_1108
ZCP4_0018,ZCP4_1001
ZCP4_0018,ZCP4_0926
ZCP4_0018,ZCP4_0925
ZCP4_1382,ZCP4_0925
ZCP4_1465,ZCP4_0925
ZCP4_1718,ZCP4_0925
ZCP4_0018,ZCP4_0848
ZCP4_0018,ZCP4_0798
ZCP4_1465,ZCP4_0798
ZCP4_0018,ZCP4_0594
ZCP4_1718,ZCP4_0594
ZCP4_0018,ZCP4_0405
ZCP4_1382,ZCP4_0405
ZCP4_1718,ZCP4_0405
ZCP4_0018,ZCP4_0378
ZCP4_1718,ZCP4_0378
ZCP4_0018,ZCP4_0375
ZCP4_0018,ZCP4_0287
ZCP4_0018,ZCP4_0198
ZCP4_0018,ZCP4_0157
ZCP4_1387,ZCP4_0157
ZCP4_0018,ZCP4_0069
ZCP4_1387,ZCP4_0069
ZCP4_1465,ZCP4_0069
ZCP4_0018,ZCP4_0045
ZCP4_0018,ZCP4_1696
ZCP4_1387,ZCP4_1696
ZCP4_1465,ZCP4_1696
ZCP4_0018,ZCP4_1599
ZCP4_1382,ZCP4_1599
ZCP4_1718,ZCP4_1599
ZCP4_1718,ZCP4_1599
ZCP4_0018,ZCP4_1407
ZCP4_0018,ZCP4_1372
ZCP4_1387,ZCP4_1372
ZCP4_0018,ZCP4_1246
ZCP4_1718,ZCP4_1246
ZCP4_0018,ZCP4_1242
ZCP4_0018,ZCP4_1889
ZCP4_0018,ZCP4_1777
ZCP4_0018,ZCP4_1768
ZCP4_0018,ZCP4_1879
ZCP4_1718,ZCP4_1879
ZCP4_1387,ZCP4_0779
ZCP4_1387,ZCP4_1093
ZCP4_1465,ZCP4_1093
ZCP4_1718,ZCP4_1093
ZCP4_1465,ZCP4_1085
ZCP4_1718,ZCP4_1085
ZCP4_1718,ZCP4_1082
ZCP4_1387,ZCP4_0893
ZCP4_1718,ZCP4_0893
ZCP4_1387,ZCP4_0811
ZCP4_1718,ZCP4_0811
ZCP4_1718,ZCP4_0598
ZCP4_1465,ZCP4_0556
ZCP4_1718,ZCP4_0556
ZCP4_1382,ZCP4_0348
ZCP4_1718,ZCP4_0348
ZCP4_1718,ZCP4_0328
ZCP4_1718,ZCP4_1721
ZCP4_1382,ZCP4_1690
ZCP4_1465,ZCP4_1690
ZCP4_1718,ZCP4_1690
ZCP4_1718,ZCP4_1598
ZCP4_1718,ZCP4_1540
ZCP4_1382,ZCP4_1250
ZCP4_1718,ZCP4_1250
ZCP4_1718,ZCP4_1248
ZCP4_1718,ZCP4_1248
ZCP4_1585,ZCP4_0634
ZCP4_1585,ZCP4_1466
ZCP4_1465,ZCP4_1070
ZCP4_1387,ZCP4_1019
ZCP4_1465,ZCP4_1019
ZCP4_1465,ZCP4_0813
ZCP4_1465,ZCP4_0781
ZCP4_1387,ZCP4_0721
ZCP4_1465,ZCP4_0721
ZCP4_1465,ZCP4_0721
ZCP4_1387,ZCP4_0601
ZCP4_1465,ZCP4_0601
ZCP4_1465,ZCP4_0502
ZCP4_1465,ZCP4_0458
ZCP4_1465,ZCP4_0422
ZCP4_1465,ZCP4_0351
ZCP4_1387,ZCP4_0127
ZCP4_1465,ZCP4_0127
ZCP4_1465,ZCP4_0090
ZCP4_1465,ZCP4_0088
ZCP4_1387,ZCP4_0071
ZCP4_1465,ZCP4_0071
ZCP4_1465,ZCP4_1717
ZCP4_1465,ZCP4_1643
ZCP4_1465,ZCP4_1594
ZCP4_1465,ZCP4_1530
ZCP4_1387,ZCP4_1524
ZCP4_1465,ZCP4_1524
ZCP4_1465,ZCP4_1515
ZCP4_1387,ZCP4_1488
ZCP4_1465,ZCP4_1488
ZCP4_1387,ZCP4_1434
ZCP4_1465,ZCP4_1434
ZCP4_1387,ZCP4_1428
ZCP4_1387,ZCP4_1428
ZCP4_1465,ZCP4_1428
ZCP4_1387,ZCP4_1409
ZCP4_1465,ZCP4_1409
ZCP4_1465,ZCP4_1302
ZCP4_1387,ZCP4_1273
ZCP4_1465,ZCP4_1273
ZCP4_1465,ZCP4_1900
ZCP4_1465,ZCP4_1817
ZCP4_1387,ZCP4_1200
ZCP4_1387,ZCP4_1197
ZCP4_1387,ZCP4_1143
ZCP4_1387,ZCP4_1032
ZCP4_1387,ZCP4_1000
ZCP4_1387,ZCP4_0988
ZCP4_1387,ZCP4_0990
ZCP4_1382,ZCP4_0961
ZCP4_1387,ZCP4_0961
ZCP4_1387,ZCP4_0939
ZCP4_1387,ZCP4_0919
ZCP4_1387,ZCP4_0919
ZCP4_1387,ZCP4_0881
ZCP4_1387,ZCP4_0868
ZCP4_1387,ZCP4_0867
ZCP4_1387,ZCP4_0857
ZCP4_1387,ZCP4_0847
ZCP4_1387,ZCP4_0841
ZCP4_1387,ZCP4_0832
ZCP4_1387,ZCP4_0830
ZCP4_1387,ZCP4_0827
ZCP4_1387,ZCP4_0827
ZCP4_1387,ZCP4_0797
ZCP4_1387,ZCP4_0786
ZCP4_1387,ZCP4_0774
ZCP4_1387,ZCP4_0766
ZCP4_1387,ZCP4_0707
ZCP4_1387,ZCP4_0691
ZCP4_1387,ZCP4_0651
ZCP4_1382,ZCP4_0546
ZCP4_1387,ZCP4_0546
ZCP4_1387,ZCP4_0538
ZCP4_1387,ZCP4_0526
ZCP4_1387,ZCP4_0506
ZCP4_1387,ZCP4_0392
ZCP4_1387,ZCP4_0338
ZCP4_1387,ZCP4_0335
ZCP4_1387,ZCP4_0335
ZCP4_1387,ZCP4_0291
ZCP4_1387,ZCP4_0202
ZCP4_1387,ZCP4_0200
ZCP4_1387,ZCP4_0163
ZCP4_1387,ZCP4_0118
ZCP4_1387,ZCP4_0112
ZCP4_1387,ZCP4_0091
ZCP4_1387,ZCP4_0086
ZCP4_1387,ZCP4_0078
ZCP4_1387,ZCP4_0050
ZCP4_1387,ZCP4_0031
ZCP4_1387,ZCP4_0026
ZCP4_1387,ZCP4_0007
ZCP4_1387,ZCP4_1763
ZCP4_1387,ZCP4_1758
ZCP4_1387,ZCP4_1729
ZCP4_1387,ZCP4_1676
ZCP4_1387,ZCP4_1676
ZCP4_1387,ZCP4_1673
ZCP4_1387,ZCP4_1673
ZCP4_1387,ZCP4_1672
ZCP4_1387,ZCP4_1625
ZCP4_1387,ZCP4_1592
ZCP4_1387,ZCP4_1581
ZCP4_1387,ZCP4_1547
ZCP4_1387,ZCP4_1502
ZCP4_1387,ZCP4_1426
ZCP4_1387,ZCP4_1406
ZCP4_1387,ZCP4_1406
ZCP4_1387,ZCP4_1404
ZCP4_1387,ZCP4_1385
ZCP4_1387,ZCP4_1380
ZCP4_1387,ZCP4_1374
ZCP4_1387,ZCP4_1357
ZCP4_1387,ZCP4_1336
ZCP4_1387,ZCP4_1335
ZCP4_1387,ZCP4_1330
ZCP4_1387,ZCP4_1899
ZCP4_1387,ZCP4_1867
ZCP4_1387,ZCP4_1797
ZCP4_1382,ZCP4_1775
ZCP4_1387,ZCP4_1775
ZCP4_1387,ZCP4_1771
ZCP4_1387,ZCP4_1856
ZCP4_1387,ZCP4_1880
ZCP4_1382,ZCP4_0281
ZCP4_1382,ZCP4_0024
ZCP4_1382,ZCP4_1289
ZCP4_1327,ZCP4_1327
ZCP4_1327,ZCP4_1769
