Geneid,SRX10341586,SRX10341587
ZCP4_0001,6.498596185324672,7.420371798414246
ZCP4_0002,6.589843538702366,6.84932747914227
ZCP4_0003,11.709625397545931,11.098618869606076
ZCP4_0004,8.134398400378094,7.973947192633759
ZCP4_0005,11.840316631515499,12.725839246162057
ZCP4_0006,6.994750561613968,6.56412309032792
ZCP4_0007,8.477065012490026,8.437187032074018
ZCP4_0008,10.016389145577907,8.78865601191735
ZCP4_0009,9.331336801822168,8.500636450515284
ZCP4_0010,7.711862979622515,7.0316881191016645
ZCP4_0011,6.867835571051991,6.238212131878993
ZCP4_0012,10.21197016341997,8.94206984980091
ZCP4_0014,7.645925069793133,8.037223176444726
ZCP4_0015,2.9822011625207003,4.336773111630102
ZCP4_0016,5.219962506974954,5.93834787823589
ZCP4_0017,6.300178524263341,7.3812723546882095
ZCP4_0018,3.3727858801900084,3.2604218317800853
ZCP4_0019,8.636348701268028,8.873801950130085
ZCP4_0020,8.428688845477582,7.780605408078765
ZCP4_0021,6.469714374951117,6.18470724936273
ZCP4_0022,6.937484118372848,7.012640421338689
ZCP4_0023,6.875661186344467,6.97009098249952
ZCP4_0024,8.228741778430074,7.9679962268143525
ZCP4_0025,8.993793673995768,8.864968507557592
ZCP4_0026,7.36793430596662,8.052488893294996
ZCP4_0027,4.948846772457194,5.301858172696768
ZCP4_0028,8.52316630230546,8.12079960670787
ZCP4_0029,7.510469116343602,7.8494605967230795
ZCP4_0030,9.70619848390855,8.212677415940409
ZCP4_0031,5.265655831053966,4.450585514383904
ZCP4_0032,7.382850019817297,6.660491433718338
ZCP4_0033,7.125033831256393,7.739376814306034
ZCP4_0034,6.894327651876453,6.631367718454176
ZCP4_0035,3.3638232960921877,2.970925260517301
ZCP4_0036,8.650158125319939,7.517923343867376
ZCP4_0037,6.777995633012405,7.2698621348352965
ZCP4_0038,8.693437789207994,9.514232534548295
ZCP4_0039,9.10985613740957,10.272875885467014
ZCP4_0040,5.960389378427174,6.0184838218840415
ZCP4_0041,8.248530764249113,8.791848823149518
ZCP4_0042,6.579996186983075,7.859779685250034
ZCP4_0043,5.955155631822359,5.078776347617959
ZCP4_0044,2.831978982657617,3.5694100032143883
ZCP4_0045,9.923242580051998,11.03938407360486
ZCP4_0046,9.071329086821203,9.24459498656017
ZCP4_0047,7.573677737239091,7.5749805715697
ZCP4_0048,5.01301595870539,5.653829123054064
ZCP4_0049,4.003515549968038,5.183429956640925
ZCP4_0050,5.583938219811773,5.313976788742717
ZCP4_0051,5.855967044896687,5.200874987536578
ZCP4_0052,5.90553177967588,5.992018559097392
ZCP4_0053,1.0444550965867248,1.7722453494436599
ZCP4_0054,2.515841548753043,3.501404674723269
ZCP4_0055,7.422283789719703,8.03869859098773
ZCP4_0056,6.152315103472699,5.7697003689955535
ZCP4_0057,7.086605491483405,7.231470458045663
ZCP4_0058,6.201641565306405,6.1962572661602
ZCP4_0059,4.624082486423304,4.836623960040594
ZCP4_0060,4.440982083121877,5.316395427267299
ZCP4_0061,12.266759423649583,12.163416175293733
ZCP4_0062,10.200188493621777,9.532222237563774
ZCP4_0063,7.797312118450908,7.082676187313668
ZCP4_0064,9.257045522040242,7.887354846657078
ZCP4_0065,9.014571181052888,7.894644163240185
ZCP4_0066,5.9674836301716825,7.3701337532665585
ZCP4_0067,5.939719094598837,6.039256562642667
ZCP4_0068,7.33012825596858,8.601257345390016
ZCP4_0069,8.079800309146558,7.491963020781954
ZCP4_0070,9.264733874714764,8.703423363684829
ZCP4_0071,6.930947115403258,6.242991374523584
ZCP4_0072,8.92026984754087,7.456753945466692
ZCP4_0073,5.053334025411224,5.53671569447994
ZCP4_0074,5.415747452891789,5.9807442843229905
ZCP4_0075,3.550168454795929,4.427922252708258
ZCP4_0076,3.5440023857259897,4.186375830841577
ZCP4_0077,3.1902098568034916,5.331495458466394
ZCP4_0078,2.0647162418873166,4.505491711099616
ZCP4_0079,5.621071928878555,5.161781374590342
ZCP4_0080,6.736480746854393,6.212071628732495
ZCP4_0081,5.693318535974841,5.2470662799952335
ZCP4_0082,5.497274087962744,4.963173228794583
ZCP4_0083,6.001799030945986,5.598332993771294
ZCP4_0084,5.302091136820845,4.806750593545822
ZCP4_0085,6.513837749019292,5.880506942698517
ZCP4_0086,6.738139557047239,5.781967805003914
ZCP4_0087,1.4735072600065762,2.8196750190735056
ZCP4_0088,6.037474023150256,6.313494516384852
ZCP4_0089,6.747501066447625,5.114756934325023
ZCP4_0090,5.716755097910297,5.509313977986875
ZCP4_0091,6.5981843013322266,7.057258339555805
ZCP4_0092,13.055974087853015,13.363021467936752
ZCP4_0093,6.341240479678303,6.323354254109163
ZCP4_0094,10.978831957234416,12.109894874702652
ZCP4_0095,8.887841165985137,10.659945046782338
ZCP4_0096,7.2826670065682215,7.4955402035136025
ZCP4_0097,1.3057111232651213,1.4796483045186832
ZCP4_0098,1.574639530988724,2.7809439128360784
ZCP4_0099,0.0,0.0
ZCP4_0100,0.0,0.0
ZCP4_0101,0.0,0.0
ZCP4_0102,0.0,0.0
ZCP4_0103,0.0,0.0
ZCP4_0105,5.876625453233478,6.655690300233369
ZCP4_0106,7.090457592286126,6.836528834574146
ZCP4_0107,7.345790902183831,7.237354699635004
ZCP4_0108,11.344197460250456,9.528334426102651
ZCP4_0109,11.582607294456546,9.814456847474647
ZCP4_0110,12.210318981241556,10.667538848961469
ZCP4_0111,5.2396219665412085,4.685898154835491
ZCP4_0112,7.961825645933217,8.336609859985607
ZCP4_0113,6.5534879473504715,7.147823744344574
ZCP4_0114,10.076262936038006,10.35828125651656
ZCP4_0115,7.398059635394444,7.9307743573332505
ZCP4_0116,7.471252950113085,7.017415796167192
ZCP4_0117,3.2680631623510954,5.107253169288615
ZCP4_0118,6.434285431108011,6.715976523615882
ZCP4_0119,9.367774222546322,9.613660053000709
ZCP4_0120,7.597182693048455,6.513806770423962
ZCP4_0121,6.746736549378346,7.1305096734117
ZCP4_0122,10.969628583164358,11.662937389071994
ZCP4_0123,6.807630905983191,8.827357550103791
ZCP4_0125,8.63978269556905,7.790121070982502
ZCP4_0127,5.927018857848143,6.717895229626722
ZCP4_0128,2.5795989125027994,2.354827597271591
ZCP4_0129,0.0,0.0
ZCP4_0130,6.296253885883886,8.140932478862991
ZCP4_0131,6.077487785313689,4.866948088908775
ZCP4_0132,7.73763832570418,6.800180718989674
ZCP4_0133,8.450541072992603,7.49638729843874
ZCP4_0134,9.188396446906419,7.58964695939523
ZCP4_0135,10.467858257364474,9.54722086381436
ZCP4_0136,4.534932312142407,4.7338133427403
ZCP4_0137,5.7895668021366955,5.571879912180806
ZCP4_0138,6.572490435430519,6.65691217258085
ZCP4_0139,5.886553341432445,5.857031502986247
ZCP4_0140,6.822727392755195,7.828077097587678
ZCP4_0141,5.561018814638004,5.2744818518693775
ZCP4_0142,6.728818697534153,6.554557624840554
ZCP4_0143,6.777825837091702,6.834593448267063
ZCP4_0144,7.518568136029956,7.374381057549243
ZCP4_0145,9.13621032770796,8.752439741382034
ZCP4_0147,7.580322416554932,9.12931174199141
ZCP4_0148,9.203177245001896,8.865399779251781
ZCP4_0149,7.607792651520932,7.547229044749589
ZCP4_0150,7.679352706320614,8.828975129825228
ZCP4_0151,5.620852522732142,6.553697783167146
ZCP4_0152,7.369083886198063,7.310957924672856
ZCP4_0153,7.083268417930509,7.813428714562355
ZCP4_0154,7.91683227970681,8.849544185848442
ZCP4_0155,7.402572734371185,7.8690773696345815
ZCP4_0156,9.918351654002539,9.983661732393331
ZCP4_0157,9.375272086301994,9.419382916834575
ZCP4_0158,7.455199405218322,7.088387848346783
ZCP4_0159,5.828828225888192,6.172468617227069
ZCP4_0160,5.634489607907404,5.387007779084238
ZCP4_0161,7.353815850614483,7.696907543409226
ZCP4_0162,6.5714988012998745,7.557749516722888
ZCP4_0163,7.23461491596603,7.95904036712204
ZCP4_0164,6.1132394105644225,7.501521410845446
ZCP4_0165,5.613622969380509,5.883251904134482
ZCP4_0166,8.93963008753704,8.836481592721489
ZCP4_0167,2.944425655505876,3.6290643750697997
ZCP4_0168,7.680516153219828,8.085402552590343
ZCP4_0169,8.794758788367771,8.88663903799306
ZCP4_0170,4.183194487578155,5.102703490533512
ZCP4_0171,8.793877293024329,8.47516104638505
ZCP4_0172,7.2288281954821585,6.736869771810527
ZCP4_0173,6.96168665626782,7.174662052236715
ZCP4_0174,1.6966147614983218,0.886997124298272
ZCP4_0175,12.30019290119735,11.646844662321529
ZCP4_0176,10.406385737824255,9.352921036022359
ZCP4_0177,9.883915880342048,8.737773650613736
ZCP4_0178,10.125545400622734,9.237446946119098
ZCP4_0179,9.132028367131193,8.183307389406634
ZCP4_0180,7.416689030923885,6.625161961595809
ZCP4_0181,8.325163990395959,7.170806163128127
ZCP4_0182,8.376300985931806,7.6775741472326855
ZCP4_0183,7.709177783570006,7.1297878027296475
ZCP4_0184,9.970274102994107,9.523379542052014
ZCP4_0185,10.11177683463689,9.566171722856405
ZCP4_0186,11.868261387927584,10.481085837585645
ZCP4_0187,6.0229310163230805,6.84562551766217
ZCP4_0188,5.0358218919431454,6.198376173346666
ZCP4_0189,8.204187554491675,8.109024491806668
ZCP4_0190,10.057856197258497,10.027586251739546
ZCP4_0191,8.542125296564995,8.861390399263597
ZCP4_0192,8.7350239087336,9.354776554727188
ZCP4_0193,7.694605718871837,8.04778448613905
ZCP4_0194,9.93198639173311,9.75589797100513
ZCP4_0195,8.40551550714138,7.627819595350685
ZCP4_0196,8.08706460753201,7.138195284915297
ZCP4_0197,5.901374293226125,6.441252266703125
ZCP4_0198,9.10889344260832,9.026963751899443
ZCP4_0199,7.082368195464381,7.874674648343757
ZCP4_0200,7.527568312313529,7.6243082476138895
ZCP4_0201,9.990910624639456,9.627662546898662
ZCP4_0202,9.448546778716446,9.252732658854455
ZCP4_0203,7.541276266836659,6.9522078043040105
ZCP4_0204,7.4031507190381465,7.07324754593565
ZCP4_0206,7.251011592566932,7.628121604586342
ZCP4_0207,8.089201850754991,7.610407947583787
ZCP4_0209,9.597812443762974,9.987859893470677
ZCP4_0210,7.609348776623254,8.112255868588663
ZCP4_0211,7.36394685376802,6.9783458137265955
ZCP4_0212,6.417687919665133,6.3619639224223565
ZCP4_0213,6.297653055819877,5.389080794454811
ZCP4_0214,6.346566556777721,6.077372604819991
ZCP4_0216,5.546507055977342,5.482901972268477
ZCP4_0217,9.172058741825913,9.865916339257973
ZCP4_0218,7.060763004982945,6.577665853538684
ZCP4_0219,4.410748492130708,5.182640728309079
ZCP4_0220,9.650009392908467,9.560111434297902
ZCP4_0221,10.90401841798652,10.71248720745277
ZCP4_0222,3.948593969440423,4.881383310333846
ZCP4_0224,5.569699591006823,6.484920892077362
ZCP4_0225,6.352995851679755,6.791820068922432
ZCP4_0226,9.160515993965184,8.593621579069344
ZCP4_0227,5.933839732623817,5.862276051662689
ZCP4_0228,5.241794120981066,5.597412687104779
ZCP4_0229,8.176119205297688,9.426961592909805
ZCP4_0230,5.757875346587902,6.50120339077735
ZCP4_0231,7.018096745019395,6.9131903611595975
ZCP4_0232,7.356294473324986,7.016038726688346
ZCP4_0233,7.81696559735187,7.390106504732932
ZCP4_0234,7.582138030997967,6.9845290000103395
ZCP4_0235,8.0148310975114,7.981558925466947
ZCP4_0236,6.3935667297450935,6.637616333023694
ZCP4_0237,7.657671232292763,7.396394623003882
ZCP4_0238,7.123485824940321,7.728462174251684
ZCP4_0239,6.524749429346441,7.439040061235032
ZCP4_0240,6.847957693291778,6.8800351698686715
ZCP4_0241,5.27351803834461,5.873173188703003
ZCP4_0242,4.407548429308938,4.963750144446791
ZCP4_0243,3.9936500944319784,5.263934921002495
ZCP4_0244,1.375112162925317,1.491539536708041
ZCP4_0245,5.626261444846655,5.2686865990211675
ZCP4_0246,7.338085656035791,6.612906853727576
ZCP4_0247,11.735930293734201,9.661470210818848
ZCP4_0248,11.257700995683251,9.260898102002212
ZCP4_0249,10.273237331398045,9.234189287899735
ZCP4_0250,10.706858801451235,9.557463821871616
ZCP4_0251,8.952806695679083,7.895481303303245
ZCP4_0252,7.648100777058268,7.88167024226248
ZCP4_0253,6.390285910254296,6.571203464306348
ZCP4_0254,7.440775749844615,7.082078949661106
ZCP4_0255,10.620500904298314,10.67632252727308
ZCP4_0257,7.078516128858189,6.9045820765534875
ZCP4_0258,7.606618698201312,7.2802873126227485
ZCP4_0259,8.070238869272677,7.922347557770988
ZCP4_0260,3.625026673370251,3.576204121466115
ZCP4_0261,6.745230221412763,7.892004915458319
ZCP4_0262,7.944785705751256,9.25119006668186
ZCP4_0263,7.5568804428541245,8.952952362893084
ZCP4_0264,6.993798260086186,8.947391994050474
ZCP4_0265,1.8733673590726134,3.1246552342402762
ZCP4_0266,12.157323551927243,13.359445067881337
ZCP4_0267,8.504556714229368,7.640510673673042
ZCP4_0268,8.239695552978612,6.889585345801638
ZCP4_0269,6.574128271277371,5.280313798089223
ZCP4_0270,5.408317190616841,6.6767973593357075
ZCP4_0271,4.552856796814058,5.309058197944024
ZCP4_0272,10.966913163640008,9.568280932787655
ZCP4_0273,8.101992101683898,7.330808556961423
ZCP4_0274,8.197062097256754,7.510833033429736
ZCP4_0275,8.549075384527134,7.994056596593639
ZCP4_0276,7.59726065510929,7.51094406102032
ZCP4_0277,2.4042315075609997,4.7100975856266825
ZCP4_0278,7.882138374725349,6.74730487425786
ZCP4_0279,7.816598202465889,7.772721898848489
ZCP4_0280,6.6210176389638296,7.069310189567396
ZCP4_0281,3.108487816233689,4.149562508519663
ZCP4_0283,3.539266994743059,5.244033334608633
ZCP4_0284,8.906016801779039,7.08188495510243
ZCP4_0286,8.437319713466097,8.227035364064175
ZCP4_0287,11.273030622893712,12.384927982706921
ZCP4_0288,9.406764776897862,9.038952447128217
ZCP4_0289,7.312565060567472,7.01031464780166
ZCP4_0290,6.454930364401988,6.025962953411066
ZCP4_0291,7.295599585464016,7.392890990808548
ZCP4_0292,9.073807609172652,9.31649640766541
ZCP4_0293,10.869712145186837,11.360827529711896
ZCP4_0294,8.092265899856203,7.976966453606606
ZCP4_0295,7.25011985547928,7.533561386340287
ZCP4_0296,7.0381874397830115,7.121304589729007
ZCP4_0297,9.561144163524682,9.783291309268334
ZCP4_0298,9.323223677191304,7.364824330015129
ZCP4_0299,8.15052026056642,6.373685639562996
ZCP4_0300,8.371645787876483,8.191838969522829
ZCP4_0301,7.62716450783015,7.819807869269279
ZCP4_0302,7.744388170829737,7.698786189364844
ZCP4_0303,8.18254127077098,8.353764281882341
ZCP4_0304,9.836720534138726,8.654959574295772
ZCP4_0305,6.272729383381789,4.836933105933254
ZCP4_0306,4.847926818691386,3.793425918859518
ZCP4_0307,7.331192578896984,9.37746149261849
ZCP4_0309,7.128406342006691,8.125896984934487
ZCP4_0310,8.003528933730065,6.795153181039283
ZCP4_0311,6.038496288783984,6.567230098744728
ZCP4_0312,8.445698738962642,8.528370686969089
ZCP4_0313,6.378874372579337,6.42497380816486
ZCP4_0314,7.199757072858599,7.411457254417228
ZCP4_0315,7.3972797576832185,6.42089728029479
ZCP4_0316,7.4281921233632735,6.307165340779429
ZCP4_0317,7.608912812168901,6.521341382648553
ZCP4_0318,5.125736330616524,5.6215235405413955
ZCP4_0319,7.707151904104119,7.667718505813549
ZCP4_0320,4.377027332240359,4.281573796047045
ZCP4_0321,6.976784392812401,7.760054127834801
ZCP4_0322,13.692263381420947,13.89314639080766
ZCP4_0323,8.646469482327095,8.44754166171001
ZCP4_0324,11.58296349144631,11.323258255345348
ZCP4_0325,3.1912759663308483,3.8668254999015406
ZCP4_0326,12.05212228887695,14.649894218224953
ZCP4_0327,10.237542138835506,8.736002970422993
ZCP4_0328,8.099955732115857,8.73855077896241
ZCP4_0329,10.77313011784983,10.07737115407442
ZCP4_0330,7.853089623612953,7.086769711047157
ZCP4_0331,6.517113577371428,5.974859758054194
ZCP4_0332,6.5421650687158195,6.920790323378016
ZCP4_0333,2.945312421883447,3.7549637289345847
ZCP4_0334,3.9495366057558043,3.637928731223691
ZCP4_0335,3.2007755505848645,3.262853194125494
ZCP4_0336,9.86448413853731,8.794199296499665
ZCP4_0337,3.876378700341082,3.8242082278703218
ZCP4_0338,1.7548823268674347,1.6598640328734988
ZCP4_0339,8.351072976683977,9.647034758976542
ZCP4_0341,4.804831851396776,3.11425841291074
ZCP4_0342,8.731282502709968,7.911608501071694
ZCP4_0343,10.005554949894229,9.35004684849957
ZCP4_0344,9.051095288739672,7.97582838976737
ZCP4_0345,7.125561557626634,6.678016734666116
ZCP4_0346,7.342949929249638,6.219969400693458
ZCP4_0347,6.95049956820265,5.864486846798953
ZCP4_0348,3.921834067939064,4.292465258811058
ZCP4_0349,5.267165947545546,5.472161775755355
ZCP4_0350,5.794089357072253,4.967305709762558
ZCP4_0351,7.377435438776771,6.688675139214606
ZCP4_0352,7.438452820443593,7.132403746801675
ZCP4_0353,8.330134510368115,7.213445419325202
ZCP4_0354,5.825337322195096,5.144218775260757
ZCP4_0355,7.070939780686431,6.600360541146552
ZCP4_0356,5.043240909804351,5.260374806794491
ZCP4_0357,5.135641073182036,4.9219014849118565
ZCP4_0358,5.68645152877136,5.32367924915728
ZCP4_0359,5.306171336397583,5.095401717127554
ZCP4_0362,5.9852468701318955,5.292478953933973
ZCP4_0363,5.242810508999758,5.512975609746863
ZCP4_0364,4.215644993985665,3.7573805664649207
ZCP4_0365,10.25877748266313,10.851725652356258
ZCP4_0366,11.657203046016772,12.34862667243994
ZCP4_0367,7.888521971246246,6.003034545828876
ZCP4_0368,10.595377780006695,9.366455034445702
ZCP4_0370,8.42267826895155,8.063167653946218
ZCP4_0372,7.453695193958238,7.776593065589241
ZCP4_0374,5.58152792085752,6.528253516564066
ZCP4_0375,4.283034229202415,5.738868596489925
ZCP4_0376,5.386129478346191,5.972894500630372
ZCP4_0377,4.584760100688263,5.064100285589103
ZCP4_0378,5.774388510335225,5.6214135619477785
ZCP4_0379,4.610299491319423,4.7640343569155625
ZCP4_0380,8.000330721875352,8.429020727318735
ZCP4_0381,4.748583811932073,4.777698724855037
ZCP4_0382,3.064592111010884,4.674345032842534
ZCP4_0383,2.960653064839536,3.7922948627296647
ZCP4_0384,2.878378310805524,3.9490145455158854
ZCP4_0385,3.23914832402723,3.822281735614483
ZCP4_0386,5.471594500498879,5.480490895508308
ZCP4_0387,7.135013899254639,7.483706731511239
ZCP4_0388,9.419485901140714,9.350144649812227
ZCP4_0389,7.61037162852696,8.72200193593297
ZCP4_0390,7.825840988450417,8.1859422235291
ZCP4_0391,9.061581954196585,8.823437495761072
ZCP4_0392,6.615842444748535,6.506614976109094
ZCP4_0393,6.63746225098864,6.5213566549404405
ZCP4_0394,7.08148569757423,8.953773630675492
ZCP4_0395,6.361528218879151,6.807738930594228
ZCP4_0396,9.728520286775126,9.533583314200321
ZCP4_0397,9.033489039790817,9.256341507259522
ZCP4_0398,0.0,0.8290569895943587
ZCP4_0399,10.648267190861723,11.488523752230577
ZCP4_0400,6.6380913169283255,8.607352216818342
ZCP4_0401,8.424491298974873,7.785986721334597
ZCP4_0402,8.60049529685044,8.392113776689303
ZCP4_0403,5.529101179739994,5.977510780338456
ZCP4_0404,0.0,0.0
ZCP4_0405,0.0,0.0
ZCP4_0406,0.8563466173551408,1.1701397090345893
ZCP4_0407,2.228862353858724,2.720141448082199
ZCP4_0409,7.587781493247689,7.122971895401482
ZCP4_0410,8.879155070249748,7.688165661739627
ZCP4_0411,5.236290221043486,6.593125394384007
ZCP4_0412,8.530050125589282,9.730178424316374
ZCP4_0413,2.2402272157162506,4.24412620610449
ZCP4_0414,5.882950430908715,5.871698644569139
ZCP4_0415,8.105844400448722,8.428042617669758
ZCP4_0416,7.365387586116923,7.182919114867353
ZCP4_0417,8.97587753773123,7.895656536783978
ZCP4_0419,6.2466329391506905,7.3464624844880735
ZCP4_0420,5.562201855465149,5.91093804558748
ZCP4_0421,4.000232070528228,4.832375176074728
ZCP4_0422,4.285733719037288,5.425629953080556
ZCP4_0423,7.946454721967372,6.865882757864751
ZCP4_0424,7.1560751300124075,8.989618333715153
ZCP4_0425,4.935199887318781,7.298832827278252
ZCP4_0426,4.91533553054386,4.8243545202151825
ZCP4_0427,6.809103473600956,11.332781712468044
ZCP4_0428,10.67518631957188,8.797195028302413
ZCP4_0429,9.484130089915798,7.6059438782886595
ZCP4_0430,6.906639450364069,6.679652239900821
ZCP4_0432,5.1580731328516025,5.840587385785398
ZCP4_0433,8.939105211618063,8.822160437359065
ZCP4_0434,7.085697611407298,7.017322487386214
ZCP4_0435,8.976709057151938,8.634811523799847
ZCP4_0436,8.603106657354932,8.017667530158214
ZCP4_0437,9.625655842371755,9.17901916355543
ZCP4_0438,5.401136641449799,6.764888339376175
ZCP4_0439,6.500449691753309,6.166984016758219
ZCP4_0440,6.169791232835128,6.060470887092253
ZCP4_0441,7.423179607217049,7.362253971860148
ZCP4_0442,7.490491612315647,7.462562167861094
ZCP4_0443,7.099621042942237,7.142883285006595
ZCP4_0444,7.402639410143907,6.748760115560852
ZCP4_0445,8.353061634254566,6.261701890189027
ZCP4_0446,6.537563018450232,6.443723057990847
ZCP4_0447,6.720931511274098,5.978972786302888
ZCP4_0448,7.643065900227159,6.2877622098759405
ZCP4_0449,10.851047528432112,11.503187418429297
ZCP4_0450,5.115896760054735,5.761105324732212
ZCP4_0452,5.7317988276265925,6.239288842689735
ZCP4_0453,5.322343426015276,5.169754883459722
ZCP4_0454,9.618200608760464,8.589373285656935
ZCP4_0455,8.841579381039114,8.31224574261328
ZCP4_0456,8.61031543499662,7.706547297831954
ZCP4_0457,6.734935657739159,6.287837984910787
ZCP4_0458,7.989253919594746,7.631448579184331
ZCP4_0459,6.315154185587329,5.786549040761209
ZCP4_0460,10.430707258847898,10.020375105708474
ZCP4_0461,7.197283185137673,7.43793182965801
ZCP4_0462,2.7977628683475757,3.8294568734755647
ZCP4_0463,8.694069990485566,8.023530152176782
ZCP4_0464,7.321307115265187,6.810367050112707
ZCP4_0465,8.272816822187353,7.065791974550877
ZCP4_0466,8.22382045187491,7.585831736446646
ZCP4_0467,7.974509102286884,7.598781961267506
ZCP4_0468,5.319563454244243,5.9297508732314
ZCP4_0469,4.774924296964209,4.845616598562858
ZCP4_0470,6.216888784154932,5.701780838300784
ZCP4_0471,9.756474926698333,9.1711435643583
ZCP4_0472,7.618984946497484,7.476371762599769
ZCP4_0473,7.17667711321776,7.088735613289424
ZCP4_0474,7.129989471979228,7.025782823541224
ZCP4_0475,7.520859552377977,7.665662732615106
ZCP4_0476,6.325401127657286,5.706610496988707
ZCP4_0477,6.944749287018288,6.771132833870631
ZCP4_0478,5.634792685353455,5.61735183402268
ZCP4_0479,6.517313257071612,6.6797483883758435
ZCP4_0480,7.215953878967118,6.532692962137988
ZCP4_0481,7.3280470846444405,6.736184151952762
ZCP4_0482,6.464932155947757,5.726747697784705
ZCP4_0483,7.342491030519652,6.6598274084217595
ZCP4_0484,8.86886429854556,8.544944746297205
ZCP4_0485,6.6563366934364865,6.610518257881323
ZCP4_0486,6.7770736434211765,7.472055952758893
ZCP4_0487,7.493782224699623,6.941346352126571
ZCP4_0488,7.678911025165535,7.038436102984184
ZCP4_0489,6.8258493771614095,6.232909737931879
ZCP4_0490,7.582427771743466,7.346067381419621
ZCP4_0491,7.113452721742939,7.0234447295237326
ZCP4_0492,6.10065314090009,6.150440714369115
ZCP4_0493,5.798738209471973,5.750332921637292
ZCP4_0494,6.15305119734996,6.990896645996119
ZCP4_0495,4.951554876931257,4.882529015069931
ZCP4_0496,6.04054830153704,6.105077708055317
ZCP4_0497,4.674538327456271,4.899522569365395
ZCP4_0498,6.467636523512082,5.502006569646204
ZCP4_0499,6.631572961965776,6.630460613053172
ZCP4_0500,5.391819447496912,5.655080533798466
ZCP4_0501,5.511224247721408,5.774756533748
ZCP4_0502,4.346666942709298,3.8089696493790823
ZCP4_0503,5.597095901245789,5.187176612248996
ZCP4_0504,3.649915870858749,4.051089022709667
ZCP4_0505,2.854274090244669,4.091427433786662
ZCP4_0506,4.474020825270363,6.849232497411363
ZCP4_0507,5.8173776279846265,5.188917515040233
ZCP4_0508,0.5207438211690549,3.8910537677428523
ZCP4_0509,2.8321348158491095,4.542037176136403
ZCP4_0510,5.4061461573779255,5.285231506636082
ZCP4_0511,0.0,0.49966297145970906
ZCP4_0512,8.130523691488062,7.169277970385496
ZCP4_0513,9.0294876042683,7.838405523962566
ZCP4_0514,4.55011089360078,5.445308549248738
ZCP4_0515,5.265606303939387,7.318701917510146
ZCP4_0516,6.6761921059643345,6.68555054323192
ZCP4_0517,6.102285860303855,6.0829974032444225
ZCP4_0518,7.140831124168525,6.672572117321965
ZCP4_0519,6.949488189590219,6.638029632760229
ZCP4_0520,10.391312376175275,8.961784334091396
ZCP4_0521,8.796794108203164,7.557514575833942
ZCP4_0522,9.08107437675844,8.60591761488561
ZCP4_0523,7.832263648274834,7.074970783068165
ZCP4_0524,5.7680577762708625,4.833083415680021
ZCP4_0525,6.452269478605412,5.990739194865152
ZCP4_0526,6.822124005881464,6.652300396022156
ZCP4_0527,5.905246044991156,6.692030386191098
ZCP4_0528,8.185945538705742,7.423009175974299
ZCP4_0530,6.209448276846019,6.518614351368583
ZCP4_0531,9.864723870094236,9.975022599216981
ZCP4_0532,5.928756658176849,5.722892215977067
ZCP4_0533,6.599244272116133,5.985083050033289
ZCP4_0534,5.583836705925112,6.835962582647184
ZCP4_0535,7.035299219857465,6.705189677449592
ZCP4_0536,6.3431246968258685,6.713746890650994
ZCP4_0537,9.001586306421826,8.59147788768059
ZCP4_0538,7.047694930225527,7.254297602485286
ZCP4_0539,7.241269700543356,7.925180461167144
ZCP4_0540,8.373866802083116,8.738726481513146
ZCP4_0541,8.636104545208292,8.95336135275105
ZCP4_0542,7.958122595173367,7.925406505577337
ZCP4_0543,6.427094527953838,6.411834918264645
ZCP4_0544,6.327157825094015,6.101379846637581
ZCP4_0545,11.017645533985668,11.739363599828517
ZCP4_0546,11.716401931664679,12.779365582528259
ZCP4_0547,6.0587880760788755,5.473569874146526
ZCP4_0548,5.830192473144913,5.223430300335152
ZCP4_0549,7.245476886165875,7.9260701628254875
ZCP4_0550,9.48738367173072,10.029024063798662
ZCP4_0551,8.76845852354331,10.53483074156713
ZCP4_0552,6.941715270581434,6.05359202487862
ZCP4_0553,8.09270156846346,7.237820729892774
ZCP4_0555,4.538768810194289,5.442533690524354
ZCP4_0556,3.8511572997176953,4.3244514283231155
ZCP4_0557,7.103785733486949,6.852488719477363
ZCP4_0558,12.222244256383215,12.829192795809197
ZCP4_0559,8.185063721766202,8.60837149386151
ZCP4_0560,7.985708041865818,7.294142451111772
ZCP4_0561,8.783385726656475,8.268969701423924
ZCP4_0562,7.478218399601616,6.416244528832014
ZCP4_0563,8.066664924643248,6.492406587665947
ZCP4_0564,7.942733083281105,6.91604494040143
ZCP4_0566,11.275014835410825,11.067853706969055
ZCP4_0567,11.37762426701468,10.995473794501189
ZCP4_0568,12.849322086285797,11.798834548215726
ZCP4_0569,12.635290340248345,11.51603248105489
ZCP4_0570,11.47221903993366,11.013091884169063
ZCP4_0571,11.64298091416995,11.460415375442201
ZCP4_0572,10.287487969278038,9.072065663803667
ZCP4_0573,11.496446566989157,10.139123331124257
ZCP4_0575,9.12313751605513,9.223633294735496
ZCP4_0576,9.379324155729583,9.590159204521802
ZCP4_0577,8.889757832241427,8.61373443823552
ZCP4_0578,5.597095901245789,6.3359764397388
ZCP4_0579,1.4480046390217967,2.6029964023089356
ZCP4_0580,8.009003545815338,7.633819466131584
ZCP4_0581,7.961930207261112,7.265590913020329
ZCP4_0582,6.890513832110787,6.087620835252457
ZCP4_0583,6.124441146790302,5.800393444149148
ZCP4_0584,7.929578875038819,8.328325947934342
ZCP4_0585,6.65140880732562,6.670668355981258
ZCP4_0586,6.594441744185438,6.740802043729049
ZCP4_0587,8.1739797200297,7.51767206227458
ZCP4_0588,6.850416353308804,6.676677213573666
ZCP4_0589,8.04177706765828,7.674954001969181
ZCP4_0590,4.77311583682936,4.848370550833671
ZCP4_0591,6.867123997760321,8.077660334144271
ZCP4_0592,8.814262638408481,7.876578604428103
ZCP4_0593,4.418635004436373,5.257073248666017
ZCP4_0594,8.883987444508351,8.794161996959664
ZCP4_0595,2.924115838310292,4.346136299564203
ZCP4_0596,6.026755255634874,5.667521520290748
ZCP4_0598,4.062191382355272,4.31647230965188
ZCP4_0600,10.117787152113364,11.01630331118591
ZCP4_0601,9.637598143505993,10.593745914253867
ZCP4_0602,8.490859963462716,7.725514503662599
ZCP4_0603,7.0846071072277095,6.241542969081621
ZCP4_0604,8.929695702517673,9.425551467047644
ZCP4_0605,4.920292973609949,4.441468765511454
ZCP4_0606,8.304535984814686,6.190173797811879
ZCP4_0607,7.760567938416171,8.02804592943943
ZCP4_0608,7.731997754172087,7.28099552454904
ZCP4_0609,8.207913386529086,8.005410803293989
ZCP4_0610,7.80569537698433,7.602767773133882
ZCP4_0611,8.327359626602286,8.312314120427025
ZCP4_0612,5.302224382658995,5.775787513182181
ZCP4_0613,6.674308120199429,7.16300635613378
ZCP4_0614,5.796963132599891,7.623946696876596
ZCP4_0615,7.018973343113647,6.50408241867213
ZCP4_0616,9.042255691919799,9.076403661479636
ZCP4_0617,7.6145975654760925,7.671941140392813
ZCP4_0618,5.31962624611437,6.125155250030504
ZCP4_0619,6.1466853702223805,6.288453546703225
ZCP4_0620,5.788889742964178,6.577905385493546
ZCP4_0621,12.2298425322044,12.174207652676383
ZCP4_0622,12.05220344549111,11.803674767218059
ZCP4_0623,13.464495587769745,13.520772175624394
ZCP4_0624,12.649654116900582,12.614257417340792
ZCP4_0625,12.644783552762085,12.85494188388787
ZCP4_0626,10.48298782740417,11.580420061453538
ZCP4_0627,10.6403084161711,11.944066154834571
ZCP4_0628,6.065703441630924,6.135149852340491
ZCP4_0629,5.6847608863461705,5.338291137686831
ZCP4_0630,8.209888611903983,7.254987825326627
ZCP4_0631,8.633268195933177,9.413730558828865
ZCP4_0632,11.46224269932628,12.934943132294805
ZCP4_0633,8.827192765758573,8.357982148417065
ZCP4_0634,5.504383024213151,5.89523710704562
ZCP4_0635,5.539661835556589,6.273974263817687
ZCP4_0636,9.301485019754029,7.998634494996504
ZCP4_0637,5.676386227409433,4.448124851738019
ZCP4_0638,7.236012618180063,7.08771206631499
ZCP4_0639,8.374701124517548,7.7086532615035
ZCP4_0640,10.172106943282499,9.596411565197325
ZCP4_0641,8.214095835753476,8.119827598589595
ZCP4_0642,7.218852409228507,7.68059506688836
ZCP4_0643,7.322725637263846,7.754717002957435
ZCP4_0644,7.2153603859254165,7.424173209963649
ZCP4_0645,6.334839582527919,5.75219063294918
ZCP4_0646,8.027915943917804,7.369611667239598
ZCP4_0647,8.534838292960028,8.161749069794622
ZCP4_0648,7.949057251786454,7.7227692376192705
ZCP4_0649,7.278643479466288,6.962698603366558
ZCP4_0650,6.5236625162280095,6.501605617431598
ZCP4_0651,8.120505285775254,7.535325320119598
ZCP4_0652,8.167796727306149,7.387999100804293
ZCP4_0653,8.469422840347002,7.803845139928886
ZCP4_0654,8.312137716002216,5.545075938197403
ZCP4_0655,9.074792404508498,6.129239612978312
ZCP4_0656,9.998495361779499,6.80028828234931
ZCP4_0657,10.6836232854612,8.126947860720815
ZCP4_0658,7.0554441247947,6.855723212527682
ZCP4_0659,0.0,0.0
ZCP4_0660,0.0,0.0
ZCP4_0661,8.752062794000546,7.166778121309268
ZCP4_0662,8.82165861852222,7.293048996748498
ZCP4_0663,9.20859440529299,7.523206748670162
ZCP4_0664,7.151714518653418,6.824041211087111
ZCP4_0665,8.429547310410511,8.062573196161496
ZCP4_0666,7.902053224964949,7.078589030364052
ZCP4_0667,5.533112119678963,5.604520826321589
ZCP4_0668,5.9734179853859715,5.74414612884473
ZCP4_0669,11.365336741570948,8.86283945888911
ZCP4_0670,10.927919410194392,8.573240762927053
ZCP4_0671,10.69497114655798,8.887946371598144
ZCP4_0672,7.588715279256814,6.321994462730722
ZCP4_0673,9.808323265576213,8.82034363478871
ZCP4_0674,8.345628779883036,7.319637491510535
ZCP4_0675,8.079845781729455,7.057585614610465
ZCP4_0676,8.177095854252702,7.473819032037557
ZCP4_0677,6.351688401666116,6.828520171858436
ZCP4_0678,6.918359495419519,7.287202504572262
ZCP4_0679,7.058869680205685,7.900008892870258
ZCP4_0680,7.81520713236288,7.945176397554797
ZCP4_0681,7.176608112887032,7.181102168006907
ZCP4_0683,4.9611721522296826,5.935791218018206
ZCP4_0684,8.97002960779973,8.230714233871659
ZCP4_0685,8.339476380187671,8.587159031213535
ZCP4_0686,7.7627420240260125,7.760134510601824
ZCP4_0687,9.944557784054167,8.885927574580382
ZCP4_0688,9.578008048772142,7.8728031800844
ZCP4_0689,9.123791827583332,7.538260170029431
ZCP4_0690,6.709649126232603,7.4861500613742065
ZCP4_0691,6.843017619849369,7.399007857416112
ZCP4_0692,5.147131460702903,4.942550468618235
ZCP4_0693,6.726021606468339,6.256550871131778
ZCP4_0694,8.918022933277445,9.070330080901307
ZCP4_0695,8.281705100867399,7.801730287397846
ZCP4_0696,9.205451084462172,8.192421388068903
ZCP4_0697,9.06997102529829,8.50971669907403
ZCP4_0698,7.760682792603142,7.374585403695749
ZCP4_0699,7.6701217148720175,7.496396158062011
ZCP4_0700,7.351819810830269,7.009804292094041
ZCP4_0701,7.066751849757903,6.263962343659553
ZCP4_0702,7.624631314845764,6.509069173131337
ZCP4_0703,5.6037531626978865,4.880431305721359
ZCP4_0704,7.620685000555658,6.712031035670128
ZCP4_0705,6.1360827580488575,6.461961370914154
ZCP4_0706,6.265487691958835,6.618579270222007
ZCP4_0707,8.405035793776733,8.694732990396094
ZCP4_0708,7.161709731073866,7.252242678020508
ZCP4_0710,7.6578280259761895,7.334516248441616
ZCP4_0711,6.122962885375019,5.528872013535278
ZCP4_0712,5.860048326478855,4.989137756818641
ZCP4_0713,8.465418529051908,8.146116164320778
ZCP4_0714,3.8578233882966333,5.395494632213792
ZCP4_0715,6.424679163153164,6.868094300984421
ZCP4_0716,6.878246514745559,6.977696737076168
ZCP4_0717,9.133247647157361,8.371455918796016
ZCP4_0718,3.7927769589438234,4.6140220940783285
ZCP4_0719,6.209921067871969,5.975882910299952
ZCP4_0720,6.62144783048336,6.31027872084761
ZCP4_0721,9.124780915575245,10.689204810364782
ZCP4_0722,10.330179233015091,10.295944815357032
ZCP4_0723,9.811350580527714,9.804850671852329
ZCP4_0724,9.545474155480068,8.900755991716697
ZCP4_0725,5.163986166035109,6.74449979602017
ZCP4_0726,6.363472732797616,7.030418866103802
ZCP4_0727,9.67215184993248,9.229024336281434
ZCP4_0728,10.095927325379956,9.431338145444881
ZCP4_0729,10.093051885623511,8.638358319126679
ZCP4_0730,6.736150101188293,6.30665972744817
ZCP4_0732,5.815596208911977,8.046071799470184
ZCP4_0734,5.036122681390388,4.72083715350407
ZCP4_0735,5.6461482023723235,5.382536459818356
ZCP4_0736,8.082924761722362,7.431217297258727
ZCP4_0737,8.289613860231054,7.226362288608753
ZCP4_0739,11.17235753681825,10.170084845704949
ZCP4_0740,10.942334384675572,9.385406238060398
ZCP4_0741,11.313668413063215,9.585067975453068
ZCP4_0742,11.927597089278605,10.27192845244688
ZCP4_0743,8.930174367289732,7.4410895042894545
ZCP4_0744,9.541885958926246,7.799794438568108
ZCP4_0745,11.539214321137822,9.862169009648884
ZCP4_0746,9.596501458456247,8.91815029058574
ZCP4_0747,10.02503813389346,9.516440465377796
ZCP4_0748,10.505588720061093,10.19216538121159
ZCP4_0749,10.805055546365812,10.450027454332952
ZCP4_0750,11.09543525230294,10.652179205599593
ZCP4_0751,11.397767888710792,11.078646656079648
ZCP4_0752,11.48139991032473,11.19031083939154
ZCP4_0753,11.724807379579572,11.415287740674923
ZCP4_0754,12.016762634423527,11.652103103342455
ZCP4_0755,11.559507687326855,11.523257102205104
ZCP4_0756,11.814863502813143,11.81319270676285
ZCP4_0757,11.296446437782032,11.273423007114117
ZCP4_0758,11.660008525523207,11.37735110113118
ZCP4_0759,11.94928489000451,11.713871485628864
ZCP4_0760,11.941363591376058,11.641620456089559
ZCP4_0761,11.838904893500427,11.454458873514684
ZCP4_0762,11.798262961309238,11.535979424289378
ZCP4_0763,11.505998300968606,10.961190737113768
ZCP4_0764,12.025110463235404,11.406812095688869
ZCP4_0765,11.161750710289219,10.512699596740198
ZCP4_0766,13.566274318711516,12.835829093680607
ZCP4_0767,12.265406715446971,11.224609418359499
ZCP4_0768,12.28637862323211,10.553372664262954
ZCP4_0769,12.689230695128273,11.3155738322019
ZCP4_0770,6.723136368263684,6.806084448509043
ZCP4_0771,7.55196285651743,8.196938972971212
ZCP4_0772,8.92012663876295,9.868866792987072
ZCP4_0773,8.585442317114452,9.233483345526913
ZCP4_0774,8.479511493868884,8.658325796006311
ZCP4_0775,7.441586768917864,7.947935850740858
ZCP4_0776,7.75506329694036,8.059310328453398
ZCP4_0777,3.7328825788430327,3.066429503199389
ZCP4_0778,7.3566884073353735,5.309880258669335
ZCP4_0779,8.483439680026233,6.647253415801195
ZCP4_0780,5.778832877632471,6.015326845096814
ZCP4_0781,5.5902005350279005,5.0647136369867605
ZCP4_0782,5.595245642338795,5.389301216953398
ZCP4_0783,7.705936346067564,7.339348209637063
ZCP4_0784,6.914649193189344,6.380563340906602
ZCP4_0785,6.715798791681295,6.818253515215872
ZCP4_0786,5.617451843790528,6.453004026582102
ZCP4_0787,4.299684863012323,4.763846945942054
ZCP4_0788,5.898511150117917,5.61572837090645
ZCP4_0789,9.248636887113616,8.23306792337547
ZCP4_0790,9.025881682431057,8.319416808289153
ZCP4_0791,5.303496580337337,5.330106314238786
ZCP4_0792,4.186749035025082,5.382263597068349
ZCP4_0793,1.351900370999951,3.188749531216674
ZCP4_0795,5.770755438724126,5.9277414503935
ZCP4_0796,7.652315341039986,7.79204780160633
ZCP4_0797,6.8066324462906564,7.115409023831106
ZCP4_0798,8.018511889500996,8.136975644883659
ZCP4_0799,5.262354484434371,6.374963735009646
ZCP4_0800,7.954603516911604,7.110121354187879
ZCP4_0801,7.869795060236408,7.696898196595777
ZCP4_0802,5.877712779920677,6.314569851929062
ZCP4_0803,5.533343603124424,5.5468271947330905
ZCP4_0804,6.275056654118901,6.98741301770601
ZCP4_0805,9.049222184197612,9.91545746664752
ZCP4_0806,6.830265109199816,6.786215613259998
ZCP4_0807,6.204721865954438,6.302465190256657
ZCP4_0808,9.101073236819271,9.016567326671469
ZCP4_0809,9.782294729717488,9.886815973569592
ZCP4_0810,9.761007069781238,9.592258876493759
ZCP4_0811,8.775078360193556,9.079736807061238
ZCP4_0812,7.032609870346655,7.524455607343815
ZCP4_0813,7.7393314612597335,8.31410408595221
ZCP4_0814,7.8821547949593995,6.760908378386056
ZCP4_0815,9.244484548518136,7.9784175806526205
ZCP4_0816,8.30994673442893,8.095057268266673
ZCP4_0817,9.208800247420367,7.973078196192452
ZCP4_0818,8.01062676466382,7.185557145098584
ZCP4_0819,7.599829594759421,6.510423216562227
ZCP4_0820,6.754686395588886,6.757747115820814
ZCP4_0821,5.198038393585625,5.107569565793028
ZCP4_0822,7.392898537473412,7.0110621232801
ZCP4_0824,7.2248778293451235,7.446221559054894
ZCP4_0825,7.4970784553457746,6.799422031672445
ZCP4_0826,9.099152088351248,8.091030724138271
ZCP4_0827,10.00512868109398,9.26922532237974
ZCP4_0829,10.390473927718674,7.778431132262849
ZCP4_0830,4.584280958652993,4.014100531520043
ZCP4_0831,7.155457004157162,6.314326184760411
ZCP4_0832,6.987632613856333,6.30463130292544
ZCP4_0833,7.274201167722258,6.739199458671101
ZCP4_0834,10.27662060415039,9.364853242983362
ZCP4_0835,9.52766206225659,9.18773494291471
ZCP4_0836,9.371099710497752,9.581060214991854
ZCP4_0837,9.663856839354429,10.1498050173411
ZCP4_0838,8.138088885674183,7.23378323263371
ZCP4_0839,8.461277694964727,7.604706028868679
ZCP4_0840,8.126695982236857,7.194173777705895
ZCP4_0841,5.3605995702186116,5.937409512330639
ZCP4_0842,11.205655410715478,12.192147755100622
ZCP4_0843,7.2145695942413175,6.185189143032038
ZCP4_0844,7.466806512957751,7.395458922194552
ZCP4_0845,9.168640944627128,8.859545321900493
ZCP4_0846,8.162955188727674,8.589744013436917
ZCP4_0847,8.319972060188311,10.247548647229573
ZCP4_0848,7.115598466150564,8.67943447794397
ZCP4_0849,7.012305481441018,7.889220726770473
ZCP4_0850,6.487936824801986,7.3098269116913865
ZCP4_0851,5.3476662459818165,6.285165946093717
ZCP4_0852,6.5471490390992315,7.814223658070495
ZCP4_0853,6.485443233368236,8.560332193131366
ZCP4_0854,8.651093983058475,8.5657712668864
ZCP4_0855,5.380598676397211,5.071783554124366
ZCP4_0856,6.931506806590437,7.0135042953931555
ZCP4_0857,6.93978843364332,7.598273173552041
ZCP4_0858,4.680611763565167,5.384308810866472
ZCP4_0859,6.032771625469175,6.104958957957781
ZCP4_0860,8.035276016371341,7.45214761948666
ZCP4_0861,8.082198286411138,7.849526685208377
ZCP4_0862,7.674382924827027,6.446528044246874
ZCP4_0863,6.593361335662976,6.4045318464466074
ZCP4_0864,7.504251496251884,7.117206394663893
ZCP4_0865,9.628295436080807,8.939546804411172
ZCP4_0866,9.96816564158546,9.5692208275244
ZCP4_0867,9.375067672783489,10.186795600386748
ZCP4_0868,6.823988628797169,5.411461014284735
ZCP4_0869,10.522778217493295,12.073270514334629
ZCP4_0871,7.096430716369056,7.595920933212492
ZCP4_0872,6.660438383748585,6.48205430715421
ZCP4_0873,4.1576581238399655,5.319752140545812
ZCP4_0874,4.413812447238053,5.737700685772385
ZCP4_0875,3.137893717638319,4.319020624346905
ZCP4_0876,3.7727074146728983,3.396803197598659
ZCP4_0877,3.8397577760152055,3.556047972248522
ZCP4_0878,3.5472849264927953,4.735067066699048
ZCP4_0879,5.098410234517503,6.062466265897241
ZCP4_0880,3.9851268727332436,4.119339426330411
ZCP4_0881,3.0946535246372893,3.5050842967628206
ZCP4_0882,4.552620394982533,4.833182655223004
ZCP4_0883,3.750445545891098,4.047771012092045
ZCP4_0884,3.707389992110037,4.797413463372369
ZCP4_0885,2.1010182856548596,3.7778370441739444
ZCP4_0886,4.470188429271373,5.684702485755845
ZCP4_0887,9.295976774839144,10.059439194805925
ZCP4_0888,2.317507232498641,4.737060692522274
ZCP4_0889,3.2094559592852954,4.796781424018785
ZCP4_0890,5.0972911235829885,6.179491398970168
ZCP4_0891,4.04075744649945,5.600098293399497
ZCP4_0892,2.5062282262954843,4.158000294056479
ZCP4_0893,2.2689299047156677,3.2019074943091046
ZCP4_0894,4.631844236520098,5.921448595449115
ZCP4_0895,9.685234073926527,11.223406532242654
ZCP4_0897,3.364241525385074,4.271711940099373
ZCP4_0898,6.954627534237784,7.237731235226629
ZCP4_0899,4.03500430291833,5.501579393720414
ZCP4_0900,1.4974885419452422,2.2973447431880922
ZCP4_0901,5.183329127506919,5.072456773071872
ZCP4_0902,3.63626058062081,3.8668254999015406
ZCP4_0903,11.665936996852208,11.778051956052494
ZCP4_0904,11.718521621924834,11.830409926505991
ZCP4_0905,11.986576636531327,11.267339778127816
ZCP4_0906,13.444885857967805,12.916428476358293
ZCP4_0907,6.152931406119589,6.225917298922272
ZCP4_0908,7.359767388557517,8.05298608669246
ZCP4_0909,7.3859527743028055,9.195510254573497
ZCP4_0910,6.078421404545497,4.978349287612443
ZCP4_0911,5.127260016923615,4.739051567202885
ZCP4_0912,5.17323545540722,6.003983565371589
ZCP4_0913,3.1154028575690083,3.235631265591297
ZCP4_0914,6.940063853671197,6.518027247266393
ZCP4_0915,9.700259334022812,9.068394110068645
ZCP4_0916,7.170914737847916,7.604131768530347
ZCP4_0917,7.157261425756852,7.353893689506043
ZCP4_0918,7.4410906389324145,7.629574929782626
ZCP4_0919,4.36018504973487,5.09381542368968
ZCP4_0920,6.795018926095915,7.410933495355561
ZCP4_0921,8.01430447008277,8.278259414941227
ZCP4_0922,9.376276395611367,9.74706554988572
ZCP4_0923,9.584927422522888,10.842909532031
ZCP4_0924,6.47716693377195,5.806340211812481
ZCP4_0925,5.778552734989605,6.349007958168937
ZCP4_0926,9.198498111093267,8.36443956271854
ZCP4_0927,6.457474993164912,7.335587069763379
ZCP4_0928,9.031286284029706,7.721829272567315
ZCP4_0929,6.0325464638083774,6.795354533808511
ZCP4_0930,9.005442332877156,8.986148670652948
ZCP4_0931,5.511868424772102,5.269276103080795
ZCP4_0932,6.999239310293701,7.190024735794725
ZCP4_0933,6.7023170882070495,6.09664355680761
ZCP4_0934,10.885995117502208,9.755595635524108
ZCP4_0935,8.225146489848804,6.6937415522463635
ZCP4_0936,9.633992648912118,8.625494234739572
ZCP4_0937,7.603507507393379,7.54043723319658
ZCP4_0938,7.275654259045188,7.4011201518609635
ZCP4_0939,8.765278761251873,8.350957879576915
ZCP4_0940,7.346568051943317,7.040139525885525
ZCP4_0941,8.39870769500351,8.239004289373886
ZCP4_0942,6.416160471791368,5.742673892880971
ZCP4_0943,5.766420574272599,5.37864246106507
ZCP4_0945,5.844434493474398,7.651567066985165
ZCP4_0946,8.338784752351627,9.715118551783224
ZCP4_0947,6.1395639314293735,6.729711642094049
ZCP4_0948,5.322701029352064,6.2100574781818665
ZCP4_0949,7.682868436430898,8.703718965207788
ZCP4_0950,6.384012541750227,7.044061814241837
ZCP4_0951,7.402896591091688,8.39417358419961
ZCP4_0952,7.827666059879402,8.54209507985031
ZCP4_0953,4.156640998911034,5.079842808669693
ZCP4_0954,6.13765290868813,6.325925057955188
ZCP4_0955,5.955706213818955,6.411623711739393
ZCP4_0956,4.273629526648634,4.417073859807661
ZCP4_0957,3.4141197548724795,3.825518329029776
ZCP4_0958,3.5207619468250604,4.107857817819567
ZCP4_0959,7.245792940390767,6.652305674622534
ZCP4_0960,6.797988224319008,5.76331449093979
ZCP4_0961,8.649951001796877,9.23937327684186
ZCP4_0962,9.672405429827979,9.494553161985017
ZCP4_0963,5.396913101829656,5.41602732486259
ZCP4_0964,13.525640478519147,12.720067129528662
ZCP4_0965,6.027223643912304,6.432579555963538
ZCP4_0966,4.781341926328274,4.100553225487769
ZCP4_0967,6.551205871010333,8.426828920880135
ZCP4_0968,7.392170904740508,6.2440047715335085
ZCP4_0969,7.479442675941177,8.151095900871246
ZCP4_0970,5.7052027662654545,5.56711288534326
ZCP4_0971,6.803644968128549,6.073903432420691
ZCP4_0972,7.252475983911072,6.738584517572102
ZCP4_0973,6.244579749231125,6.433553552396264
ZCP4_0974,12.649981942027507,10.861099714235745
ZCP4_0975,8.7946420229724,7.164899238538789
ZCP4_0976,8.52636240418802,7.122217326759268
ZCP4_0977,6.68818737055862,5.8499600080576695
ZCP4_0978,6.48214258279719,7.661739120668959
ZCP4_0979,6.15563068309227,7.511728147719031
ZCP4_0980,8.882356863742558,8.786622187765357
ZCP4_0981,5.522015330925544,5.291358828325578
ZCP4_0982,6.047332265731638,7.131361479686926
ZCP4_0983,6.99363687655086,7.257102935479224
ZCP4_0984,4.582067174069803,5.0709902487093474
ZCP4_0985,0.0,0.0
ZCP4_0986,4.916151022757303,6.101993538025519
ZCP4_0987,0.07070165128979793,0.1560013217353249
ZCP4_0988,0.8905359520918573,1.0198812488728743
ZCP4_0989,4.952347084090152,5.825817831235208
ZCP4_0990,3.992504625420241,4.971422457423962
ZCP4_0991,5.123096685617604,5.2428180953833605
ZCP4_0992,4.349438621916418,4.219492904120973
ZCP4_0993,7.457270530716382,7.814661632935609
ZCP4_0994,9.14470061979046,9.27800862704319
ZCP4_0995,6.956521980432744,6.979135071767065
ZCP4_0996,3.6611455420065906,4.373539206290366
ZCP4_0997,4.052569234773016,5.153004816405636
ZCP4_0998,3.839429123125143,5.576929404206006
ZCP4_0999,5.150644821366098,6.4298522179730035
ZCP4_1000,7.879944272899254,7.505408092669077
ZCP4_1001,6.103767519333333,7.362112323859904
ZCP4_1002,12.521565702825445,11.301620176217352
ZCP4_1003,9.970956699619004,10.80491226472923
ZCP4_1004,9.690722361901548,11.063697678740567
ZCP4_1005,11.35948873505648,10.620305672987007
ZCP4_1006,7.565580716121195,6.497102407998622
ZCP4_1007,12.042519842158141,11.786163481527328
ZCP4_1008,11.750335765777141,11.911403046672985
ZCP4_1009,11.992099901895953,12.11840218591823
ZCP4_1010,11.789830264904271,11.57435836687606
ZCP4_1011,12.742512428702996,12.109079502977663
ZCP4_1012,7.182056652588882,7.6869603244686715
ZCP4_1013,9.79843380142581,9.721089276635432
ZCP4_1014,5.358690020362237,4.910468584562365
ZCP4_1016,7.271376347379366,6.777594976662332
ZCP4_1017,9.009783298962002,9.794550591850477
ZCP4_1018,5.314058556855312,6.315248141786002
ZCP4_1019,4.052178704944537,4.771049659399309
ZCP4_1020,4.752047202380085,5.112875934848191
ZCP4_1021,5.106463544046753,5.455816544201826
ZCP4_1022,6.681698245279551,6.372623685559082
ZCP4_1023,6.8460350002523835,8.145550263765967
ZCP4_1024,5.673277869815673,7.046972397897621
ZCP4_1025,6.686969248031265,6.93726768966236
ZCP4_1026,5.514386006950198,6.067022255743152
ZCP4_1027,0.0,0.0
ZCP4_1028,9.985562378150105,10.032853163083535
ZCP4_1029,10.002942987043406,9.282473178444068
ZCP4_1030,5.983051171197331,6.709772712997044
ZCP4_1031,5.307424832837555,5.423194009369038
ZCP4_1032,8.178772052128078,10.279828228700241
ZCP4_1033,4.568343765277611,4.61352205836132
ZCP4_1034,2.7682148480014135,4.644962736763885
ZCP4_1035,12.366826453673786,10.76106284795856
ZCP4_1036,12.8475611358543,11.968446518697984
ZCP4_1037,10.082690721904397,10.637052355925762
ZCP4_1038,8.85899006110272,9.404555846478887
ZCP4_1039,8.237616212150925,8.797452452221265
ZCP4_1040,8.0670687354441,8.365777662555868
ZCP4_1041,5.5788373400642435,5.79738341746369
ZCP4_1042,3.364241525385074,5.97945237616594
ZCP4_1043,8.855295248471139,8.03398180968382
ZCP4_1044,7.655360981302147,7.816442070312993
ZCP4_1045,7.2637574457635505,7.545335736736132
ZCP4_1046,8.844713660123702,8.377755037169733
ZCP4_1047,7.954742504604063,7.390845608580942
ZCP4_1048,6.341991236055027,6.304275462997417
ZCP4_1049,8.000117902861334,8.248994513684638
ZCP4_1050,6.8185996362540084,6.830230945209892
ZCP4_1051,3.7687933812009566,3.8919601229846474
ZCP4_1052,7.608411552885103,8.57180684844347
ZCP4_1053,7.637731395440799,8.57011289379237
ZCP4_1054,4.435362291934184,5.989051853952585
ZCP4_1055,4.775629361389025,5.45133003859027
ZCP4_1056,7.2045358709676695,7.2453081471523095
ZCP4_1057,5.1686049644360335,6.510256781242843
ZCP4_1058,4.30206923606197,6.200544463817297
ZCP4_1060,9.826807153781782,8.642837954040235
ZCP4_1061,9.185819753814856,8.649347988983047
ZCP4_1062,12.428006085366517,11.527255917789976
ZCP4_1063,8.875474786473413,8.20134905867532
ZCP4_1064,8.171990846391354,7.839976231900797
ZCP4_1065,8.936578606533377,8.746843396418855
ZCP4_1066,8.988492893468733,10.306259533018547
ZCP4_1067,11.923209184940019,12.269361530954498
ZCP4_1068,14.263903548331358,14.632501793915669
ZCP4_1069,10.410904590542113,10.935800913267316
ZCP4_1070,5.7178563351820815,5.2915047322374775
ZCP4_1071,7.034814060941746,8.537366635269075
ZCP4_1072,6.755577868126529,7.762944817455118
ZCP4_1074,6.281381130101362,6.756170720277269
ZCP4_1075,1.6460892158054068,3.6507839423264943
ZCP4_1076,2.9758598376815866,4.812808758585384
ZCP4_1077,11.625334507008928,11.893348504465534
ZCP4_1078,8.675229761492917,8.955782584842956
ZCP4_1079,7.175745061689479,7.100069799605081
ZCP4_1080,7.012335247409286,7.171422114325146
ZCP4_1081,6.739059281642781,6.584243178240365
ZCP4_1082,7.575092182506731,7.571918370389718
ZCP4_1083,6.6916125789020455,6.822088543406687
ZCP4_1084,5.390683247543468,5.0444069698027265
ZCP4_1085,9.982798100545322,9.114328115197505
ZCP4_1086,5.123142475951982,4.464815757293904
ZCP4_1087,7.93500659687406,7.043690201589187
ZCP4_1088,9.785367358896773,8.705941524449436
ZCP4_1089,9.261267334295747,9.039525733841522
ZCP4_1090,13.539484371829895,13.7297904640379
ZCP4_1091,3.5929572481786143,5.4698591274224615
ZCP4_1092,5.055519969887312,4.320338313954912
ZCP4_1093,8.838118922948686,8.018170516723435
ZCP4_1094,4.748415036139505,5.424131286355589
ZCP4_1095,8.097957574057414,8.701838924441915
ZCP4_1096,7.586396806918687,7.7860724173201215
ZCP4_1097,9.205533878397063,8.966480823951992
ZCP4_1098,7.5262730585544215,7.55865404894612
ZCP4_1099,6.49302588553186,6.4759068541269
ZCP4_1100,0.0,0.0
ZCP4_1101,0.0,0.0
ZCP4_1102,4.213570015694899,4.535424932805265
ZCP4_1103,2.854490922138195,3.262261316581479
ZCP4_1104,0.5568931249580955,0.9539608854553643
ZCP4_1105,8.260168769594506,9.860480965126394
ZCP4_1106,3.706968798389662,4.469792858488385
ZCP4_1107,3.6782409749459535,3.753868428510731
ZCP4_1108,3.8033539579573317,4.358441872993418
ZCP4_1109,4.451029607558259,4.877069740293793
ZCP4_1110,4.337481957370665,4.461053559618661
ZCP4_1111,3.6381460903797405,5.1258031669654605
ZCP4_1112,6.303790607384266,7.574811452396377
ZCP4_1114,7.387582890667558,8.898779325139298
ZCP4_1115,5.188036519505974,6.705425309623667
ZCP4_1116,9.108435095709915,9.420708274443568
ZCP4_1117,6.554226258208571,6.49320750594428
ZCP4_1118,0.0,0.0
ZCP4_1119,0.0,0.0
ZCP4_1120,7.824325757065316,7.793519544468518
ZCP4_1121,3.3091472497088184,5.538647795754173
ZCP4_1122,7.731289950990586,7.968283011302754
ZCP4_1123,7.808628902465379,7.666487567928291
ZCP4_1124,7.432356475413903,7.612716209676611
ZCP4_1125,6.882187192761883,7.462108658985914
ZCP4_1126,7.425710330110028,8.11208419569271
ZCP4_1127,6.224350411970669,6.928282502564799
ZCP4_1128,6.28232058320699,4.9087465502351595
ZCP4_1129,0.0,0.0
ZCP4_1130,0.0,0.0
ZCP4_1131,6.227241410466756,5.872782378386182
ZCP4_1132,6.082487459341787,5.585216393734433
ZCP4_1133,8.993679412802964,9.617227712448805
ZCP4_1134,7.335879192480439,9.036199568280356
ZCP4_1135,6.7303380013704075,8.30629115379643
ZCP4_1136,7.551660153147886,6.334453632951121
ZCP4_1137,4.389214709435613,5.312319302636825
ZCP4_1138,5.408919567481908,4.222582658898374
ZCP4_1139,7.26860715582041,7.45971328867419
ZCP4_1140,7.673978919869555,7.842003912674173
ZCP4_1141,7.963160706081586,7.781650928630862
ZCP4_1142,5.0994627229791245,4.805559115554787
ZCP4_1143,7.041945133448317,6.9662395774235355
ZCP4_1144,1.448652654385667,1.9602566203686975
ZCP4_1145,2.366797737300439,3.7896795025282444
ZCP4_1146,7.04905821923383,7.452186920679742
ZCP4_1147,6.340233743208255,6.429549078002556
ZCP4_1148,8.543693677258549,8.613841078573957
ZCP4_1149,6.807584128583556,7.056897290792931
ZCP4_1150,6.127865080536286,5.920932987982094
ZCP4_1151,6.8838996772430265,6.121020901273013
ZCP4_1152,7.605364500575467,7.386462421409257
ZCP4_1153,9.376235790639248,10.035308745878465
ZCP4_1154,10.295137238981857,10.39497720695768
ZCP4_1155,7.919253851992241,7.343626928451077
ZCP4_1156,9.426057784606844,8.705840401972168
ZCP4_1157,8.35762108457387,8.21751380657417
ZCP4_1158,8.795175768191374,8.959853853977032
ZCP4_1159,7.591691583645545,7.355533196694075
ZCP4_1160,7.740451981105929,8.859273005861185
ZCP4_1161,5.550019158554502,6.0956580183499804
ZCP4_1162,5.635366165777967,6.135846808808064
ZCP4_1163,4.131638955658777,5.262375682846553
ZCP4_1164,7.4940521410964465,7.66553777228313
ZCP4_1165,5.393711127859461,5.2858494162743215
ZCP4_1166,6.957219454170103,6.627052219319987
ZCP4_1167,4.759850107993317,5.131820624903856
ZCP4_1168,7.734558015213034,8.24600477681793
ZCP4_1169,8.10452863695384,8.967973952360877
ZCP4_1170,5.065484712969119,6.688992689873705
ZCP4_1171,6.095183935369694,5.83176045015294
ZCP4_1172,1.473819214174982,3.7361970408702367
ZCP4_1173,1.244729560208669,3.0513758086607554
ZCP4_1174,2.98564579515333,4.147164227876825
ZCP4_1175,0.961149038646751,3.0471011604903375
ZCP4_1176,4.78474891650456,5.9465161609924335
ZCP4_1177,0.0,0.0
ZCP4_1178,5.654729557199155,5.880381908068563
ZCP4_1179,5.702359466412327,5.861210081381578
ZCP4_1180,5.381707634625146,5.250255268118943
ZCP4_1181,7.724472910638977,7.293697289689287
ZCP4_1182,9.913407493190546,11.296068713354046
ZCP4_1183,7.730965599286552,9.407366422096612
ZCP4_1184,7.448775378491875,8.683275863217643
ZCP4_1185,7.930780755625492,7.863534133962435
ZCP4_1186,7.327399245469783,7.539159534647828
ZCP4_1187,1.896164140321795,2.3129882970531805
ZCP4_1189,6.7814031877570295,8.274765147765073
ZCP4_1190,4.624998015685172,4.227780250888129
ZCP4_1191,7.3561787446306,6.443033870445327
ZCP4_1192,3.467622934451362,3.478825684370789
ZCP4_1193,4.822813496536767,4.467863823469182
ZCP4_1194,5.761008700155546,6.6458901772456
ZCP4_1195,8.849352148133697,8.50198669010736
ZCP4_1196,8.740520581819668,8.549001713398242
ZCP4_1197,7.055670728122912,6.797215968522165
ZCP4_1198,7.198939342090222,6.379781855713509
ZCP4_1199,8.43414473502019,7.571862533342841
ZCP4_1200,7.877672621833519,8.700559597384007
ZCP4_1201,11.001299882740408,12.240289336808011
ZCP4_1202,9.820925359744718,11.857408815697376
ZCP4_1203,6.766705341454327,6.6570731279992215
ZCP4_1204,6.2527400112640334,6.155332343751189
ZCP4_1205,2.323349552018538,2.5601324219206125
ZCP4_1206,0.0,0.0
ZCP4_1207,5.847817935342665,7.497437401565906
ZCP4_1208,8.38753410803553,8.574171335786344
ZCP4_1209,8.938265438939768,8.7238708680632
ZCP4_1210,8.226465647790752,8.46256470849076
ZCP4_1211,6.020681623786191,6.558903765639394
ZCP4_1212,7.879134261208357,7.442418658789988
ZCP4_1213,6.9686959200814425,6.609312749443945
ZCP4_1214,6.2000216464264355,5.395389011579689
ZCP4_1215,4.426394525541148,4.2514030935074185
ZCP4_1216,2.774179149733192,4.042760611775276
ZCP4_1217,5.217533633727845,4.840444722540384
ZCP4_1218,7.95754216344783,7.765088016205357
ZCP4_1219,8.561575753719353,7.811558827023152
ZCP4_1220,8.017410688906084,8.701925191716471
ZCP4_1221,6.844506247613157,8.00359619189267
ZCP4_1222,8.7333095655844,9.749673578625622
ZCP4_1223,5.194362530599398,5.174452567041253
ZCP4_1224,3.402610207493505,5.213446836126297
ZCP4_1226,8.323975268217046,8.870837506316287
ZCP4_1227,8.058132712508133,8.770966480017309
ZCP4_1228,5.368806172529622,5.725461420828979
ZCP4_1229,4.574783628603978,5.288142568505537
ZCP4_1230,6.914452121263029,7.445007738280429
ZCP4_1231,5.69927974439135,6.112849392127946
ZCP4_1232,4.289184133989146,5.89825779139694
ZCP4_1233,5.83311139061817,4.87374831634516
ZCP4_1234,2.8686418869597325,3.58630321740392
ZCP4_1235,4.727175026906057,5.446464538314282
ZCP4_1236,1.4789872429836124,3.7076514863075296
ZCP4_1237,7.7370878073093206,8.722646629889582
ZCP4_1238,6.971712107421055,7.8922119906662624
ZCP4_1239,6.246353462858077,6.703616697990096
ZCP4_1240,3.5775372782049777,4.15990642935804
ZCP4_1241,5.240472933815882,5.923861590012953
ZCP4_1242,3.3320723864587585,4.713532096106607
ZCP4_1243,6.576558347917957,5.9996350085389185
ZCP4_1244,7.776679968140781,7.197854686192092
ZCP4_1245,6.385293029134895,6.854109292297557
ZCP4_1246,6.5701329635425845,7.934795275307066
ZCP4_1247,5.7900375945026825,6.909239092172885
ZCP4_1248,6.497074992651829,6.272745136813426
ZCP4_1249,8.314017142306893,8.348654943653269
ZCP4_1250,5.942483950831629,6.057460915143407
ZCP4_1251,6.418067594996954,6.228798768274055
ZCP4_1252,7.622585288965947,7.5235174177993445
ZCP4_1253,13.383042987600211,13.588413575952503
ZCP4_1254,13.819952752905792,14.577406780407355
ZCP4_1255,6.982986427422444,6.947552680093001
ZCP4_1256,8.382416824447333,8.471751558935535
ZCP4_1257,8.576397385641359,8.566448289575783
ZCP4_1258,5.823750505392149,5.8092804159145395
ZCP4_1259,7.062892638910264,6.177220967412851
ZCP4_1260,5.122201867445429,6.776111283121943
ZCP4_1261,9.405385515533814,10.499510857634554
ZCP4_1262,7.0328519898475585,7.935492890855983
ZCP4_1263,5.8775325425949285,7.3502324305733255
ZCP4_1264,5.3800353404253265,5.4632973230809325
ZCP4_1265,4.199886497274741,4.3665876609400955
ZCP4_1266,6.009820201230298,6.416957254050194
ZCP4_1267,6.24616522887099,6.724411083027289
ZCP4_1268,6.719479069237504,7.3075324511296875
ZCP4_1269,9.333935982697179,8.379015712388288
ZCP4_1270,8.812073677635377,7.083258739373464
ZCP4_1271,11.02606806748278,9.612230369667152
ZCP4_1272,8.518310140539558,10.496175113248219
ZCP4_1273,9.927326350625997,9.49776930448913
ZCP4_1274,7.019252803805486,6.9518945944561885
ZCP4_1275,10.725284815993966,9.683943037297922
ZCP4_1277,6.949019809889716,6.488448556145115
ZCP4_1278,7.848068146326561,7.50059987880983
ZCP4_1279,7.015265199275211,8.307652368746194
ZCP4_1280,6.449303876623125,6.999369362072983
ZCP4_1281,7.306165103778489,7.308981165843704
ZCP4_1282,11.82237172169992,9.781718760590751
ZCP4_1283,10.134434955734672,8.222680310997017
ZCP4_1284,7.440821064695138,5.628913596963038
ZCP4_1286,9.91030541485253,9.495244221350289
ZCP4_1287,8.653670573374342,8.270599943525266
ZCP4_1288,8.675964874158371,8.336029682334274
ZCP4_1289,7.248524358240022,6.140852004152594
ZCP4_1290,9.11816917325548,8.133446055980029
ZCP4_1291,8.294915582805094,7.480997281466884
ZCP4_1292,7.366034290775865,6.939434202039486
ZCP4_1293,6.332437058770749,6.223356346859221
ZCP4_1295,6.88432423097097,7.9502969027074215
ZCP4_1296,5.366541093845693,5.773352060166711
ZCP4_1297,9.507470130034376,9.625025423249571
ZCP4_1298,8.152934160433977,8.308977894055348
ZCP4_1299,6.021441365060566,6.258569556288652
ZCP4_1300,5.825811948576497,5.99442633884439
ZCP4_1302,7.9649610970518,7.1671141493669515
ZCP4_1303,9.1610899927751,8.657686501572119
ZCP4_1304,7.520586582499856,7.061174280702035
ZCP4_1305,8.158831522592703,7.441543426550844
ZCP4_1306,9.411180310289314,9.987171889405506
ZCP4_1307,8.653132415945871,9.987256671906742
ZCP4_1308,9.550395578074813,10.534560079241281
ZCP4_1309,10.668357211355758,12.116544505799196
ZCP4_1310,9.61348775299839,11.14097798201272
ZCP4_1311,9.026788773707205,9.78525267483927
ZCP4_1312,8.457214199517054,8.689072516665687
ZCP4_1313,7.020754398662387,7.456476670856473
ZCP4_1314,8.425938672416782,9.30559394245665
ZCP4_1315,8.418380280356212,8.665743438602355
ZCP4_1316,7.458049970397202,6.55630481878927
ZCP4_1323,0.0,0.0
ZCP4_1324,0.0,0.0
ZCP4_1325,0.0,0.0
ZCP4_1326,3.8552011215551967,4.671410502365017
ZCP4_1327,3.550168454795929,5.215049440996234
ZCP4_1328,3.5502501777198994,4.212818650200539
ZCP4_1329,3.582346491491508,6.017607527612181
ZCP4_1330,4.070997360543104,6.439667472515335
ZCP4_1331,2.1895616047670474,4.360789897979543
ZCP4_1332,4.552974510478716,6.142703048353283
ZCP4_1333,2.2899493564435316,3.1764706380891674
ZCP4_1334,3.802632684107421,5.437546048819967
ZCP4_1335,8.8110759569442,8.27973832640959
ZCP4_1336,7.327019635878906,7.376030238625901
ZCP4_1337,9.772324520942965,10.21106224201547
ZCP4_1338,8.531112016895918,9.323248217165284
ZCP4_1339,3.457285488490753,5.161655462922133
ZCP4_1340,4.59900474203434,7.124857602075265
ZCP4_1341,2.4467521822372302,3.03849161537948
ZCP4_1342,0.9087095971289106,0.9981015900577624
ZCP4_1343,1.0481389060476312,0.9591472596106091
ZCP4_1344,2.0345392226278114,2.4975030981847524
ZCP4_1345,2.787278258453427,3.281536390017398
ZCP4_1346,4.446851639656975,4.829341334306215
ZCP4_1347,1.928107032432853,3.722741021432948
ZCP4_1348,1.3276829398362613,2.1483004296620436
ZCP4_1349,2.7771718596927735,3.2486538586045253
ZCP4_1350,5.201236597246437,5.381461247031526
ZCP4_1351,3.9387058120973304,4.5163553708898085
ZCP4_1352,2.4557205933461455,2.938944014196536
ZCP4_1353,3.1599961634958675,4.378500484412416
ZCP4_1354,4.533490472264794,6.03266681692117
ZCP4_1355,3.9948179357334763,5.819118586312313
ZCP4_1356,3.1936134352331442,4.841770044199674
ZCP4_1357,3.8657734735783564,4.985598728442958
ZCP4_1358,6.686932121290812,7.910664747873039
ZCP4_1359,7.282626911204043,8.801175318444416
ZCP4_1360,10.574473013662105,11.022321563965964
ZCP4_1361,6.935402739947864,7.57469340236781
ZCP4_1362,2.9724951199874163,4.781864342279129
ZCP4_1363,1.461599319847645,2.934870222284027
ZCP4_1364,8.362207282322215,8.497145436360253
ZCP4_1365,7.559090284289892,7.736480013211448
ZCP4_1366,7.6453157037854504,7.220025096705773
ZCP4_1367,7.631729943176728,6.932262660507535
ZCP4_1368,7.888468563808283,7.240564512239253
ZCP4_1369,7.595701599392356,7.168899012628951
ZCP4_1370,8.466436562450367,8.55224316281625
ZCP4_1371,2.3646017425955117,3.726700014427135
ZCP4_1372,3.539266994743059,5.1809802931145255
ZCP4_1373,8.114527410687325,7.875800082531726
ZCP4_1374,4.820657012016543,6.37387445528134
ZCP4_1375,10.167548788170171,10.822859968918397
ZCP4_1376,5.848278136333403,6.460541531630458
ZCP4_1377,12.030729436274395,10.39330288067289
ZCP4_1378,8.021874992475036,7.344511664985837
ZCP4_1379,6.702704715872259,5.6584304743481
ZCP4_1380,10.381416183905875,9.057966497419338
ZCP4_1382,4.032450486379794,4.770154520534193
ZCP4_1383,6.1889622007775795,6.000142244636241
ZCP4_1384,0.0,0.0
ZCP4_1385,6.232410217629053,6.100763297538793
ZCP4_1386,6.66688245049458,6.930200659143051
ZCP4_1387,6.89900213297477,7.030959888514271
ZCP4_1388,4.457254304847126,5.745289574497784
ZCP4_1389,7.269989903138493,6.9773475711482735
ZCP4_1390,13.138497925304929,13.52505779660413
ZCP4_1391,13.6871901779468,14.036543504349549
ZCP4_1392,5.562835288100794,5.664493080647218
ZCP4_1393,5.029627727408693,7.251830086593137
ZCP4_1394,8.625231389148505,9.23892000266864
ZCP4_1395,7.3751207091759525,7.816752654283719
ZCP4_1397,5.998215559814353,6.735706188697808
ZCP4_1398,6.217858147470031,7.405740271960129
ZCP4_1399,8.987354986707619,8.92748374781615
ZCP4_1400,8.122422694961285,7.527228538528397
ZCP4_1401,6.255967356599479,5.872636207831724
ZCP4_1402,4.811515477495159,4.230771882260324
ZCP4_1403,9.002581573320882,9.020338729885433
ZCP4_1404,6.616308602740724,7.025303967200777
ZCP4_1405,7.1241835713083725,6.349832518622356
ZCP4_1406,8.179615285144289,7.280453393642255
ZCP4_1407,3.5770980584988816,3.8563706010557692
ZCP4_1408,5.4344022146088165,6.3029416713291075
ZCP4_1409,5.83871786795937,6.2354324337759275
ZCP4_1410,6.885908226006279,5.651500125722999
ZCP4_1411,10.018765688066493,10.39235529045774
ZCP4_1412,8.437394526472492,7.358696206933221
ZCP4_1413,5.6422224029495025,5.417121630066157
ZCP4_1414,9.060588917966424,10.480089896990357
ZCP4_1415,8.687214387483655,10.264710802159884
ZCP4_1416,7.654077658070074,7.6265063712513
ZCP4_1417,13.812731268762168,13.094675936252205
ZCP4_1418,5.406916188511149,5.989979632508434
ZCP4_1419,6.513979222703365,4.885527960815118
ZCP4_1420,5.98270269970026,6.3487216133598565
ZCP4_1421,4.533971535084499,4.390858446024531
ZCP4_1422,5.979107199090494,5.7785607071576095
ZCP4_1423,6.280221050531542,6.2769138592658456
ZCP4_1424,7.0808196066517,8.383518498558804
ZCP4_1425,7.773407752366011,6.813880992848032
ZCP4_1426,10.866828297724226,10.987558915968016
ZCP4_1427,7.847726002717877,7.6324230689967205
ZCP4_1428,7.852546539232446,8.92310689632984
ZCP4_1429,4.2897300232240205,4.831808594979071
ZCP4_1430,5.705905547052515,5.81022759204213
ZCP4_1431,10.066596747217883,9.623562201392817
ZCP4_1432,11.69846543695669,13.048244879847214
ZCP4_1433,5.927498191442567,7.0654653892976045
ZCP4_1434,5.309937699211386,6.5307729824098315
ZCP4_1435,8.773291650867696,7.70409988680399
ZCP4_1436,10.49770114141567,10.504373747515968
ZCP4_1437,8.079005353669455,8.902020399287169
ZCP4_1438,8.046176019004667,7.505421751474407
ZCP4_1439,6.7279514864320875,6.386066300647844
ZCP4_1440,8.136850756584998,7.696007438203306
ZCP4_1441,8.43969273017677,7.870359197343109
ZCP4_1442,12.009231610012701,12.335931677873191
ZCP4_1443,11.754302152383998,10.906311451604559
ZCP4_1444,13.101289911856279,12.729368643436567
ZCP4_1445,6.49632835800355,5.895737533692453
ZCP4_1446,9.416303289370964,8.399215207450322
ZCP4_1447,8.911614685320483,8.167809375983449
ZCP4_1448,8.498506654852612,7.758914195626417
ZCP4_1449,9.046240761276705,8.33407944008811
ZCP4_1450,12.414879328028785,10.89889727338777
ZCP4_1451,8.379446151356127,7.057868913686209
ZCP4_1452,7.35132629989158,7.088418876714585
ZCP4_1453,9.089716913887107,8.509861219938207
ZCP4_1454,6.493138524397139,6.331307262546241
ZCP4_1455,9.27571167979712,9.475463342893095
ZCP4_1456,7.375385701395979,5.861210081381578
ZCP4_1457,8.815050165532732,10.938523019310658
ZCP4_1458,9.16690890999107,10.539253038513502
ZCP4_1459,6.3908259743323645,6.452127934644722
ZCP4_1460,6.705618361583143,6.353859326557206
ZCP4_1461,6.103451502097621,5.503438984181347
ZCP4_1462,9.58194838064774,9.976905787121655
ZCP4_1463,6.209213735397176,7.396434044855558
ZCP4_1464,6.522255184163534,7.869837983080966
ZCP4_1465,8.085778005654904,9.64350741716183
ZCP4_1466,7.5827177106416475,7.837746823946663
ZCP4_1467,5.129398000423217,5.844750547582372
ZCP4_1468,8.78521396260199,8.252150769937286
ZCP4_1469,7.535581973411614,6.962352917638854
ZCP4_1470,9.24632842291021,8.781014399449495
ZCP4_1471,6.925913259338219,6.756480136895199
ZCP4_1472,7.1720684755059745,8.550371861748527
ZCP4_1473,7.930658031986478,7.2036939385146415
ZCP4_1474,8.162866877583584,7.91146570558981
ZCP4_1475,8.629912806379105,7.040515592396698
ZCP4_1476,9.362845824368279,7.56378842410004
ZCP4_1477,5.033060549495647,5.03610774896629
ZCP4_1478,8.058451880683018,7.467540249185094
ZCP4_1479,6.135745597514225,6.782455802458291
ZCP4_1480,7.464685076952303,8.850014763743646
ZCP4_1481,7.752352987980632,8.874869258894071
ZCP4_1482,5.3470553044785305,7.395527724081797
ZCP4_1483,5.968240163432552,7.815644633965318
ZCP4_1484,7.366610423580696,7.8180292054801415
ZCP4_1485,5.382690432359981,6.013142182988757
ZCP4_1486,6.886763944590673,6.278921646991974
ZCP4_1487,8.807864500808883,9.09681862124363
ZCP4_1488,8.829427801264673,8.911038311386118
ZCP4_1489,6.4759296148497265,6.236505694644693
ZCP4_1490,9.135453360296289,9.17287908653818
ZCP4_1491,8.480987106577784,8.240387080745672
ZCP4_1492,7.768008582639303,7.3322388003988115
ZCP4_1493,9.602999062620624,9.360739336117819
ZCP4_1494,8.171758797500607,7.992007307697624
ZCP4_1495,5.628789337021961,5.585353884183231
ZCP4_1496,9.080887348832096,9.09399114630568
ZCP4_1497,10.636109182183256,10.602729180594146
ZCP4_1498,9.227603209382353,9.488654385792506
ZCP4_1499,7.821133572820987,7.241612240618303
ZCP4_1500,9.09925152086468,8.552251667246832
ZCP4_1501,9.620642065707239,10.149086759244266
ZCP4_1502,6.331797279564912,6.2168718587493546
ZCP4_1503,8.146413859038205,7.535575467192831
ZCP4_1504,7.011359747313388,7.216948840272301
ZCP4_1505,7.700966486717887,8.279724483072226
ZCP4_1506,7.0547179389673325,7.787232707214345
ZCP4_1507,9.633870653489337,8.934612550389858
ZCP4_1508,8.526647848621753,7.896525775882697
ZCP4_1509,7.081015764569376,6.912538197266678
ZCP4_1510,5.841282302330392,5.8221117601343515
ZCP4_1511,9.95927929242311,9.016376761654499
ZCP4_1512,4.366807996687123,4.353652178129154
ZCP4_1513,5.008299693252187,6.101196493455758
ZCP4_1515,5.564444012065307,5.798547288740003
ZCP4_1516,3.9042269786398855,4.1366320189068
ZCP4_1517,7.138447866109999,6.704286317638002
ZCP4_1518,7.506837843915208,7.714999562541147
ZCP4_1519,8.17260797070506,8.365964606950405
ZCP4_1520,5.9878157888197565,5.951919489597707
ZCP4_1521,5.386735425067928,5.396939430986329
ZCP4_1522,8.919997173654139,8.852912635296079
ZCP4_1523,10.211077715874257,11.577402502294701
ZCP4_1524,8.427536395462411,10.180447405395524
ZCP4_1525,6.664884054570643,7.119244949150276
ZCP4_1526,3.695337519082911,4.162177532774735
ZCP4_1527,6.080653025145927,4.777698724855037
ZCP4_1528,6.970671543851181,7.746998618739096
ZCP4_1529,1.3935592358308648,3.342334189003506
ZCP4_1530,3.603734973575717,3.6755085220426986
ZCP4_1531,5.29473609854466,5.047469967794847
ZCP4_1533,6.587722999704567,5.30504159550377
ZCP4_1534,8.680188624460502,7.2945679372229515
ZCP4_1535,10.097228848309088,8.797792338928922
ZCP4_1536,11.554828044290804,9.985040260298407
ZCP4_1537,4.536293145522265,5.374048189745531
ZCP4_1538,9.094674896196434,10.2126845087705
ZCP4_1539,7.209299214486283,9.36929200078648
ZCP4_1540,0.0,0.0
ZCP4_1541,9.045877802633942,8.67919304743774
ZCP4_1542,8.220588305109024,9.478298258689865
ZCP4_1543,8.604653671615429,8.806445988260895
ZCP4_1544,11.283242170759767,11.163367975334587
ZCP4_1545,8.505125807022262,8.488511114281856
ZCP4_1546,8.157695663827228,7.886823971687887
ZCP4_1547,9.771968280113487,9.759595288133893
ZCP4_1548,9.99569124887638,10.373058682861597
ZCP4_1549,10.765280426103972,10.991345473914507
ZCP4_1550,14.506474867800886,14.888490746584464
ZCP4_1551,9.96567398303071,9.669174190580646
ZCP4_1552,9.229915467985823,8.60078195175648
ZCP4_1553,8.1435690023506,7.48459993264675
ZCP4_1554,4.975862614814211,4.702067239693922
ZCP4_1555,5.51119181509741,6.607214868036066
ZCP4_1556,5.5270315745648935,6.7365722738428175
ZCP4_1557,6.125801593697674,6.015796931577516
ZCP4_1558,7.479071556868186,7.221617506597812
ZCP4_1559,7.767920570698705,7.170067826283857
ZCP4_1560,8.408037985915279,8.282822077731815
ZCP4_1561,13.592015643857643,14.120671488676638
ZCP4_1562,4.7912012406780535,5.408126153715205
ZCP4_1563,7.619895599329866,7.323616612333738
ZCP4_1564,7.172588161986176,6.339369423924371
ZCP4_1565,6.226692537920339,5.215928662091286
ZCP4_1566,0.0,0.0
ZCP4_1567,0.0,0.0
ZCP4_1568,8.15658200256263,9.446951415369599
ZCP4_1569,5.471153628889755,5.9004523087749465
ZCP4_1570,8.88926283579916,9.265869885372979
ZCP4_1571,4.578548671093772,5.385553326052462
ZCP4_1572,8.773507108652424,7.502923803942985
ZCP4_1573,3.467141547160046,4.240155994085026
ZCP4_1574,11.947622452804108,12.920360414629199
ZCP4_1581,4.47814721442409,5.087118197845724
ZCP4_1582,4.507907802743051,4.058966596085047
ZCP4_1583,3.7308779040432687,4.343309667595066
ZCP4_1584,9.443479163835416,9.744359212908533
ZCP4_1585,5.557406909752956,6.582138653095198
ZCP4_1586,6.465658745963747,6.638523421089065
ZCP4_1587,8.649473648312668,8.386786254591083
ZCP4_1588,8.68058523482317,8.50890811971973
ZCP4_1589,9.240482006473458,9.115290020460796
ZCP4_1590,10.054297762534471,10.22306912972096
ZCP4_1591,8.876014691431939,9.651229534053625
ZCP4_1592,4.838290394462993,5.947525234670763
ZCP4_1593,3.3024969492100014,3.1800104630361146
ZCP4_1594,0.0,1.9138615370982337
ZCP4_1595,5.508665150440304,6.4758311242138245
ZCP4_1597,5.775932217586346,6.068732985957831
ZCP4_1598,7.833699776872695,7.525751933765241
ZCP4_1599,6.562186965002263,6.627052219319987
ZCP4_1600,10.157785253683205,8.541404834761163
ZCP4_1601,6.45279744833126,6.826169134547194
ZCP4_1602,5.337850128589885,5.964446352311654
ZCP4_1603,8.455674596323526,8.06593978430137
ZCP4_1604,10.334762832935334,9.45771790111703
ZCP4_1605,9.7428384476689,8.702807961608356
ZCP4_1606,10.786641476399861,9.487832160620604
ZCP4_1607,8.521963818354207,9.811670609797568
ZCP4_1608,7.131692848055914,6.4158281186730814
ZCP4_1609,7.29785274193283,5.863757052597533
ZCP4_1610,8.309290281629789,8.659507293260008
ZCP4_1611,8.581829237238926,9.178749196563148
ZCP4_1612,6.590988906938163,6.94682607094302
ZCP4_1613,9.008848159893338,7.552638057366652
ZCP4_1614,5.6803354183141685,6.396465167400887
ZCP4_1615,5.30686515508184,6.690069369331875
ZCP4_1616,4.795829110303187,4.392858560909602
ZCP4_1618,8.364461249793719,9.35810230902734
ZCP4_1619,8.419959011513406,7.324403965421293
ZCP4_1620,10.219683866238814,9.279777497699296
ZCP4_1621,6.649513302195829,7.093486946499038
ZCP4_1622,5.841167113609017,6.207638204146168
ZCP4_1623,5.093511369617119,5.025565642287597
ZCP4_1624,4.6868291567953735,5.437097040267075
ZCP4_1625,3.1039924783299973,3.7326587137238567
ZCP4_1626,7.50663725500366,8.248733622185032
ZCP4_1627,4.696276480542217,6.932627942113255
ZCP4_1628,2.9886115504730997,4.206465544977046
ZCP4_1629,9.577219759683231,9.041435665436886
ZCP4_1630,9.323155343369333,7.146519915125354
ZCP4_1631,7.467615479274151,5.740795015663725
ZCP4_1632,12.921171841255152,11.351004500893646
ZCP4_1633,11.879679362472132,10.440540461809135
ZCP4_1634,8.35577036623789,7.208285119532577
ZCP4_1635,8.2467721464982,7.403138487155916
ZCP4_1636,4.471215360576163,5.050887598668599
ZCP4_1637,8.969249871481047,9.35273068706239
ZCP4_1638,6.712478663500454,5.94055902398022
ZCP4_1639,7.74936634196152,7.284419554976498
ZCP4_1640,7.078029956997689,6.7457623214494795
ZCP4_1641,8.15420320203049,6.861624723635493
ZCP4_1642,10.041106106610954,10.36210013936934
ZCP4_1643,10.295498307426778,9.692245107007398
ZCP4_1644,7.503100811764382,5.893042972890373
ZCP4_1645,6.561477702720862,4.921499729301347
ZCP4_1646,8.13658829264187,7.483044892798204
ZCP4_1647,6.790966889251633,6.071401947439658
ZCP4_1648,5.589532982734373,5.096681894918792
ZCP4_1649,7.9829078022051245,6.841400195712933
ZCP4_1650,6.148769031270672,6.257186313147606
ZCP4_1651,7.112468390078308,6.793241278466079
ZCP4_1652,7.566034033940752,8.233442119449382
ZCP4_1653,7.988772023274222,6.7525270778701785
ZCP4_1654,2.942860548918672,2.4236942109096367
ZCP4_1655,11.853863206661835,11.30706237271912
ZCP4_1656,11.872600841746284,11.269977207637732
ZCP4_1657,8.056523501193091,8.257233895311801
ZCP4_1658,9.365755044784773,9.176907747286789
ZCP4_1659,4.115933507753681,5.353166053694744
ZCP4_1661,6.778607904476834,9.047790899960248
ZCP4_1662,4.8055595784537415,6.938147229195179
ZCP4_1663,3.4408268230381713,4.453668175171404
ZCP4_1664,8.700052501016483,8.878752198145277
ZCP4_1665,7.861848402025958,8.551900426563277
ZCP4_1666,5.745763465593348,6.160352260591072
ZCP4_1667,10.353983638727652,10.432089946124856
ZCP4_1668,5.406620027991729,4.628376489427829
ZCP4_1669,5.289804314934527,6.531886460948199
ZCP4_1670,7.212493151184066,8.209673272471038
ZCP4_1671,10.014329304292438,8.209089060204255
ZCP4_1672,9.545952762445404,7.146789847799577
ZCP4_1673,8.540266271150342,9.88815148856496
ZCP4_1674,5.340035803715145,4.681615438661691
ZCP4_1675,3.7308779040432687,5.165554302606996
ZCP4_1676,3.621772158590466,5.270918298222828
ZCP4_1677,4.976821918085397,4.994913423039829
ZCP4_1678,3.3769311063875542,4.669485386760536
ZCP4_1679,5.698777131866768,6.111671771003999
ZCP4_1680,6.9376033638066446,5.0509360037842175
ZCP4_1681,5.609294678550547,4.2068143465474455
ZCP4_1682,5.346157596144101,5.6614905892998175
ZCP4_1683,4.777281284544586,6.656347409167313
ZCP4_1684,7.064623720614891,7.317464088891058
ZCP4_1686,4.446355144686077,4.363003658599487
ZCP4_1687,8.7134326223826,7.367989067553803
ZCP4_1688,7.5615189126760365,5.931848554680789
ZCP4_1689,5.636217694406962,6.125505014351872
ZCP4_1690,8.116181646618216,7.725103569961207
ZCP4_1691,7.476996674693377,7.867284766174342
ZCP4_1692,6.831561773785134,7.541812841604682
ZCP4_1693,7.324608249927994,7.974850394017679
ZCP4_1694,6.358247180074878,6.679163906529278
ZCP4_1695,7.128426485928,6.717060466599104
ZCP4_1696,9.579786504071402,8.280167403995765
ZCP4_1697,8.42998710632097,7.268536959613926
ZCP4_1698,7.973375784977715,6.969713080806768
ZCP4_1699,5.721852385343882,4.841006342049363
ZCP4_1700,9.949114007488108,8.626095522270695
ZCP4_1701,9.897316479593893,8.425698928495514
ZCP4_1702,9.749283592274606,8.406810910989291
ZCP4_1703,8.799115159416736,7.372819034068929
ZCP4_1704,4.43956034616269,5.137541268563492
ZCP4_1706,4.169171968750636,4.667841631911004
ZCP4_1707,11.646371859086743,13.240735909354424
ZCP4_1708,5.202595112767161,5.919141463758507
ZCP4_1709,6.849069661312943,6.895803033140775
ZCP4_1710,7.834740702537902,6.685099544110413
ZCP4_1711,8.187933946444655,7.49003276777787
ZCP4_1712,5.54590341290934,5.819265679836977
ZCP4_1714,10.141972611196913,9.599301566849858
ZCP4_1715,7.7758566917481104,9.843004606414045
ZCP4_1716,7.528269190045067,8.82010954774294
ZCP4_1717,6.532518960895803,7.148209255225779
ZCP4_1718,10.649539232208543,9.929387385278446
ZCP4_1719,9.40846037219242,8.78199663096196
ZCP4_1720,10.884757536507024,11.177603646767155
ZCP4_1721,4.319161597350298,9.161590832684528
ZCP4_1722,8.572042426726894,8.296998020536451
ZCP4_1723,7.552114963383895,6.77517818091927
ZCP4_1724,11.254310222796116,10.534007015110642
ZCP4_1725,7.734916814579023,7.161604668561096
ZCP4_1726,9.629276123339203,9.408840013808875
ZCP4_1727,9.189650130662361,9.04089221437565
ZCP4_1728,10.090614994954857,7.569565328831433
ZCP4_1729,8.061138425896505,8.091611611267227
ZCP4_1730,8.161621894331288,8.807323356589922
ZCP4_1731,6.587954149530506,5.790685089927795
ZCP4_1732,8.108690085397349,6.787992059803791
ZCP4_1733,7.324559148942022,9.196743889882352
ZCP4_1734,11.468280950866589,11.59300973985329
ZCP4_1735,8.430268868554082,9.06683782316519
ZCP4_1736,7.353238025282267,6.5210922610707165
ZCP4_1737,7.863699923300091,7.753121329381152
ZCP4_1738,9.164239432309788,7.043398808671804
ZCP4_1739,8.718956900817131,7.299059902059234
ZCP4_1740,6.563483312428302,6.999119605373226
ZCP4_1741,5.0428768133662025,4.858020036808585
ZCP4_1742,5.370014437757526,4.584116447956736
ZCP4_1743,8.580519468439386,9.399039215606063
ZCP4_1744,7.126279576644203,7.625395915448856
ZCP4_1745,6.978541892024155,7.528240183028263
ZCP4_1746,7.7052710271764715,6.622911359292788
ZCP4_1747,2.8701358307466363,3.8936314324849
ZCP4_1748,2.2293113164024705,3.531677247734043
ZCP4_1749,5.033144378813979,4.086380755714661
ZCP4_1750,1.925152317724526,3.185180438408329
ZCP4_1751,2.1703104748039928,3.3759627031779846
ZCP4_1753,8.679326140271053,7.985997951759663
ZCP4_1754,12.206281233202438,12.897137756037678
ZCP4_1755,5.7014962938787495,5.8901578152378855
ZCP4_1757,6.6330208749627255,6.713029045870025
ZCP4_1758,6.969167232966271,6.437805389720955
ZCP4_1759,11.4338663511496,9.541398646310613
ZCP4_1760,5.611319750254536,6.379595362707919
ZCP4_1761,5.0634742679819436,5.609739288128364
ZCP4_1762,4.986091147973656,5.279073783717447
ZCP4_1763,12.809703742904825,12.23554639708579
ZCP4_1764,11.992514405099024,12.399492854512571
ZCP4_1765,13.578769570206983,13.894767533177848
ZCP4_1766,12.520193737855076,11.03058333308729
ZCP4_1768,2.1549098948472403,4.569811285317835
ZCP4_1769,2.9072876215258003,4.999495302938349
ZCP4_1770,3.4295141203661803,4.159189416057584
ZCP4_1771,1.1752543479255724,0.0
ZCP4_1772,1.2154382263637085,0.8085700770112803
ZCP4_1773,0.0,0.0
ZCP4_1774,0.0,0.0
ZCP4_1775,4.284589409349206,3.787015948578666
ZCP4_1776,1.853979934330166,1.457242488704117
ZCP4_1777,3.5230961985865,2.5781286613405885
ZCP4_1778,0.6828170303114665,1.6154996838340576
ZCP4_1779,0.545744336003907,0.0
ZCP4_1780,0.0,0.0
ZCP4_1781,0.0,0.0
ZCP4_1782,0.0,0.0
ZCP4_1783,0.0,0.0
ZCP4_1784,0.0,0.0
ZCP4_1785,0.0,0.0
ZCP4_1786,0.0,0.0
ZCP4_1788,3.78535313328792,4.895228323146044
ZCP4_1789,2.9830969693439817,4.087888597420279
ZCP4_1790,3.8066945507371117,4.622539882480854
ZCP4_1791,2.8520033316161575,5.948707435189109
ZCP4_1792,0.0,0.0
ZCP4_1793,0.0,0.0
ZCP4_1796,6.226857372827348,8.329792924055527
ZCP4_1797,0.0,0.0
ZCP4_1798,3.38656176951221,4.372378050014024
ZCP4_1799,4.108337914845124,4.835429615592578
ZCP4_1800,5.940857771225844,6.3781128044234965
ZCP4_1801,2.7511162211068476,3.9655313088848647
ZCP4_1802,3.1978441749391773,4.742552138394529
ZCP4_1803,2.3769635198898746,3.492042371257432
ZCP4_1804,2.8026177648025397,4.025720879265273
ZCP4_1805,2.9407815471680943,3.961261088995211
ZCP4_1806,0.0,0.0
ZCP4_1807,1.0176637200482543,1.656765721526187
ZCP4_1808,2.04210580489587,3.5765724519153297
ZCP4_1809,1.9887732285898623,4.574479758480603
ZCP4_1810,4.879909449940208,5.527263654050455
ZCP4_1811,3.8739937816037036,4.0185383741176
ZCP4_1812,2.6647550099583004,3.583396954074864
ZCP4_1813,3.5158633725026776,4.06130354286415
ZCP4_1814,3.8648819796245335,5.371566633812981
ZCP4_1815,2.7468676992067973,4.097154500412767
ZCP4_1816,2.126759384465763,2.8328281539494
ZCP4_1817,0.37313379297172816,1.2278272185137982
ZCP4_1818,1.7461392812206917,2.7135207982776905
ZCP4_1819,2.0632556053590276,4.447410299082461
ZCP4_1822,0.0,0.0
ZCP4_1823,0.0,0.0
ZCP4_1824,0.0,0.0
ZCP4_1825,0.0,0.0
ZCP4_1826,0.0,0.0
ZCP4_1827,0.0,0.0
ZCP4_1828,0.0,0.0
ZCP4_1829,0.0,0.0
ZCP4_1830,0.0,0.0
ZCP4_1831,0.0,0.0
ZCP4_1832,0.0,0.0
ZCP4_1833,0.0,0.0
ZCP4_1834,4.57857187773848,5.375749202289606
ZCP4_1835,0.0,0.0
ZCP4_1836,0.5267743160385169,0.0
ZCP4_1837,0.0,0.7002525886353329
ZCP4_1838,8.562022762002615,9.487229351775119
ZCP4_1839,0.0,0.0
ZCP4_1840,0.0,0.0
ZCP4_1841,0.0,0.0
ZCP4_1842,0.0,0.0
ZCP4_1843,1.4407040716898207,1.711003353855158
ZCP4_1844,0.0,0.0
ZCP4_1845,0.0,0.0
ZCP4_1846,0.0,0.0
ZCP4_1848,0.0,0.0
ZCP4_1849,0.0,0.0
ZCP4_1850,0.0,0.0
ZCP4_1851,0.0,0.0
ZCP4_1853,3.600398141701718,4.899877879773072
ZCP4_1854,4.102890638404513,5.403341273139027
ZCP4_1855,6.892363704309425,7.066741302345481
ZCP4_1856,5.924015242824285,6.51589618199755
ZCP4_1857,6.831346683580873,7.185666520602803
ZCP4_1858,4.669724540166437,6.087073938196207
ZCP4_1859,8.045792270131836,8.085208952606402
ZCP4_1860,9.112263010885188,9.070463093029721
ZCP4_1861,6.7785024762448485,7.335937152599019
ZCP4_1863,0.0,0.0
ZCP4_1864,0.0,0.0
ZCP4_1865,0.0,0.0
ZCP4_1866,0.0,0.0
ZCP4_1867,0.0,0.0
ZCP4_1868,0.0,0.0
ZCP4_1869,0.11224327212726075,0.1269385723161324
ZCP4_1871,0.0,0.0
ZCP4_1872,0.0,0.0
ZCP4_1873,0.0,0.0
ZCP4_1874,0.0,0.0
ZCP4_1877,4.126260580209666,4.2395152734931045
ZCP4_1878,2.4068136036437777,2.558653746510387
ZCP4_1879,3.278136626652431,4.013335261550591
ZCP4_1880,4.095254837583902,4.838244004145834
ZCP4_1881,3.2971192227335187,4.676149591145293
ZCP4_1883,0.0,0.0
ZCP4_1884,0.0,0.0
ZCP4_1885,0.0,0.0
ZCP4_1886,0.0,0.0
ZCP4_1887,3.527445465500432,3.9294377648410332
ZCP4_1888,5.140920670534407,5.174994047904172
ZCP4_1889,9.976709036163259,11.097310157081578
ZCP4_1890,4.449777487110188,5.397288707906929
ZCP4_1891,0.28971877001721164,1.5341426453844271
ZCP4_1892,0.0,0.0
ZCP4_1894,0.0,0.0
ZCP4_1895,0.0,0.0
ZCP4_1896,0.0,0.0
ZCP4_1897,2.58993708067744,6.005794459638845
ZCP4_1898,4.117007613878962,5.551744903376779
ZCP4_1899,0.5781685681930737,0.0
ZCP4_1900,0.0,0.0
ZCP4_1901,0.5207438211690549,0.5793264265102416
ZCP4_1902,0.0,0.0
ZCP4_1904,0.0,0.0
ZCP4_1907,0.0,0.0
ZCP4_1908,0.0,0.0
ZCP4_1909,0.0,0.0
ZCP4_1910,0.0,0.0
ZCP4_1912,7.189841851408291,7.6161065045534055
ZCP4_1913,6.462075757812659,6.681607260634048
ZCP4_1915,5.104588022939224,6.9040696197770774
ZCP4_1916,6.0370751017458035,7.60542528971158
ZCP4_1918,4.60039698545068,6.085171542672336
ZCP4_1919,4.1624768565834875,5.439730527734623
ZCP4_1923,0.0,0.0
ZCP4_1924,0.0,0.0
ZCP4_1925,0.0,0.0
ZCP4_1926,0.0,0.0
ZCP4_1927,0.0,0.0
ZCP4_1928,0.0,0.0
ZCP4_1929,0.0,0.0
ZCP4_1930,1.2346821753185346,2.489334435124802
ZCP4_1931,10.960201324305853,11.911449270497592
ZCP4_1933,0.0,0.0
ZCP4_1934,0.0,0.0
ZCP4_1935,0.0,0.0
ZCP4_1936,3.8841420735045338,6.5301023582757205
ZCP4_1937,3.062876848704992,5.4961987569223405
ZCP4_1938,4.91286771370537,7.428138123731338
